BOB,ID,Site,Crop,Year,PLZ,Date,Treatment,Depth,Rep,LAP,NAG,GLS,MUP,MUX,date,year,plot_nr,crop,treatment,depth,rep,NH4,NO3,Ntot,yield,yield_type,yield_unit,LTE
BOB_05,698KM253206T1empfohlen60,698,KM,25,3206,T1,empfohlen,60,NA,NA,54.045,304.924,831.166,NA,T1,25,698,KM,empfohlen,60,NA,1.6,7.4,119.1,NA,NA,NA,Fields25
BOB_05,698KM253206T1ueblich30,698,KM,25,3206,T1,ueblich,30,NA,NA,36.015,163.389,53.345,25.234,T1,25,698,KM,ueblich,30,NA,1.3,0,72,NA,NA,NA,Fields25
BOB_06,698KM253206T1empfohlen30,698,KM,25,3206,T1,empfohlen,30,NA,NA,98.774,449.602,877.889,64.048,T1,25,698,KM,empfohlen,30,NA,0.5,15.1,119.1,NA,NA,NA,Fields25
BOB_06,698KM253206T1ueblich60,698,KM,25,3206,T1,ueblich,60,NA,NA,84.003,268.792,57.513,43.989,T1,25,698,KM,ueblich,60,NA,1.7,9,72,NA,NA,NA,Fields25
BOB_09,698KM253206T1null30,698,KM,25,3206,T1,null,30,NA,NA,167.541,407.971,NA,54.338,T1,25,698,KM,null,30,NA,1.5,11.4,110.2,NA,NA,NA,Fields25
BOB_09,698KM253206T1null60,698,KM,25,3206,T1,null,60,NA,NA,5.709,96.002,80.464,48.128,T1,25,698,KM,null,60,NA,1.6,7.9,110.2,NA,NA,NA,Fields25
BOB_05,698KM253206T2empfohlen30,698,KM,25,3206,T2,empfohlen,30,NA,NA,67.075,362.321,801.423,4.006,T2,25,698,KM,empfohlen,30,NA,1.8,19.6,155.2,NA,NA,NA,Fields25
BOB_05,698KM253206T2null30,698,KM,25,3206,T2,null,30,NA,NA,64.958,366.626,832.266,84.838,T2,25,698,KM,null,30,NA,1.1,9.7,94.6,NA,NA,NA,Fields25
BOB_06,698KM253206T2null60,698,KM,25,3206,T2,null,60,NA,NA,58.137,158.145,723.981,38.303,T2,25,698,KM,null,60,NA,0.3,6.9,94.6,NA,NA,NA,Fields25
BOB_06,698KM253206T2ueblich60,698,KM,25,3206,T2,ueblich,60,NA,NA,108.348,445.399,869.105,46.226,T2,25,698,KM,ueblich,60,NA,0.4,12.1,251.5,NA,NA,NA,Fields25
BOB_09,698KM253206T2empfohlen60,698,KM,25,3206,T2,empfohlen,60,NA,NA,104.706,192.148,666.965,38.984,T2,25,698,KM,empfohlen,60,NA,0.7,10.3,155.2,NA,NA,NA,Fields25
BOB_09,698KM253206T2ueblich30,698,KM,25,3206,T2,ueblich,30,NA,NA,125.046,41.01,668.436,68.487,T2,25,698,KM,ueblich,30,NA,1.5,41.3,251.5,NA,NA,NA,Fields25
BOB_05,698KM253206T3empfohlen30,698,KM,25,3206,T3,empfohlen,30,NA,NA,51.178,191.541,192.549,29.151,T3,25,698,KM,empfohlen,30,NA,0.8,8.7,97.2,NA,NA,NA,Fields25
BOB_05,698KM253206T3null60,698,KM,25,3206,T3,null,60,NA,NA,NA,124.875,749.868,27.704,T3,25,698,KM,null,60,NA,0.9,5.8,65.7,NA,NA,NA,Fields25
BOB_06,698KM253206T3ueblich30,698,KM,25,3206,T3,ueblich,30,NA,NA,63.953,283.514,654.852,20.301,T3,25,698,KM,ueblich,30,NA,6.9,4,85.1,NA,NA,NA,Fields25
BOB_06,698KM253206T3ueblich60,698,KM,25,3206,T3,ueblich,60,NA,NA,NA,NA,329.493,49.745,T3,25,698,KM,ueblich,60,NA,1.6,6.1,85.1,NA,NA,NA,Fields25
BOB_09,698KM253206T3empfohlen60,698,KM,25,3206,T3,empfohlen,60,NA,NA,4.805,138.266,585.228,31.865,T3,25,698,KM,empfohlen,60,NA,0.7,7.1,97.2,NA,NA,NA,Fields25
BOB_09,698KM253206T3null30,698,KM,25,3206,T3,null,30,NA,NA,NA,184.357,563.923,17.761,T3,25,698,KM,null,30,NA,1.2,3.9,65.7,NA,NA,NA,Fields25
BOB_05,699KM251562T1null30,699,KM,25,1562,T1,null,30,NA,82.644,41.891,233.598,470.075,28.987,T1,25,699,KM,null,30,NA,0.1,18,141.3,NA,NA,NA,Fields25
BOB_05,699KM251562T1ueblich60,699,KM,25,1562,T1,ueblich,60,NA,157.653,40.071,135.577,357.849,3.366,T1,25,699,KM,ueblich,60,NA,0,10.6,110.3,147.1,grain,dt/ha,Fields25
BOB_06,699KM251562T1empfohlen30,699,KM,25,1562,T1,empfohlen,30,NA,132.315,87.097,227.936,687.467,47.025,T1,25,699,KM,empfohlen,30,NA,0.1,17.5,120.1,138.8,grain,dt/ha,Fields25
BOB_06,699KM251562T1null60,699,KM,25,1562,T1,null,60,NA,NA,NA,NA,NA,NA,T1,25,699,KM,null,60,NA,0.1,14.8,141.3,NA,NA,NA,Fields25
BOB_09,699KM251562T1empfohlen60,699,KM,25,1562,T1,empfohlen,60,NA,206.497,49.815,118.565,60.071,45.279,T1,25,699,KM,empfohlen,60,NA,0.1,12.7,120.1,138.8,grain,dt/ha,Fields25
BOB_09,699KM251562T1ueblich30,699,KM,25,1562,T1,ueblich,30,NA,210.109,10.262,220.133,772.731,69.948,T1,25,699,KM,ueblich,30,NA,0.1,16.5,110.3,147.1,grain,dt/ha,Fields25
BOB_05,699KM251562T2null30,699,KM,25,1562,T2,null,30,NA,303.975,50.362,170.056,560.016,63.964,T2,25,699,KM,null,30,NA,0,20.1,158.8,NA,NA,NA,Fields25
BOB_05,699KM251562T2ueblich60,699,KM,25,1562,T2,ueblich,60,NA,243.002,25.499,113.991,373.571,38.794,T2,25,699,KM,ueblich,60,NA,0,14.4,162.7,147.1,grain,dt/ha,Fields25
BOB_06,699KM251562T2empfohlen30,699,KM,25,1562,T2,empfohlen,30,NA,197.335,7.736,301.599,657.293,57.503,T2,25,699,KM,empfohlen,30,NA,0,23.8,181.1,138.8,grain,dt/ha,Fields25
BOB_06,699KM251562T2null60,699,KM,25,1562,T2,null,60,NA,263.978,38.815,139.654,432.473,32.533,T2,25,699,KM,null,60,NA,0.1,13.7,158.8,NA,NA,NA,Fields25
BOB_09,699KM251562T2empfohlen60,699,KM,25,1562,T2,empfohlen,60,NA,146.026,36.916,140.134,354.333,48.087,T2,25,699,KM,empfohlen,60,NA,0.1,16.6,181.1,138.8,grain,dt/ha,Fields25
BOB_09,699KM251562T2ueblich30,699,KM,25,1562,T2,ueblich,30,NA,229.484,54.123,298.761,624.173,79.274,T2,25,699,KM,ueblich,30,NA,0,20.5,162.7,147.1,grain,dt/ha,Fields25
BOB_05,699KM251562T3null30,699,KM,25,1562,T3,null,30,NA,NA,29.112,227.853,415.171,40.435,T3,25,699,KM,null,30,NA,0.2,7.4,49,NA,NA,NA,Fields25
BOB_05,669KM251562T3null60,669,KM,25,1562,T3,null,60,NA,123.926,32.081,84.462,445.147,47.678,T3,25,669,KM,null,60,NA,NA,NA,NA,NA,NA,NA,Fields25
BOB_06,699KM251562T3empfohlen30,699,KM,25,1562,T3,empfohlen,30,NA,163.716,4.735,8.506,406.112,52.593,T3,25,699,KM,empfohlen,30,NA,0,22.8,112.3,138.8,grain,dt/ha,Fields25
BOB_06,699KM251562T3ueblich30,699,KM,25,1562,T3,ueblich,30,NA,NA,36.969,72.935,406.675,20.668,T3,25,699,KM,ueblich,30,NA,0,24.7,153.7,147.1,grain,dt/ha,Fields25
BOB_09,699KM251562T3empfohlen60,699,KM,25,1562,T3,empfohlen,60,NA,NA,25.737,71.384,30.502,NA,T3,25,699,KM,empfohlen,60,NA,0,7.3,112.3,138.8,grain,dt/ha,Fields25
BOB_09,699KM251562T3ueblich60,699,KM,25,1562,T3,ueblich,60,NA,28.518,45.904,126.667,499.912,47.869,T3,25,699,KM,ueblich,60,NA,0,17.2,153.7,147.1,grain,dt/ha,Fields25
BOB_05,700KM258617T1null30,700,KM,25,8617,T1,null,30,NA,NA,48.765,211.944,709.161,42.975,T1,25,700,KM,null,30,NA,0.9,30.4,145,NA,NA,NA,Fields25
BOB_05,700KM258617T1ueblich60,700,KM,25,8617,T1,ueblich,60,NA,NA,36.146,7.399,462.708,24.557,T1,25,700,KM,ueblich,60,NA,1.8,15.8,212,NA,silo,dt/ha,Fields25
BOB_06,700KM258617T1empfohlen30,700,KM,25,8617,T1,empfohlen,30,NA,NA,52.636,273.396,519.497,40.431,T1,25,700,KM,empfohlen,30,NA,1.5,30,118.1,NA,silo,dt/ha,Fields25
BOB_06,700KM258617T1null60,700,KM,25,8617,T1,null,60,NA,NA,24.004,NA,522.662,18.094,T1,25,700,KM,null,60,NA,1.5,10.5,145,NA,NA,NA,Fields25
BOB_09,700KM258617T1empfohlen60,700,KM,25,8617,T1,empfohlen,60,NA,NA,33.127,72.767,496.532,30.646,T1,25,700,KM,empfohlen,60,NA,1.3,10.5,118.1,NA,silo,dt/ha,Fields25
BOB_09,700KM258617T1ueblich30,700,KM,25,8617,T1,ueblich,30,NA,NA,61.537,251.303,689.695,4.622,T1,25,700,KM,ueblich,30,NA,1.4,44.1,212,NA,silo,dt/ha,Fields25
BOB_05,700KM258617T2null30,700,KM,25,8617,T2,null,30,NA,NA,33.331,103.978,666.692,22.667,T2,25,700,KM,null,30,NA,0.2,35.6,195.9,NA,NA,NA,Fields25
BOB_05,700KM258617T2ueblich60,700,KM,25,8617,T2,ueblich,60,NA,NA,20.121,54.234,312.655,19.766,T2,25,700,KM,ueblich,60,NA,0.9,22.1,263.3,NA,silo,dt/ha,Fields25
BOB_06,700KM258617T2empfohlen30,700,KM,25,8617,T2,empfohlen,30,NA,NA,64.171,299.758,764.462,43.152,T2,25,700,KM,empfohlen,30,NA,0.1,30.5,176.8,NA,silo,dt/ha,Fields25
BOB_06,700KM258617T2null60,700,KM,25,8617,T2,null,60,NA,NA,24.712,68.471,33.052,20.017,T2,25,700,KM,null,60,NA,0.3,15.5,195.9,NA,NA,NA,Fields25
BOB_09,700KM258617T2empfohlen60,700,KM,25,8617,T2,empfohlen,60,NA,NA,28.432,91.655,479.243,23.075,T2,25,700,KM,empfohlen,60,NA,0.6,15.3,176.8,NA,silo,dt/ha,Fields25
BOB_09,700KM258617T2ueblich30,700,KM,25,8617,T2,ueblich,30,NA,NA,42.671,254.794,445.447,28.265,T2,25,700,KM,ueblich,30,NA,0.5,45.8,263.3,NA,silo,dt/ha,Fields25
BOB_05,700KM258617T3empfohlen30,700,KM,25,8617,T3,empfohlen,30,NA,NA,54.252,185.608,635.415,64.873,T3,25,700,KM,empfohlen,30,NA,1,13.2,71.7,NA,silo,dt/ha,Fields25
BOB_05,700KM258617T3empfohlen60,700,KM,25,8617,T3,empfohlen,60,NA,NA,21.269,NA,237.571,44.925,T3,25,700,KM,empfohlen,60,NA,2,3.8,71.7,NA,silo,dt/ha,Fields25
BOB_06,700KM258617T3null30,700,KM,25,8617,T3,null,30,NA,NA,30.685,183.747,711.219,36.266,T3,25,700,KM,null,30,NA,0.4,13.9,70.2,NA,NA,NA,Fields25
BOB_06,700KM258617T3ueblich60,700,KM,25,8617,T3,ueblich,60,NA,NA,NA,235.782,479.668,56.631,T3,25,700,KM,ueblich,60,NA,1.9,5.4,82.8,NA,silo,dt/ha,Fields25
BOB_09,700KM258617T3null60,700,KM,25,8617,T3,null,60,NA,NA,56.655,191.041,434.583,86.422,T3,25,700,KM,null,60,NA,1,4.3,70.2,NA,NA,NA,Fields25
BOB_09,700KM258617T3ueblich30,700,KM,25,8617,T3,ueblich,30,NA,NA,37.206,161.653,509.695,35.759,T3,25,700,KM,ueblich,30,NA,0.7,15.3,82.8,NA,silo,dt/ha,Fields25
BOB_05,701SM251485T1null30,701,SM,25,1485,T1,null,30,NA,NA,114.369,37.042,791.843,100.529,T1,25,701,SM,null,30,NA,0.3,3.3,54.6,NA,NA,NA,Fields25
BOB_05,701SM251485T1ueblich60,701,SM,25,1485,T1,ueblich,60,NA,NA,45.637,102.897,524.233,21.683,T1,25,701,SM,ueblich,60,NA,0.3,4.3,68.5,169.2,silo,dt/ha,Fields25
BOB_06,701SM251485T1empfohlen30,701,SM,25,1485,T1,empfohlen,30,NA,NA,172.365,450.673,717.938,73.607,T1,25,701,SM,empfohlen,30,NA,1,16.2,90.5,167.8,silo,dt/ha,Fields25
BOB_06,701SM251485T1null60,701,SM,25,1485,T1,null,60,NA,NA,68.245,9.468,497.197,46.394,T1,25,701,SM,null,60,NA,0.1,1.5,54.6,NA,NA,NA,Fields25
BOB_09,701SM251485T1empfohlen60,701,SM,25,1485,T1,empfohlen,60,NA,NA,103.747,11.567,623.604,118.223,T1,25,701,SM,empfohlen,60,NA,0.3,4.6,90.5,167.8,silo,dt/ha,Fields25
BOB_09,701SM251485T1ueblich30,701,SM,25,1485,T1,ueblich,30,NA,NA,23.974,511.144,NA,74.742,T1,25,701,SM,ueblich,30,NA,0.1,1.1,68.5,169.2,silo,dt/ha,Fields25
BOB_05,701SM251485T2null30,701,SM,25,1485,T2,null,30,NA,NA,90.588,365.506,NA,50.684,T2,25,701,SM,null,30,NA,0.8,6.1,56.7,NA,NA,NA,Fields25
BOB_05,701SM251485T2ueblich60,701,SM,25,1485,T2,ueblich,60,NA,NA,65.811,151.857,709.785,33.379,T2,25,701,SM,ueblich,60,NA,0.4,7.3,148.2,169.2,silo,dt/ha,Fields25
BOB_06,701SM251485T2empfohlen30,701,SM,25,1485,T2,empfohlen,30,NA,NA,97.546,291.725,875.278,54.517,T2,25,701,SM,empfohlen,30,NA,1.3,18.4,130,167.8,silo,dt/ha,Fields25
BOB_06,701SM251485T2null60,701,SM,25,1485,T2,null,60,NA,NA,42.121,149.755,642.286,26.908,T2,25,701,SM,null,60,NA,0.7,3.7,56.7,NA,NA,NA,Fields25
BOB_09,701SM251485T2empfohlen60,701,SM,25,1485,T2,empfohlen,60,NA,NA,51.972,204.087,651.145,2.496,T2,25,701,SM,empfohlen,60,NA,0.5,8.5,130,167.8,silo,dt/ha,Fields25
BOB_09,701SM251485T2ueblich30,701,SM,25,1485,T2,ueblich,30,NA,NA,122.769,386.047,912.077,49.976,T2,25,701,SM,ueblich,30,NA,1.8,23.4,148.2,169.2,silo,dt/ha,Fields25
BOB_05,701SM251485T3null30,701,SM,25,1485,T3,null,30,NA,NA,109.292,498.447,986.052,48.834,T3,25,701,SM,null,30,NA,2.6,2.4,22.6,NA,NA,NA,Fields25
BOB_05,701SM251485T3ueblich30,701,SM,25,1485,T3,ueblich,30,NA,NA,91.234,279.351,90.397,47.898,T3,25,701,SM,ueblich,30,NA,1.9,5.3,33.3,169.2,silo,dt/ha,Fields25
BOB_06,701SM251485T3empfohlen60,701,SM,25,1485,T3,empfohlen,60,NA,NA,42.694,146.124,719.673,33.255,T3,25,701,SM,empfohlen,60,NA,0.5,0.6,32.8,167.8,silo,dt/ha,Fields25
BOB_06,701SM251485T3ueblich60,701,SM,25,1485,T3,ueblich,60,NA,NA,32.585,120.584,680.467,22.759,T3,25,701,SM,ueblich,60,NA,0.4,0.9,33.3,169.2,silo,dt/ha,Fields25
BOB_09,701SM251485T3empfohlen30,701,SM,25,1485,T3,empfohlen,30,NA,NA,7.246,338.774,85.3,38.702,T3,25,701,SM,empfohlen,30,NA,2.4,4.9,32.8,167.8,silo,dt/ha,Fields25
BOB_09,701SM251485T3null60,701,SM,25,1485,T3,null,60,NA,NA,34.243,72.965,450.727,17.484,T3,25,701,SM,null,60,NA,0.6,0,22.6,NA,NA,NA,Fields25
BOB_05,702SM251725T1null30,702,SM,25,1725,T1,null,30,NA,NA,NA,NA,NA,NA,T1,25,702,SM,null,30,NA,0.6,11.9,73.2,NA,NA,NA,Fields25
BOB_05,702SM251725T1ueblich60,702,SM,25,1725,T1,ueblich,60,NA,NA,6.176,135.366,545.154,44.024,T1,25,702,SM,ueblich,60,NA,0.2,4.9,137.6,208.6,silo,dt/ha,Fields25
BOB_06,702SM251725T1empfohlen30,702,SM,25,1725,T1,empfohlen,30,NA,NA,NA,NA,NA,NA,T1,25,702,SM,empfohlen,30,NA,7,18.9,117.7,160.7,silo,dt/ha,Fields25
BOB_06,702SM251725T1null60,702,SM,25,1725,T1,null,60,NA,NA,90.209,411.716,558.644,55.742,T1,25,702,SM,null,60,NA,0.3,5.1,73.2,NA,NA,NA,Fields25
BOB_09,702SM251725T1empfohlen60,702,SM,25,1725,T1,empfohlen,60,NA,NA,76.178,132.988,556.287,44.751,T1,25,702,SM,empfohlen,60,NA,0.2,4.3,117.7,160.7,silo,dt/ha,Fields25
BOB_09,702SM251725T1ueblich30,702,SM,25,1725,T1,ueblich,30,NA,NA,21.015,605.899,NA,107.929,T1,25,702,SM,ueblich,30,NA,6.6,23.2,137.6,208.6,silo,dt/ha,Fields25
BOB_05,702SM251725T2null30,702,SM,25,1725,T2,null,30,NA,NA,177.115,497.342,895.919,65.501,T2,25,702,SM,null,30,NA,1.4,10.9,92.7,NA,NA,NA,Fields25
BOB_05,702SM251725T2ueblich60,702,SM,25,1725,T2,ueblich,60,NA,NA,56.635,193.609,668.092,46.715,T2,25,702,SM,ueblich,60,NA,0.4,9.8,113.5,208.6,silo,dt/ha,Fields25
BOB_06,702SM251725T2empfohlen30,702,SM,25,1725,T2,empfohlen,30,NA,NA,181.438,578.676,869.434,112.842,T2,25,702,SM,empfohlen,30,NA,1.2,15.6,121.9,160.7,silo,dt/ha,Fields25
BOB_06,702SM251725T2null60,702,SM,25,1725,T2,null,60,NA,NA,66.002,218.521,480.613,49.416,T2,25,702,SM,null,60,NA,0.5,6,92.7,NA,NA,NA,Fields25
BOB_09,702SM251725T2empfohlen60,702,SM,25,1725,T2,empfohlen,60,NA,NA,83.216,303.166,530.017,54.469,T2,25,702,SM,empfohlen,60,NA,0.3,11.1,121.9,160.7,silo,dt/ha,Fields25
BOB_09,702SM251725T2ueblich30,702,SM,25,1725,T2,ueblich,30,NA,NA,122.507,329.837,759.465,249.969,T2,25,702,SM,ueblich,30,NA,1.8,10.9,113.5,208.6,silo,dt/ha,Fields25
BOB_05,702SM251725T3null30,702,SM,25,1725,T3,null,30,NA,NA,112.392,324.967,928.174,85.324,T3,25,702,SM,null,30,NA,3.3,8,48.4,NA,NA,NA,Fields25
BOB_05,702SM251725T3ueblich60,702,SM,25,1725,T3,ueblich,60,NA,NA,42.604,90.745,331.974,26.224,T3,25,702,SM,ueblich,60,NA,0.4,1.8,59.9,208.6,silo,dt/ha,Fields25
BOB_06,702SM251725T3empfohlen30,702,SM,25,1725,T3,empfohlen,30,NA,NA,153.001,503.106,NA,71.268,T3,25,702,SM,empfohlen,30,NA,2.5,6.6,35.8,160.7,silo,dt/ha,Fields25
BOB_06,702SM251725T3null60,702,SM,25,1725,T3,null,60,NA,NA,63.468,150.533,431.568,26.718,T3,25,702,SM,null,60,NA,0.3,0.6,48.4,NA,NA,NA,Fields25
BOB_09,702SM251725T3empfohlen60,702,SM,25,1725,T3,empfohlen,60,NA,NA,61.074,154.839,638.802,83.311,T3,25,702,SM,empfohlen,60,NA,0.3,0,35.8,160.7,silo,dt/ha,Fields25
BOB_09,702SM251725T3ueblich30,702,SM,25,1725,T3,ueblich,30,NA,NA,128.521,27.603,993.067,64.362,T3,25,702,SM,ueblich,30,NA,0.7,1.4,59.9,208.6,silo,dt/ha,Fields25
BOB_05,703SM258356T2null30,703,SM,25,8356,T2,null,30,NA,NA,78.445,299.996,508.625,92.493,T2,25,703,SM,null,30,NA,0.4,17.4,97.7,NA,NA,NA,Fields25
BOB_05,703SM258356T2empfohlen30,703,SM,25,8356,T2,empfohlen,30,NA,94.622,123.039,580.114,496.726,95.069,T2,25,703,SM,empfohlen,30,NA,0.9,16.5,105.8,197.6,silo,dt/ha,Fields25
BOB_05,703SM258356T2ueblich60_naechsterTag,703,SM,25,8356,T2,ueblich,60,naechsterTag,NA,42.629,357.276,815.995,43.068,T2,25,703,SM,ueblich,60,naechsterTag,0.4,8.3,108.4,186,silo,dt/ha,Fields25
BOB_06,703SM258356T2empfohlen60,703,SM,25,8356,T2,empfohlen,60,NA,153.458,83.851,282.411,633.426,47.859,T2,25,703,SM,empfohlen,60,NA,0.5,6.2,105.8,197.6,silo,dt/ha,Fields25
BOB_06,703SM258356T2ueblich60_ersterVersuch,703,SM,25,8356,T2,ueblich,60,ersterVersuch,NA,5.807,240.514,NA,31.506,T2,25,703,SM,ueblich,60,ersterVersuch,0.4,8.3,108.4,186,silo,dt/ha,Fields25
BOB_09,703SM258356T2null60,703,SM,25,8356,T2,null,60,NA,212.406,66.621,223.401,429.674,60.863,T2,25,703,SM,null,60,NA,0.4,6.5,97.7,NA,NA,NA,Fields25
BOB_09,703SM258356T2ueblich30,703,SM,25,8356,T2,ueblich,30,NA,157.644,152.789,579.297,964.763,121.055,T2,25,703,SM,ueblich,30,NA,0.4,17.2,108.4,186,silo,dt/ha,Fields25
BOB_05,703SM258356T3empfohlen60,703,SM,25,8356,T3,empfohlen,60,NA,NA,118.554,186.753,9.241,32.624,T3,25,703,SM,empfohlen,60,NA,NA,NA,NA,197.6,silo,dt/ha,Fields25
BOB_05,703SM258356T3ueblich60,703,SM,25,8356,T3,ueblich,60,NA,NA,21.963,112.123,282.899,NA,T3,25,703,SM,ueblich,60,NA,NA,NA,NA,186,silo,dt/ha,Fields25
BOB_06,703SM258356T3empfohlen30,703,SM,25,8356,T3,empfohlen,30,NA,NA,75.377,303.933,612.887,36.888,T3,25,703,SM,empfohlen,30,NA,NA,NA,NA,197.6,silo,dt/ha,Fields25
BOB_06,703SM258356T3null60,703,SM,25,8356,T3,null,60,NA,NA,27.377,122.918,148.665,26.611,T3,25,703,SM,null,60,NA,NA,NA,NA,NA,NA,NA,Fields25
BOB_09,703SM258356T3null30,703,SM,25,8356,T3,null,30,NA,NA,80.013,398.965,127.964,24.493,T3,25,703,SM,null,30,NA,NA,NA,NA,NA,NA,NA,Fields25
BOB_09,703SM258356T3ueblich30,703,SM,25,8356,T3,ueblich,30,NA,125.221,9.164,146.562,967.005,69.031,T3,25,703,SM,ueblich,30,NA,NA,NA,NA,186,silo,dt/ha,Fields25
BOB_05,704SM258472T1null30,704,SM,25,8472,T1,null,30,NA,NA,54.684,312.176,660.184,57.564,T1,25,704,SM,null,30,NA,0.7,16,109.4,NA,NA,NA,Fields25
BOB_05,704SM258472T1ueblich60,704,SM,25,8472,T1,ueblich,60,NA,NA,21.219,116.406,226.777,16.424,T1,25,704,SM,ueblich,60,NA,1.3,7.3,104.6,182.3,silo,dt/ha,Fields25
BOB_06,704SM258472T1empfohlen30,704,SM,25,8472,T1,empfohlen,30,NA,NA,138.142,200.346,480.279,30.853,T1,25,704,SM,empfohlen,30,NA,1.6,12.4,90.3,NA,NA,NA,Fields25
BOB_06,704SM258472T1null60,704,SM,25,8472,T1,null,60,NA,NA,NA,70.591,346.344,17.216,T1,25,704,SM,null,60,NA,1.6,7,109.4,NA,NA,NA,Fields25
BOB_09,704SM258472T1empfohlen60,704,SM,25,8472,T1,empfohlen,60,NA,NA,22.353,97.007,41.458,17.502,T1,25,704,SM,empfohlen,60,NA,2,5.9,90.3,NA,NA,NA,Fields25
BOB_09,704SM258472T1ueblich30,704,SM,25,8472,T1,ueblich,30,NA,NA,61.646,21.844,56.103,36.353,T1,25,704,SM,ueblich,30,NA,0.7,14.6,104.6,182.3,silo,dt/ha,Fields25
BOB_05,704SM258472T2null30,704,SM,25,8472,T2,null,30,NA,74.533,7.897,268.274,515.401,49.646,T2,25,704,SM,null,30,NA,0.1,18.9,143.5,NA,NA,NA,Fields25
BOB_05,704SM258472T2ueblich60,704,SM,25,8472,T2,ueblich,60,NA,120.629,31.548,145.338,42.451,NA,T2,25,704,SM,ueblich,60,NA,0.5,18.2,265.2,182.3,silo,dt/ha,Fields25
BOB_06,704SM258472T2empfohlen30,704,SM,25,8472,T2,empfohlen,30,NA,78.247,63.714,442.702,641.113,71.366,T2,25,704,SM,empfohlen,30,NA,0,24.6,159.6,NA,NA,NA,Fields25
BOB_06,704SM258472T2ueblich30,704,SM,25,8472,T2,ueblich,30,NA,NA,50.452,261.396,597.063,44.769,T2,25,704,SM,ueblich,30,NA,0.6,41.9,265.2,182.3,silo,dt/ha,Fields25
BOB_09,704SM258472T2empfohlen60,704,SM,25,8472,T2,empfohlen,60,NA,111.952,51.678,162.451,370.437,117.099,T2,25,704,SM,empfohlen,60,NA,0.1,12.6,159.6,NA,NA,NA,Fields25
BOB_09,704SM258472T2null60,704,SM,25,8472,T2,null,60,NA,81.166,37.618,115.676,614.691,34.691,T2,25,704,SM,null,60,NA,0.3,11.9,143.5,NA,NA,NA,Fields25
BOB_05,704SM258472T3empfohlen60,704,SM,25,8472,T3,empfohlen,60,NA,NA,24.072,79.634,630.161,20.827,T3,25,704,SM,empfohlen,60,NA,0.3,5.7,62.2,NA,NA,NA,Fields25
BOB_05,704SM258472T3ueblich60,704,SM,25,8472,T3,ueblich,60,NA,NA,26.068,74.736,512.245,17.251,T3,25,704,SM,ueblich,60,NA,0.4,8.3,113.3,182.3,silo,dt/ha,Fields25
BOB_06,704SM258472T3empfohlen30,704,SM,25,8472,T3,empfohlen,30,NA,NA,38.368,251.017,609.202,32.195,T3,25,704,SM,empfohlen,30,NA,0.3,11.3,62.2,NA,NA,NA,Fields25
BOB_06,704SM258472T3ueblich30,704,SM,25,8472,T3,ueblich,30,NA,81.765,47.582,288.685,709.455,77.328,T3,25,704,SM,ueblich,30,NA,0.2,16.9,113.3,182.3,silo,dt/ha,Fields25
BOB_09,704SM258472T3null30,704,SM,25,8472,T3,null,30,NA,NA,27.152,164.548,577.919,37.807,T3,25,704,SM,null,30,NA,0.2,9.9,61,NA,NA,NA,Fields25
BOB_09,704SM258472T3null60,704,SM,25,8472,T3,null,60,NA,NA,28.755,239.833,644.758,36.639,T3,25,704,SM,null,60,NA,0.4,7,61,NA,NA,NA,Fields25
BOB_05,705SM258479T1null30,705,SM,25,8479,T1,null,30,NA,121.691,62.273,216.077,711.248,44.746,T1,25,705,SM,null,30,NA,0,12.8,82.3,NA,NA,NA,Fields25
BOB_05,705SM258479T1ueblich60,705,SM,25,8479,T1,ueblich,60,NA,23.214,36.941,10.155,426.344,28.842,T1,25,705,SM,ueblich,60,NA,0,5.2,82.2,198.7,silo,dt/ha,Fields25
BOB_06,705SM258479T1empfohlen30,705,SM,25,8479,T1,empfohlen,30,NA,115.831,69.632,272.346,970.628,45.356,T1,25,705,SM,empfohlen,30,NA,0,12.1,79.6,191.7,silo,dt/ha,Fields25
BOB_06,705SM258479T1null60,705,SM,25,8479,T1,null,60,NA,150.051,33.809,120.409,520.081,28.296,T1,25,705,SM,null,60,NA,0,5.3,82.3,NA,NA,NA,Fields25
BOB_09,705SM258479T1empfohlen60,705,SM,25,8479,T1,empfohlen,60,NA,96.899,40.116,131.073,467.703,4.569,T1,25,705,SM,empfohlen,60,NA,0,5.1,79.6,191.7,silo,dt/ha,Fields25
BOB_09,705SM258479T1ueblich30,705,SM,25,8479,T1,ueblich,30,NA,22.284,6.308,384.736,713.168,48.956,T1,25,705,SM,ueblich,30,NA,0,12.7,82.2,198.7,silo,dt/ha,Fields25
BOB_05,705SM258479T2null30,705,SM,25,8479,T2,null,30,NA,NA,40.441,230.684,572.471,41.902,T2,25,705,SM,null,30,NA,0.1,13.2,102.6,NA,NA,NA,Fields25
BOB_05,705SM258479T2ueblich60,705,SM,25,8479,T2,ueblich,60,NA,180.567,33.884,77.324,99.472,28.656,T2,25,705,SM,ueblich,60,NA,0.1,8.7,165,198.7,silo,dt/ha,Fields25
BOB_06,705SM258479T2empfohlen30,705,SM,25,8479,T2,empfohlen,30,NA,NA,99.534,331.569,674.607,45.959,T2,25,705,SM,empfohlen,30,NA,0.4,30.4,192.9,191.7,silo,dt/ha,Fields25
BOB_06,705SM258479T2null60,705,SM,25,8479,T2,null,60,NA,72.201,4.528,111.035,473.841,3.072,T2,25,705,SM,null,60,NA,0.1,6.9,102.6,NA,NA,NA,Fields25
BOB_09,705SM258479T2empfohlen60,705,SM,25,8479,T2,empfohlen,60,NA,NA,58.074,142.501,299.313,23.057,T2,25,705,SM,empfohlen,60,NA,0.4,9.8,192.9,191.7,silo,dt/ha,Fields25
BOB_09,705SM258479T2ueblich30,705,SM,25,8479,T2,ueblich,30,NA,277.633,61.252,328.914,571.544,68.758,T2,25,705,SM,ueblich,30,NA,0.1,29.5,165,198.7,silo,dt/ha,Fields25
BOB_05,705SM258479T3empfohlen30,705,SM,25,8479,T3,empfohlen,30,NA,NA,71.503,252.636,793.627,26.706,T3,25,705,SM,empfohlen,30,NA,0.9,3.5,24.3,191.7,silo,dt/ha,Fields25
BOB_05,705SM258479T3ueblich60,705,SM,25,8479,T3,ueblich,60,NA,11.607,28.323,80.535,586.087,15.115,T3,25,705,SM,ueblich,60,NA,0.6,1.9,37.4,198.7,silo,dt/ha,Fields25
BOB_06,705SM258479T3ueblich30,705,SM,25,8479,T3,ueblich,30,NA,286.121,54.487,330.782,671.324,36.184,T3,25,705,SM,ueblich,30,NA,0.4,6.2,37.4,198.7,silo,dt/ha,Fields25
BOB_06,705SM258479T3empfohlen60,705,SM,25,8479,T3,empfohlen,60,NA,NA,6.935,152.412,506.583,19.215,T3,25,705,SM,empfohlen,60,NA,0.5,0.6,24.3,191.7,silo,dt/ha,Fields25
BOB_09,705SM258479T3null60,705,SM,25,8479,T3,null,60,NA,92.121,2.613,83.343,610.612,26.924,T3,25,705,SM,null,60,NA,0.5,0.8,21.9,NA,NA,NA,Fields25
BOB_09,705SM258479T3null30,705,SM,25,8479,T3,null,30,NA,NA,65.217,26.854,602.635,21.423,T3,25,705,SM,null,30,NA,0.5,4,21.9,NA,NA,NA,Fields25
BOB_05,706SM254566T1null30,706,SM,25,4566,T1,null,30,NA,NA,157.131,404.145,824.231,50.198,T1,25,706,SM,null,30,NA,0.6,11.4,67.2,NA,NA,NA,Fields25
BOB_05,706SM254566T1ueblich60,706,SM,25,4566,T1,ueblich,60,NA,NA,77.734,285.884,595.213,47.849,T1,25,706,SM,ueblich,60,NA,0.3,10.2,59.3,NA,NA,NA,Fields25
BOB_06,706SM254566T1empfohlen60,706,SM,25,4566,T1,empfohlen,60,NA,NA,91.801,239.796,799.511,46.029,T1,25,706,SM,empfohlen,60,NA,0.3,4.2,60.2,NA,silo,dt/ha,Fields25
BOB_06,706SM254566T1null60,706,SM,25,4566,T1,null,60,NA,NA,81.706,165.719,725.805,31.899,T1,25,706,SM,null,60,NA,0.6,4,67.2,NA,NA,NA,Fields25
BOB_09,706SM254566T1empfohlen30,706,SM,25,4566,T1,empfohlen,30,NA,NA,137.067,451.344,980.648,65.813,T1,25,706,SM,empfohlen,30,NA,0.4,10,60.2,NA,silo,dt/ha,Fields25
BOB_09,706SM254566T1ueblich30,706,SM,25,4566,T1,ueblich,30,NA,NA,143.489,403.525,974.552,6.922,T1,25,706,SM,ueblich,30,NA,0.9,4,59.3,NA,NA,NA,Fields25
BOB_05,706SM254566T2null30,706,SM,25,4566,T2,null,30,NA,NA,179.409,429.815,60.811,58.956,T2,25,706,SM,null,30,NA,2.8,20,136.4,NA,NA,NA,Fields25
BOB_05,706SM254566T2null60,706,SM,25,4566,T2,null,60,NA,NA,110.179,303.715,84.592,47.829,T2,25,706,SM,null,60,NA,1.2,8.4,136.4,NA,NA,NA,Fields25
BOB_06,706SM254566T2ueblich30,706,SM,25,4566,T2,ueblich,30,NA,NA,131.377,721.696,906.641,71.823,T2,25,706,SM,ueblich,30,NA,6.9,51.1,350.3,NA,NA,NA,Fields25
BOB_06,706SM254566T2ueblich60,706,SM,25,4566,T2,ueblich,60,NA,NA,79.889,29.799,700.536,31.515,T2,25,706,SM,ueblich,60,NA,1.8,13.1,350.3,NA,NA,NA,Fields25
BOB_09,706SM254566T2empfohlen30,706,SM,25,4566,T2,empfohlen,30,NA,NA,166.659,605.255,747.967,61.786,T2,25,706,SM,empfohlen,30,NA,3.8,32.5,220.7,NA,silo,dt/ha,Fields25
BOB_09,706SM254566T2empfohlen60,706,SM,25,4566,T2,empfohlen,60,NA,NA,74.146,244.099,709.974,52.564,T2,25,706,SM,empfohlen,60,NA,1.1,10.7,220.7,NA,silo,dt/ha,Fields25
BOB_05,706SM254566T3ueblich30,706,SM,25,4566,T3,ueblich,30,NA,NA,67.627,378.747,943.418,39.288,T3,25,706,SM,ueblich,30,NA,2.9,18.1,105,NA,NA,NA,Fields25
BOB_05,706SM254566T3ueblich60,706,SM,25,4566,T3,ueblich,60,NA,NA,56.346,210.644,717.046,24.915,T3,25,706,SM,ueblich,60,NA,0.9,7.5,105,NA,NA,NA,Fields25
BOB_06,706SM254566T3empfohlen60,706,SM,25,4566,T3,empfohlen,60,NA,NA,87.557,278.546,858.289,57.444,T3,25,706,SM,empfohlen,60,NA,0.6,4.8,74.2,NA,silo,dt/ha,Fields25
BOB_06,706SM254566T3null60,706,SM,25,4566,T3,null,60,NA,NA,61.958,219.571,821.468,25.484,T3,25,706,SM,null,60,NA,0.7,3.8,66.2,NA,NA,NA,Fields25
BOB_09,706SM254566T3empfohlen30,706,SM,25,4566,T3,empfohlen,30,NA,NA,110.721,318.283,744.717,60.922,T3,25,706,SM,empfohlen,30,NA,1.7,13.6,74.2,NA,silo,dt/ha,Fields25
BOB_09,706SM254566T3null30,706,SM,25,4566,T3,null,30,NA,NA,84.253,402.461,878.694,44.901,T3,25,706,SM,null,30,NA,1.6,12.3,66.2,NA,NA,NA,Fields25
BOB_05,707SM256034T1empfohlen30,707,SM,25,6034,T1,empfohlen,30,NA,NA,39.894,201.229,522.184,27.526,T1,25,707,SM,empfohlen,30,NA,2.7,9.4,64.8,NA,silo,dt/ha,Fields25
BOB_05,707SM256034T1empfohlen60,707,SM,25,6034,T1,empfohlen,60,NA,111.441,23.531,23.303,91.714,13.991,T1,25,707,SM,empfohlen,60,NA,0.9,1.1,64.8,NA,silo,dt/ha,Fields25
BOB_05,707SM256034T1hofduenger30,707,SM,25,6034,T1,hofduenger,30,NA,203.342,55.012,15.601,501.925,49.365,T1,25,707,SM,hofduenger,30,NA,7.4,12.3,92.3,NA,NA,NA,Fields25
BOB_06,707SM256034T1hofduenger60,707,SM,25,6034,T1,hofduenger,60,NA,110.267,NA,NA,NA,15.094,T1,25,707,SM,hofduenger,60,NA,0.8,1.2,92.3,NA,NA,NA,Fields25
BOB_06,707SM256034T1null60,707,SM,25,6034,T1,null,60,NA,174.308,28.995,30.208,332.754,20.217,T1,25,707,SM,null,60,NA,0.7,1.3,84.3,NA,NA,NA,Fields25
BOB_06,707SM256034T1ueblich60,707,SM,25,6034,T1,ueblich,60,NA,137.994,35.887,31.574,283.666,15.486,T1,25,707,SM,ueblich,60,NA,1.1,1.5,76.2,NA,silo,dt/ha,Fields25
BOB_09,707SM256034T1null30,707,SM,25,6034,T1,null,30,NA,210.999,49.783,149.182,505.851,47.261,T1,25,707,SM,null,30,NA,4.3,10.2,84.3,NA,NA,NA,Fields25
BOB_09,707SM256034T1ueblich30,707,SM,25,6034,T1,ueblich,30,NA,254.598,56.296,194.914,42.346,34.358,T1,25,707,SM,ueblich,30,NA,3.4,10.2,76.2,NA,silo,dt/ha,Fields25
BOB_09,707SM256034T1ueblich60,707,SM,25,6034,T1,ueblich,60,NA,188.664,39.119,53.646,363.432,29.651,T1,25,707,SM,ueblich,60,NA,1.1,1.5,76.2,NA,silo,dt/ha,Fields25
BOB_05,707SM259469T2hofduenger30,707,SM,25,9469,T2,hofduenger,30,NA,NA,37.843,134.666,287.533,26.091,T2,25,707,SM,hofduenger,30,NA,1.8,21,118.9,NA,NA,NA,Fields25
BOB_05,707SM259469T2ueblich30,707,SM,25,9469,T2,ueblich,30,NA,175.135,52.943,215.965,544.827,41.477,T2,25,707,SM,ueblich,30,NA,2.6,20.4,120.8,NA,silo,dt/ha,Fields25
BOB_05,707SM259469T2ueblich60,707,SM,25,9469,T2,ueblich,60,NA,145.415,20.671,41.462,29.299,22.687,T2,25,707,SM,ueblich,60,NA,0.2,4.6,120.8,NA,silo,dt/ha,Fields25
BOB_06,707SM259469T2empfohlen30,707,SM,25,9469,T2,empfohlen,30,NA,104.839,57.941,248.686,532.135,41.128,T2,25,707,SM,empfohlen,30,NA,1.5,25.8,141.6,NA,silo,dt/ha,Fields25
BOB_06,707SM259469T2hofduenger60,707,SM,25,9469,T2,hofduenger,60,NA,134.297,NA,2.806,180.513,24.056,T2,25,707,SM,hofduenger,60,NA,0.4,6.6,118.9,NA,NA,NA,Fields25
BOB_06,707SM259469T2null60,707,SM,25,9469,T2,null,60,NA,192.961,28.427,57.143,274.691,31.024,T2,25,707,SM,null,60,NA,0.3,3.9,91.1,NA,NA,NA,Fields25
BOB_09,707SM259469T2empfohlen60,707,SM,25,9469,T2,empfohlen,60,NA,121.555,NA,31.594,246.619,17.463,T2,25,707,SM,empfohlen,60,NA,0.4,6.8,141.6,NA,silo,dt/ha,Fields25
BOB_09,707SM259469T2null30,707,SM,25,9469,T2,null,30,NA,256.323,49.817,199.144,653.379,30.733,T2,25,707,SM,null,30,NA,1.5,15.5,91.1,NA,NA,NA,Fields25
BOB_05,707SM259469T5empfohlen30,707,SM,25,9469,T2.5,empfohlen,30,NA,220.768,66.741,216.112,661.188,42.075,T2.5,25,707,SM,empfohlen,30,NA,3.4,3.7,38.7,NA,silo,dt/ha,Fields25
BOB_05,707SM259469T5null60,707,SM,25,9469,T2.5,null,60,NA,124.753,NA,20.561,188.048,15.855,T2.5,25,707,SM,null,60,NA,0.6,1.5,37.7,NA,NA,NA,Fields25
BOB_06,707SM259469T5empfohlen60,707,SM,25,9469,T2.5,empfohlen,60,NA,162.041,24.291,26.092,305.713,15.672,T2.5,25,707,SM,empfohlen,60,NA,0.7,1.7,38.7,NA,silo,dt/ha,Fields25
BOB_06,707SM259469T5ueblich30,707,SM,25,9469,T2.5,ueblich,30,NA,215.698,83.399,229.687,728.736,59.175,T2.5,25,707,SM,ueblich,30,NA,4.2,7.7,64.5,NA,silo,dt/ha,Fields25
BOB_09,707SM259469T5null30,707,SM,25,9469,T2.5,null,30,NA,186.828,84.936,145.195,622.218,30.066,T2.5,25,707,SM,null,30,NA,3.5,3.8,37.7,NA,NA,NA,Fields25
BOB_09,707SM259469T5ueblich60,707,SM,25,9469,T2.5,ueblich,60,NA,125.289,22.585,22.783,297.507,18.187,T2.5,25,707,SM,ueblich,60,NA,0.8,3.6,64.5,NA,silo,dt/ha,Fields25
BOB_05,707SM259469T3null60,707,SM,25,9469,T3,null,60,NA,NA,26.316,61.343,NA,1.717,T3,25,707,SM,null,60,NA,0.6,1.8,48.1,NA,NA,NA,Fields25
BOB_05,707SM259469T3ueblich30,707,SM,25,9469,T3,ueblich,30,NA,143.722,41.257,114.449,578.285,30.434,T3,25,707,SM,ueblich,30,NA,2.3,8.1,56.3,NA,silo,dt/ha,Fields25
BOB_06,707SM259469T3empfohlen60,707,SM,25,9469,T3,empfohlen,60,NA,161.424,4.655,35.065,NA,24.589,T3,25,707,SM,empfohlen,60,NA,0.5,3.1,60.1,NA,silo,dt/ha,Fields25
BOB_06,707SM259469T3null30,707,SM,25,9469,T3,null,30,NA,102.279,46.129,150.156,471.206,37.162,T3,25,707,SM,null,30,NA,2.5,5.4,48.1,NA,NA,NA,Fields25
BOB_09,707SM259469T3empfohlen30,707,SM,25,9469,T3,empfohlen,30,NA,144.158,48.116,107.269,164.369,30.705,T3,25,707,SM,empfohlen,30,NA,2.1,8,60.1,NA,silo,dt/ha,Fields25
BOB_09,707SM259469T3ueblich60,707,SM,25,9469,T3,ueblich,60,NA,102.916,28.506,27.225,97.557,23.286,T3,25,707,SM,ueblich,60,NA,0.4,2.3,56.3,NA,silo,dt/ha,Fields25
BOB_05,708SM256034T1empfohlen60,708,SM,25,6034,T1,null,60,NA,NA,74.695,27.145,623.739,46.045,T1,25,708,SM,null,60,NA,0,5.1,64.4,NA,NA,NA,Fields25
BOB_05,708SM256034T1ueblich60,708,SM,25,6034,T1,ueblich,60,NA,NA,50.523,180.562,468.111,33.511,T1,25,708,SM,ueblich,60,NA,0.1,6.3,86.6,227,silo,dt/ha,Fields25
BOB_06,708SM256034T1empfohlen30,708,SM,25,6034,T1,null,30,NA,NA,159.901,42.271,980.779,85.199,T1,25,708,SM,null,30,NA,0.1,9.6,64.4,NA,NA,NA,Fields25
BOB_06,708SM256034T1null30,708,SM,25,6034,T1,empfohlen,30,NA,NA,105.709,238.496,786.388,4.827,T1,25,708,SM,empfohlen,30,NA,0.1,10.9,75.6,215,silo,dt/ha,Fields25
BOB_09,708SM256034T1null60,708,SM,25,6034,T1,empfohlen,60,NA,NA,75.471,218.228,773.458,49.747,T1,25,708,SM,empfohlen,60,NA,0,4.7,75.6,215,silo,dt/ha,Fields25
BOB_09,708SM256034T1ueblich30,708,SM,25,6034,T1,ueblich,30,NA,NA,92.278,357.605,NA,46.953,T1,25,708,SM,ueblich,30,NA,0.1,12.2,86.6,227,silo,dt/ha,Fields25
BOB_05,708SM256034T2empfohlen60,708,SM,25,6034,T2,empfohlen,60,NA,NA,136.937,389.363,77.508,61.231,T2,25,708,SM,empfohlen,60,NA,0.4,4.6,91.1,215,silo,dt/ha,Fields25
BOB_05,708SM256034T2null30,708,SM,25,6034,T2,null,30,NA,NA,143.754,446.423,NA,64.926,T2,25,708,SM,null,30,NA,1.2,9.3,74.3,NA,NA,NA,Fields25
BOB_06,708SM256034T2ueblich60,708,SM,25,6034,T2,ueblich,60,NA,NA,112.586,301.727,836.061,36.525,T2,25,708,SM,ueblich,60,NA,0.5,7.2,120.5,227,silo,dt/ha,Fields25
BOB_06,708SM256034T2null60,708,SM,25,6034,T2,null,60,NA,NA,45.598,227.273,550.134,43.675,T2,25,708,SM,null,60,NA,0.3,4.7,74.3,NA,NA,NA,Fields25
BOB_09,708SM256034T2empfohlen30,708,SM,25,6034,T2,empfohlen,30,NA,82.504,21.993,630.536,NA,140.816,T2,25,708,SM,empfohlen,30,NA,1.5,13,91.1,215,silo,dt/ha,Fields25
BOB_09,708SM256034T2ueblich30,708,SM,25,6034,T2,ueblich,30,NA,NA,150.903,401.766,NA,75.193,T2,25,708,SM,ueblich,30,NA,1.3,15.2,120.5,227,silo,dt/ha,Fields25
BOB_05,708SM256034T3null30,708,SM,25,6034,T3,empfohlen,30,NA,NA,97.153,429.199,NA,107.739,T3,25,708,SM,empfohlen,30,NA,1.4,11.8,55.8,215,silo,dt/ha,Fields25
BOB_05,708SM256034T3ueblich30,708,SM,25,6034,T3,ueblich,30,NA,91.104,91.246,41.676,NA,48.507,T3,25,708,SM,ueblich,30,NA,2.5,12.1,66.1,227,silo,dt/ha,Fields25
BOB_06,708SM256034T3empfohlen30,708,SM,25,6034,T3,null,30,NA,NA,88.163,345.269,NA,30.479,T3,25,708,SM,null,30,NA,1.3,11.2,57.3,NA,NA,NA,Fields25
BOB_06,708SM256034T3null60,708,SM,25,6034,T3,empfohlen,60,NA,NA,68.753,252.973,757.939,NA,T3,25,708,SM,empfohlen,60,NA,0.2,1.3,55.8,215,silo,dt/ha,Fields25
BOB_09,708SM256034T3empfohlen60,708,SM,25,6034,T3,null,60,NA,NA,39.032,264.051,314.041,NA,T3,25,708,SM,null,60,NA,0.4,2,57.3,NA,NA,NA,Fields25
BOB_09,708SM256034T3ueblich60,708,SM,25,6034,T3,ueblich,60,NA,NA,90.738,27.302,44.284,54.925,T3,25,708,SM,ueblich,60,NA,0.5,1.7,66.1,227,silo,dt/ha,Fields25
BOB_05,709SM255706T1null30,709,SM,25,5706,T1,null,30,NA,NA,102.163,321.256,739.693,50.238,T1,25,709,SM,null,30,NA,2.2,4.9,36,NA,NA,NA,Fields25
BOB_05,709SM255706T1null60,709,SM,25,5706,T1,null,60,NA,NA,3.064,75.262,237.539,2.153,T1,25,709,SM,null,60,NA,0.2,1.8,36,NA,NA,NA,Fields25
BOB_06,709SM255706T1empfohlen30,709,SM,25,5706,T1,empfohlen,30,NA,NA,94.893,30.098,627.776,42.355,T1,25,709,SM,empfohlen,30,NA,0.6,4.9,26.6,NA,NA,NA,Fields25
BOB_06,709SM255706T1empfohlen60,709,SM,25,5706,T1,empfohlen,60,NA,NA,49.844,87.637,24.625,33.686,T1,25,709,SM,empfohlen,60,NA,0,1.4,26.6,NA,NA,NA,Fields25
BOB_09,709SM255706T1ueblich30,709,SM,25,5706,T1,ueblich,30,NA,NA,130.552,376.639,86.511,59.084,T1,25,709,SM,ueblich,30,NA,0.9,6.7,37.3,NA,NA,NA,Fields25
BOB_09,709SM255706T1ueblich60,709,SM,25,5706,T1,ueblich,60,NA,NA,5.028,115.572,499.393,36.474,T1,25,709,SM,ueblich,60,NA,0.3,2,37.3,NA,NA,NA,Fields25
BOB_05,709SM255706T2empfohlen30,709,SM,25,5706,T2,empfohlen,30,NA,8.949,174.279,53.877,927.086,86.662,T2,25,709,SM,empfohlen,30,NA,55.9,126.8,994.5,NA,NA,NA,Fields25
BOB_05,709SM255706T2ueblich30,709,SM,25,5706,T2,ueblich,30,NA,NA,111.508,403.296,851.629,NA,T2,25,709,SM,ueblich,30,NA,10.3,105.9,474.6,NA,NA,NA,Fields25
BOB_06,709SM255706T2empfohlen60,709,SM,25,5706,T2,empfohlen,60,NA,NA,109.079,435.368,828.156,6.967,T2,25,709,SM,empfohlen,60,NA,17.3,64.1,994.5,NA,NA,NA,Fields25
BOB_06,709SM255706T2null60,709,SM,25,5706,T2,null,60,NA,151.652,82.405,202.812,582.362,46.813,T2,25,709,SM,null,60,NA,0,4.6,131.2,NA,NA,NA,Fields25
BOB_09,709SM255706T2null30,709,SM,25,5706,T2,null,30,NA,101.089,108.619,430.963,794.039,77.734,T2,25,709,SM,null,30,NA,0.4,29.1,131.2,NA,NA,NA,Fields25
BOB_09,709SM255706T2ueblich60,709,SM,25,5706,T2,ueblich,60,NA,NA,100.663,306.826,646.327,48.617,T2,25,709,SM,ueblich,60,NA,0.5,8.5,474.6,NA,NA,NA,Fields25
BOB_05,709SM255706T3empfohlen60,709,SM,25,5706,T3,empfohlen,60,NA,NA,11.347,167.613,388.791,84.061,T3,25,709,SM,empfohlen,60,NA,0.4,3.7,80.7,NA,NA,NA,Fields25
BOB_05,709SM255706T3ueblich60,709,SM,25,5706,T3,ueblich,60,NA,NA,28.868,11.922,615.253,36.032,T3,25,709,SM,ueblich,60,NA,0.1,11.9,169.5,NA,NA,NA,Fields25
BOB_06,709SM255706T3null30,709,SM,25,5706,T3,null,30,NA,137.395,88.549,363.483,775.181,54.442,T3,25,709,SM,null,30,NA,0.6,12.9,57.9,NA,NA,NA,Fields25
BOB_06,709SM255706T3ueblich30,709,SM,25,5706,T3,ueblich,30,NA,NA,82.843,233.383,898.499,79.343,T3,25,709,SM,ueblich,30,NA,0.2,39.8,169.5,NA,NA,NA,Fields25
BOB_09,709SM255706T3empfohlen30,709,SM,25,5706,T3,empfohlen,30,NA,NA,NA,NA,NA,NA,T3,25,709,SM,empfohlen,30,NA,0.3,16.8,80.7,NA,NA,NA,Fields25
BOB_09,709SM255706T3null60,709,SM,25,5706,T3,null,60,NA,114.091,65.266,11.209,563.811,59.378,T3,25,709,SM,null,60,NA,0.2,2.1,57.9,NA,NA,NA,Fields25
BOB_05,709SM255706T3empfohlen60,709,SM,25,5706,T3,empfohlen,60,NA,NA,11.347,167.613,388.791,84.061,T3,25,709,SM,empfohlen,60,NA,0.4,3.7,80.7,NA,NA,NA,Fields25
BOB_05,709SM255706T3ueblich60,709,SM,25,5706,T3,ueblich,60,NA,NA,28.868,11.922,615.253,36.032,T3,25,709,SM,ueblich,60,NA,0.1,11.9,169.5,NA,NA,NA,Fields25
BOB_06,709SM255706T3null30,709,SM,25,5706,T3,null,30,NA,137.395,88.549,363.483,775.181,54.442,T3,25,709,SM,null,30,NA,0.6,12.9,57.9,NA,NA,NA,Fields25
BOB_06,709SM255706T3ueblich30,709,SM,25,5706,T3,ueblich,30,NA,NA,82.843,233.383,898.499,79.343,T3,25,709,SM,ueblich,30,NA,0.2,39.8,169.5,NA,NA,NA,Fields25
BOB_09,709SM255706T3empfohlen30,709,SM,25,5706,T3,empfohlen,30,NA,NA,NA,NA,NA,NA,T3,25,709,SM,empfohlen,30,NA,0.3,16.8,80.7,NA,NA,NA,Fields25
BOB_09,709SM255706T3null60,709,SM,25,5706,T3,null,60,NA,114.091,65.266,11.209,563.811,59.378,T3,25,709,SM,null,60,NA,0.2,2.1,57.9,NA,NA,NA,Fields25
BOB_05,711SM258507T2empfohlen30,711,SM,25,8507,T2,empfohlen,30,NA,NA,45.337,169.684,667.689,47.324,T2,25,711,SM,empfohlen,30,NA,0,37.5,183,NA,silo,dt/ha,Fields25
BOB_05,711SM258507T2null60,711,SM,25,8507,T2,null,60,NA,NA,36.318,105.924,39.613,23.043,T2,25,711,SM,null,60,NA,0,8.5,125.1,NA,NA,NA,Fields25
BOB_06,711SM258507T2empfohlen60,711,SM,25,8507,T2,empfohlen,60,NA,NA,33.966,142.739,502.758,22.996,T2,25,711,SM,empfohlen,60,NA,0.1,6.4,183,NA,silo,dt/ha,Fields25
BOB_06,711SM258507T2ueblich30,711,SM,25,8507,T2,ueblich,30,NA,NA,55.001,166.997,407.138,3.734,T2,25,711,SM,ueblich,30,NA,0,37.6,182.6,NA,silo,dt/ha,Fields25
BOB_09,711SM258507T2null30,711,SM,25,8507,T2,null,30,NA,NA,56.425,242.745,691.779,38.886,T2,25,711,SM,null,30,NA,0,22,125.1,NA,NA,NA,Fields25
BOB_09,711SM258507T2ueblich60,711,SM,25,8507,T2,ueblich,60,NA,NA,39.886,149.558,363.981,31.967,T2,25,711,SM,ueblich,60,NA,0,6.8,182.6,NA,silo,dt/ha,Fields25
BOB_05,711SM258507T3null30,711,SM,25,8507,T3,null,30,NA,NA,30.476,165.343,514.198,43.936,T3,25,711,SM,null,30,NA,0.2,13.1,81,NA,NA,NA,Fields25
BOB_05,711SM258507T3ueblich30,711,SM,25,8507,T3,ueblich,30,NA,NA,30.081,140.737,48.524,25.164,T3,25,711,SM,ueblich,30,NA,0.1,22.3,128,NA,silo,dt/ha,Fields25
BOB_06,711SM258507T3empfohlen60,711,SM,25,8507,T3,empfohlen,60,NA,NA,4.584,7.372,418.162,20.274,T3,25,711,SM,empfohlen,60,NA,0.3,6.2,127.1,NA,silo,dt/ha,Fields25
BOB_06,711SM258507T3null60,711,SM,25,8507,T3,null,60,NA,NA,27.165,47.094,35.818,23.117,T3,25,711,SM,null,60,NA,0.3,4.4,81,NA,NA,NA,Fields25
BOB_09,711SM258507T3empfohlen30,711,SM,25,8507,T3,empfohlen,30,NA,NA,38.875,234.377,814.251,79.355,T3,25,711,SM,empfohlen,30,NA,0.2,22.9,127.1,NA,silo,dt/ha,Fields25
BOB_09,711SM258507T3ueblich60,711,SM,25,8507,T3,ueblich,60,NA,NA,37.067,8.429,596.152,18.148,T3,25,711,SM,ueblich,60,NA,0.2,6.5,128,NA,silo,dt/ha,Fields25
BOB_05,712KM251580T1null30,712,KM,25,1580,T1,null,30,NA,NA,144.743,383.931,595.569,49.058,T1,25,712,KM,null,30,NA,0.6,10.7,64.7,NA,NA,NA,Fields25
BOB_05,712KM251580T1ueblich30,712,KM,25,1580,T1,ueblich,30,NA,NA,73.413,466.922,854.376,42.898,T1,25,712,KM,ueblich,30,NA,0.6,11.7,74.7,NA,NA,NA,Fields25
BOB_06,712KM251580T1ueblich60,712,KM,25,1580,T1,ueblich,60,NA,NA,136.047,412.838,863.682,55.126,T1,25,712,KM,ueblich,60,NA,1.2,4.9,74.7,NA,NA,NA,Fields25
BOB_09,712KM251580T1null60,712,KM,25,1580,T1,null,60,NA,NA,88.751,37.323,806.509,42.397,T1,25,712,KM,null,60,NA,0.6,4,64.7,NA,NA,NA,Fields25
BOB_05,712KM251580T2null30,712,KM,25,1580,T2,null,30,NA,NA,NA,NA,NA,NA,T2,25,712,KM,null,30,NA,0.8,6.7,53.2,NA,NA,NA,Fields25
BOB_05,712KM251580T2ueblich60,712,KM,25,1580,T2,ueblich,60,NA,NA,NA,38.958,37.333,12.386,T2,25,712,KM,ueblich,60,NA,0.5,10.2,164,NA,NA,NA,Fields25
BOB_06,712KM251580T2empfohlen30,712,KM,25,1580,T2,empfohlen,30,NA,NA,82.936,351.359,605.171,43.994,T2,25,712,KM,empfohlen,30,NA,1.2,19.8,158.6,NA,NA,NA,Fields25
BOB_06,712KM251580T2null60,712,KM,25,1580,T2,null,60,NA,NA,NA,33.807,196.353,NA,T2,25,712,KM,null,60,NA,0.3,3.4,53.2,NA,NA,NA,Fields25
BOB_09,712KM251580T2empfohlen60,712,KM,25,1580,T2,empfohlen,60,NA,NA,NA,55.192,NA,11.655,T2,25,712,KM,empfohlen,60,NA,0,13.4,158.6,NA,NA,NA,Fields25
BOB_09,712KM251780T2ueblich30,712,KM,25,1780,T2,ueblich,30,NA,NA,132.708,428.752,722.631,53.971,T2,25,712,KM,ueblich,30,NA,2.4,23.7,164,NA,NA,NA,Fields25
BOB_05,712KM251580T3empfohlen30,712,KM,25,1580,T3,empfohlen,30,NA,NA,117.475,23.561,559.517,24.653,T3,25,712,KM,empfohlen,30,NA,0.9,9,89.7,NA,NA,NA,Fields25
BOB_05,712KM251580T3ueblich60,712,KM,25,1580,T3,ueblich,60,NA,NA,75.971,176.309,677.507,18.074,T3,25,712,KM,ueblich,60,NA,0.7,9.4,100.9,NA,NA,NA,Fields25
BOB_06,712KM251580T3null30,712,KM,25,1580,T3,null,30,NA,NA,129.859,491.789,923.274,78.223,T3,25,712,KM,null,30,NA,1.1,7.4,57.5,NA,NA,NA,Fields25
BOB_06,712KM251580T3null60,712,KM,25,1580,T3,null,60,NA,NA,129.074,NA,61.678,24.973,T3,25,712,KM,null,60,NA,0.6,3.4,57.5,NA,NA,NA,Fields25
BOB_09,712KM251580T3empfohlen60,712,KM,25,1580,T3,empfohlen,60,NA,NA,44.482,108.128,396.622,44.376,T3,25,712,KM,empfohlen,60,NA,1.2,7.1,89.7,NA,NA,NA,Fields25
BOB_09,712KM251580T3ueblich30,712,KM,25,1580,T3,ueblich,30,NA,NA,NA,75.384,699.936,77.194,T3,25,712,KM,ueblich,30,NA,0.5,9,100.9,NA,NA,NA,Fields25
BOB_06,713SM251372T1null30,713,SM,25,1372,T1,null,30,NA,NA,34.924,324.623,485.125,30.836,T1,25,713,SM,null,30,NA,0,47,436.9,NA,NA,NA,Fields25
BOB_09,713SM251372T1null60,713,SM,25,1372,T1,null,60,NA,NA,NA,82.858,654.252,14.288,T1,25,713,SM,null,60,NA,3.9,55.4,436.9,NA,NA,NA,Fields25
BOB_05,713SM251372T2null30,713,SM,25,1372,T2,null,30,NA,92.722,4.838,203.822,538.374,49.673,T2,25,713,SM,null,30,NA,0.4,34.3,723.6,NA,NA,NA,Fields25
BOB_06,713SM251372T2null60,713,SM,25,1372,T2,null,60,NA,NA,28.178,104.812,566.298,20.838,T2,25,713,SM,null,60,NA,2.7,47,723.6,NA,NA,NA,Fields25
BOB_05,714km251148T1empfohlen30,714,KM,25,1148,T1,empfohlen,30,NA,NA,41.688,178.131,403.748,44.867,T1,25,714,KM,empfohlen,30,NA,0.2,20.3,126.7,NA,NA,NA,Fields25
BOB_05,714KM251148T1ueblich60,714,KM,25,1148,T1,ueblich,60,NA,149.338,60.947,228.211,468.831,53.295,T1,25,714,KM,ueblich,60,NA,0,6.7,92.8,NA,NA,NA,Fields25
BOB_06,714km251148T1ueblich30,714,KM,25,1148,T1,ueblich,30,NA,141.306,58.645,303.867,495.228,6.007,T1,25,714,KM,ueblich,30,NA,0,14.7,92.8,NA,NA,NA,Fields25
BOB_06,714KM251148T1empfohlen60,714,KM,25,1148,T1,empfohlen,60,NA,NA,64.156,195.575,418.757,3.074,T1,25,714,KM,empfohlen,60,NA,0,10.4,126.7,NA,NA,NA,Fields25
BOB_09,714KM251148T1null30,714,KM,25,1148,T1,null,30,NA,138.355,77.257,402.916,647.299,27.844,T1,25,714,KM,null,30,NA,0.2,10.2,59.7,NA,NA,NA,Fields25
BOB_09,714KM251148T1null60,714,KM,25,1148,T1,null,60,NA,92.867,36.885,206.135,535.988,3.575,T1,25,714,KM,null,60,NA,0,4.2,59.7,NA,NA,NA,Fields25
BOB_05,714KM251148T2null30,714,KM,25,1148,T2,null,30,NA,21.445,96.809,300.492,528.728,77.817,T2,25,714,KM,null,30,NA,0.8,14,95.7,NA,NA,NA,Fields25
BOB_05,714KM251148T2ueblich60,714,KM,25,1148,T2,ueblich,60,NA,NA,33.227,65.023,319.578,30.073,T2,25,714,KM,ueblich,60,NA,0.3,11.3,97.7,NA,NA,NA,Fields25
BOB_06,714KM251148T2empfohlen30,714,KM,25,1148,T2,empfohlen,30,NA,130.909,55.498,362.541,537.043,88.654,T2,25,714,KM,empfohlen,30,NA,0.4,22.6,159,NA,NA,NA,Fields25
BOB_06,714KM251148T2null60,714,KM,25,1148,T2,null,60,NA,NA,NA,NA,320.614,18.661,T2,25,714,KM,null,60,NA,0.2,9.9,95.7,NA,NA,NA,Fields25
BOB_09,714KM251148T2empfohlen60,714,KM,25,1148,T2,empfohlen,60,NA,NA,20.781,100.669,44.816,1.014,T2,25,714,KM,empfohlen,60,NA,0.6,18.1,159,NA,NA,NA,Fields25
BOB_09,714KM251148T2ueblich30,714,KM,25,1148,T2,ueblich,30,NA,141.984,67.565,246.706,502.386,65.563,T2,25,714,KM,ueblich,30,NA,0,14.2,97.7,NA,NA,NA,Fields25
BOB_05,714KM251148T3empfohlen60,714,KM,25,1148,T3,empfohlen,60,NA,87.322,48.316,114.882,372.226,28.944,T3,25,714,KM,empfohlen,60,NA,0.7,3,50.9,NA,NA,NA,Fields25
BOB_05,714KM251148T3ueblich60,714,KM,25,1148,T3,ueblich,60,NA,NA,NA,112.972,415.137,15.491,T3,25,714,KM,ueblich,60,NA,0.7,1.9,46.5,NA,NA,NA,Fields25
BOB_06,714KM251148T3empfohlen30,714,KM,25,1148,T3,empfohlen,30,NA,108.944,86.808,468.001,676.504,113.982,T3,25,714,KM,empfohlen,30,NA,1.5,5.7,50.9,NA,NA,NA,Fields25
BOB_06,714KM251148T3ueblich30,714,KM,25,1148,T3,ueblich,30,NA,NA,144.967,317.674,460.063,29.323,T3,25,714,KM,ueblich,30,NA,1.5,6.1,46.5,NA,NA,NA,Fields25
BOB_09,714KM251148T3null30,714,KM,25,1148,T3,null,30,NA,225.615,90.132,447.802,534.529,6.158,T3,25,714,KM,null,30,NA,0.9,8.7,58.4,NA,NA,NA,Fields25
BOB_09,714KM251148T3null60,714,KM,25,1148,T3,null,60,NA,NA,46.577,158.526,297.795,67.624,T3,25,714,KM,null,60,NA,0.7,2.9,58.4,NA,NA,NA,Fields25
BOB_05,715SM258046T1empfohlen30,715,SM,25,8046,T1,empfohlen,30,NA,NA,49.089,211.913,458.704,3.885,T1,25,715,SM,empfohlen,30,NA,0.1,19.7,108.5,NA,NA,NA,Fields25
BOB_05,715SM258046T1ueblich30,715,SM,25,8046,T1,ueblich,30,NA,113.471,69.852,160.503,338.444,58.425,T1,25,715,SM,ueblich,30,NA,0.3,29.4,152.5,NA,NA,NA,Fields25
BOB_06,715SM258046T1null30,715,SM,25,8046,T1,null,30,NA,NA,53.431,160.926,358.726,47.548,T1,25,715,SM,null,30,NA,0.6,32.8,162.7,NA,NA,NA,Fields25
BOB_06,715SM258046T1ueblich60,715,SM,25,8046,T1,ueblich,60,NA,NA,2.585,98.009,272.084,22.069,T1,25,715,SM,ueblich,60,NA,0.2,10.8,152.5,NA,NA,NA,Fields25
BOB_09,715SM258046T1empfohlen60,715,SM,25,8046,T1,empfohlen,60,NA,NA,NA,53.314,518.718,13.181,T1,25,715,SM,empfohlen,60,NA,0.1,8.5,108.5,NA,NA,NA,Fields25
BOB_09,715SM258046T1null60,715,SM,25,8046,T1,null,60,NA,118.416,3.912,91.657,44.024,39.608,T1,25,715,SM,null,60,NA,0.1,9.3,162.7,NA,NA,NA,Fields25
BOB_05,715SM258046T2null30,715,SM,25,8046,T2,null,30,NA,123.882,43.924,156.303,467.985,45.037,T2,25,715,SM,null,30,NA,0,43.2,215,NA,NA,NA,Fields25
BOB_05,715SM258046T2ueblich60,715,SM,25,8046,T2,ueblich,60,NA,77.427,20.972,64.607,401.178,23.873,T2,25,715,SM,ueblich,60,NA,0.1,13.7,213.8,NA,NA,NA,Fields25
BOB_06,715SM258046T2empfohlen30,715,SM,25,8046,T2,empfohlen,30,NA,120.682,55.772,215.727,547.151,52.216,T2,25,715,SM,empfohlen,30,NA,1,31,230.6,NA,NA,NA,Fields25
BOB_06,715SM258046T2null60,715,SM,25,8046,T2,null,60,NA,NA,21.497,44.205,286.759,21.282,T2,25,715,SM,null,60,NA,0.1,9.5,215,NA,NA,NA,Fields25
BOB_09,715SM258046T2empfohlen60,715,SM,25,8046,T2,empfohlen,60,NA,NA,30.933,65.037,400.557,25.676,T2,25,715,SM,empfohlen,60,NA,0.3,18.3,230.6,NA,NA,NA,Fields25
BOB_09,715SM258046T2ueblich30,715,SM,25,8046,T2,ueblich,30,NA,88.012,44.225,178.619,408.604,46.455,T2,25,715,SM,ueblich,30,NA,0,34.6,213.8,NA,NA,NA,Fields25
BOB_05,715SM258046T3null30,715,SM,25,8046,T3,null,30,NA,NA,39.609,98.164,51.658,50.109,T3,25,715,SM,null,30,NA,0,38.5,167.2,NA,NA,NA,Fields25
BOB_05,715SM258046T3empfohlen60,715,SM,25,8046,T3,empfohlen,60,NA,NA,NA,30.193,122.498,14.106,T3,25,715,SM,empfohlen,60,NA,0.1,4,132.6,NA,NA,NA,Fields25
BOB_05,715SM258046T3null30,715,SM,25,8046,T3,null,30,NA,NA,27.488,101.371,498.688,32.592,T3,25,715,SM,null,30,NA,0,38.5,167.2,NA,NA,NA,Fields25
BOB_05,715SM258046T3ueblich30,715,SM,25,8046,T3,ueblich,30,NA,161.088,41.243,6.266,272.825,40.857,T3,25,715,SM,ueblich,30,NA,0.1,25.5,114.9,NA,NA,NA,Fields25
BOB_06,715SM258046T3empfohlen30,715,SM,25,8046,T3,empfohlen,30,NA,NA,28.683,58.565,53.182,19.981,T3,25,715,SM,empfohlen,30,NA,0.3,30.8,132.6,NA,NA,NA,Fields25
BOB_06,715SM258046T3ueblich60,715,SM,25,8046,T3,ueblich,60,NA,NA,51.169,93.318,443.977,36.866,T3,25,715,SM,ueblich,60,NA,0,2.2,114.9,NA,NA,NA,Fields25
BOB_06,715SM258046T3empfohlen60,715,SM,25,8046,T3,empfohlen,60,NA,148.462,26.514,51.012,194.852,27.429,T3,25,715,SM,empfohlen,60,NA,0.1,4,132.6,NA,NA,NA,Fields25
BOB_06,715SM258046T3null60,715,SM,25,8046,T3,null,60,NA,NA,NA,28.069,472.764,34.544,T3,25,715,SM,null,60,NA,0.1,4.6,167.2,NA,NA,NA,Fields25
BOB_09,715SM258046T3null60,715,SM,25,8046,T3,null,60,NA,NA,4.229,55.907,290.666,26.604,T3,25,715,SM,null,60,NA,0.1,4.6,167.2,NA,NA,NA,Fields25
BOB_09,715SM258046T3ueblich30,715,SM,25,8046,T3,ueblich,30,NA,NA,NA,75.247,431.998,23.943,T3,25,715,SM,ueblich,30,NA,0.1,25.5,114.9,NA,NA,NA,Fields25
BOB_09,715SM258046T3null30,715,SM,25,8046,T3,null,30,NA,NA,NA,36.686,NA,NA,T3,25,715,SM,null,30,NA,0,38.5,167.2,NA,NA,NA,Fields25
BOB_09,715SM258046T3ueblich60,715,SM,25,8046,T3,ueblich,60,NA,NA,51.048,54.727,80.575,49.466,T3,25,715,SM,ueblich,60,NA,0,2.2,114.9,NA,NA,NA,Fields25
