UID,Versuchsjahr,ParzNrFeld,Probe,Datum,LAP,NAG,GLS,MUP,MUX,NH4,NO3,Plot_Label,WiederholungNr,Kultur,Verfahren,SaatTag_DOY,SaatTag_Date,Total_N_fert_kg_ha,Total_Ertrag_HP_TS_kg_a,Total_N_Entzug_kg_ha,t2,t1,Nmin_Total,Delta_Nmin,Cum_Precip_mm,Cum_GDD_Interval,Cum_GDD_t1,Cum_GDD_t2,N_up_t1,N_up_t2,Interval_N_Entzug_kg_ha,LTE
2025_12,2025,12,A,2025-05-15,0,3.4717,15.4962,30.1242,1.9555,0.16,1.78,NA,NA,NA,Null,129.66666666666666,2025-05-09,NA,NA,83.46134273713884,2025-05-15,2025-05-09,1.94,NA,1.9,21.2,0,21.2,0.010298676998290807,0.013281601012885717,0.00298292401459491,DEMO
2025_12,2025,12,B,2025-05-15,0,4.3757,10.4645,41.4323,1.5342,0.17,1.32,NA,NA,NA,Null,129.66666666666666,2025-05-09,NA,NA,83.46134273713884,2025-05-15,2025-05-09,1.49,NA,1.9,21.2,0,21.2,0.010298676998290807,0.013281601012885717,0.00298292401459491,DEMO
2025_13,2025,13,B,2025-05-15,0,2.6427,16.3035,35.9019,2.1273,0.17,2.41,NA,NA,NA,"St,mist",129.66666666666666,2025-05-09,NA,NA,115.46794607438636,2025-05-15,2025-05-09,2.58,NA,1.9,21.2,0,21.2,0.014248118245849975,0.018374964255816827,0.004126846009966852,DEMO
2025_15,2025,15,B,2025-05-15,0,3.7065,12.4486,32.482,1.8045,0.24,2.14,NA,NA,NA,NPK,129.66666666666666,2025-05-09,NA,NA,155.60912747113593,2025-05-15,2025-05-09,2.38,NA,1.9,21.2,0,21.2,0.019201322303888303,0.024762821651984273,0.00556149934809597,DEMO
2025_16,2025,16,A,2025-05-15,0,5.955,16.3975,47.0206,2.8561,0.15,2.03,NA,NA,NA,"R,gülle",129.66666666666666,2025-05-09,NA,NA,163.12428301927574,2025-05-15,2025-05-09,2.1799999999999997,NA,1.9,21.2,0,21.2,0.020128651736221588,0.025958744150553804,0.005830092414332216,DEMO
2025_4,2025,4,B,2025-05-15,0,3.0767,11.8099,50.6729,2.2907,0.12,1.48,NA,NA,NA,Null,137.33333333333334,2025-05-17,NA,NA,201.96202265852725,2025-05-15,2025-05-17,1.6,NA,0,0,0,0,0.024921018151270694,0.024921018151270694,0,DEMO
2025_7,2025,7,A,2025-05-15,0,3.4242,17.1973,46.3904,1.7884,0.14,1.68,NA,NA,NA,NPK,137.33333333333334,2025-05-17,NA,NA,382.9403477259206,2025-05-15,2025-05-17,1.8199999999999998,NA,0,0,0,0,0.04725276183566011,0.04725276183566011,0,DEMO
2025_16,2025,16,B,2025-05-15,0,4.3641,10.7008,29.0198,3.1597,0.13,1.74,NA,NA,NA,"R,gülle",129.66666666666666,2025-05-09,NA,NA,163.12428301927574,2025-05-15,2025-05-09,1.87,NA,1.9,21.2,0,21.2,0.020128651736221588,0.025958744150553804,0.005830092414332216,DEMO
2025_4,2025,4,A,2025-05-15,0.4426,4.3898,8.8216,20.9428,1.2234,0.13,2.82,NA,NA,NA,Null,137.33333333333334,2025-05-17,NA,NA,201.96202265852725,2025-05-15,2025-05-17,2.9499999999999997,NA,0,0,0,0,0.024921018151270694,0.024921018151270694,0,DEMO
2025_5,2025,5,B,2025-05-15,0.7556,10.375,19.4923,46.6055,3.3025,0.18,2.58,NA,NA,NA,"St,mist",137.33333333333334,2025-05-17,NA,NA,318.0148743669502,2025-05-15,2025-05-17,2.7600000000000002,NA,0,0,0,0,0.03924131057982457,0.03924131057982457,0,DEMO
2025_7,2025,7,B,2025-05-15,0,5.2991,16.7065,42.0737,2.2306,0.24,1.66,NA,NA,NA,NPK,137.33333333333334,2025-05-17,NA,NA,382.9403477259206,2025-05-15,2025-05-17,1.9,NA,0,0,0,0,0.04725276183566011,0.04725276183566011,0,DEMO
2025_8,2025,8,A,2025-05-15,0,2.0321,7.8086,26.5731,1.5922,0.13,2.06,NA,NA,NA,"R,gülle",137.33333333333334,2025-05-17,NA,NA,328.2876609551491,2025-05-15,2025-05-17,2.19,NA,0,0,0,0,0.040508916725072425,0.040508916725072425,0,DEMO
2025_8,2025,8,B,2025-05-15,0,4.2567,15.6643,52.4517,2.838,0.15,2.79,NA,NA,NA,"R,gülle",137.33333333333334,2025-05-17,NA,NA,328.2876609551491,2025-05-15,2025-05-17,2.94,NA,0,0,0,0,0.040508916725072425,0.040508916725072425,0,DEMO
2025_9,2025,9,B,2025-05-15,0,1.9081,10.5655,22.7724,2.8255,0.12,1.82,NA,NA,NA,PK,129.66666666666666,2025-05-09,NA,NA,83.8501175329669,2025-05-15,2025-05-09,1.94,NA,1.9,21.2,0,21.2,0.010346649699376147,0.013343468597958211,0.0029968188985820647,DEMO
2025_13,2025,13,A,2025-05-15,0,4.2953,16.9161,57.8241,3.0476,0.16,1.72,NA,NA,NA,"St,mist",129.66666666666666,2025-05-09,NA,NA,115.46794607438636,2025-05-15,2025-05-09,1.88,NA,1.9,21.2,0,21.2,0.014248118245849975,0.018374964255816827,0.004126846009966852,DEMO
2025_15,2025,15,A,2025-05-15,0,4.2676,24.1764,30.1728,2.4477,0.17,1.53,NA,NA,NA,NPK,129.66666666666666,2025-05-09,NA,NA,155.60912747113593,2025-05-15,2025-05-09,1.7,NA,1.9,21.2,0,21.2,0.019201322303888303,0.024762821651984273,0.00556149934809597,DEMO
2025_1,2025,1,A,2025-05-15,3.5939,3.7058,16.5339,60.4118,1.9011,0.13,1.45,NA,NA,NA,PK,137.33333333333334,2025-05-17,NA,NA,235.728724,2025-05-15,2025-05-17,1.58,NA,0,0,0,0,0.029087645945755445,0.029087645945755445,0,DEMO
2025_1,2025,1,B,2025-05-15,7.1596,5.1496,20.2507,66.4168,3.3167,0.15,1.82,NA,NA,NA,PK,137.33333333333334,2025-05-17,NA,NA,235.728724,2025-05-15,2025-05-17,1.97,NA,0,0,0,0,0.029087645945755445,0.029087645945755445,0,DEMO
2025_5,2025,5,A,2025-05-15,0,2.8324,16.3275,14.4228,1.1805,0.15,2.66,NA,NA,NA,"St,mist",137.33333333333334,2025-05-17,NA,NA,318.0148743669502,2025-05-15,2025-05-17,2.81,NA,0,0,0,0,0.03924131057982457,0.03924131057982457,0,DEMO
2025_9,2025,9,A,2025-05-15,5.8229,4.3667,14.8081,63.0637,3.9241,0.12,1.34,NA,NA,NA,PK,129.66666666666666,2025-05-09,NA,NA,83.8501175329669,2025-05-15,2025-05-09,1.46,NA,1.9,21.2,0,21.2,0.010346649699376147,0.013343468597958211,0.0029968188985820647,DEMO
2025_12,2025,12,B,2025-06-12,0,3.6693,15.4025,34.2567,2.9353,0.01,1.05,NA,NA,NA,Null,129.66666666666666,2025-05-09,NA,NA,83.46134273713884,2025-06-12,2025-05-15,1.06,-0.42999999999999994,130.6,155.70000000000002,21.2,176.9,0.013281601012885717,0.08596225861953515,0.07268065760664943,DEMO
2025_13,2025,13,A,2025-06-12,0,4.2784,23.2586,48.9213,4.0424,0.05,1.12,NA,NA,NA,"St,mist",129.66666666666666,2025-05-09,NA,NA,115.46794607438636,2025-06-12,2025-05-15,1.1700000000000002,-0.7099999999999997,130.6,155.70000000000002,21.2,176.9,0.018374964255816827,0.1189279385783964,0.10055297432257956,DEMO
2025_16,2025,16,B,2025-06-12,0,2.5355,13.6277,42.2774,1.7139,0,0.91,NA,NA,NA,"R,gülle",129.66666666666666,2025-05-09,NA,NA,163.12428301927574,2025-06-12,2025-05-15,0.91,-0.9600000000000001,130.6,155.70000000000002,21.2,176.9,0.025958744150553804,0.1680122958025386,0.1420535516519848,DEMO
2025_1,2025,1,B,2025-06-12,4.4164,4.2977,7.0945,38.4082,4.9171,0.01,1.37,NA,NA,NA,PK,137.33333333333334,2025-05-17,NA,NA,235.728724,2025-06-12,2025-05-15,1.3800000000000001,-0.5899999999999999,130.6,155.70000000000002,0,150.9,0.029087645945755445,0.17776857079688063,0.1486809248511252,DEMO
2025_4,2025,4,A,2025-06-12,3.9628,2.2811,16.0979,21.1823,3.0067,0.03,1.99,NA,NA,NA,Null,137.33333333333334,2025-05-17,NA,NA,201.96202265852725,2025-06-12,2025-05-15,2.02,-0.9299999999999997,130.6,155.70000000000002,0,150.9,0.024921018151270694,0.15230430774000037,0.1273832895887297,DEMO
2025_7,2025,7,B,2025-06-12,0,2.3495,13.0822,21.5263,1.746,0.07,2.92,NA,NA,NA,NPK,137.33333333333334,2025-05-17,NA,NA,382.9403477259206,2025-06-12,2025-05-15,2.9899999999999998,1.0899999999999999,130.6,155.70000000000002,0,150.9,0.04725276183566011,0.2887843159737182,0.24153155413805807,DEMO
2025_8,2025,8,A,2025-06-12,0,6.3424,20.4853,47.4793,2.7239,0.04,3.22,NA,NA,NA,"R,gülle",137.33333333333334,2025-05-17,NA,NA,328.2876609551491,2025-06-12,2025-05-15,3.2600000000000002,1.0700000000000003,130.6,155.70000000000002,0,150.9,0.040508916725072425,0.24756944044819826,0.20706052372312583,DEMO
2025_12,2025,12,A,2025-06-12,0,4.491,11.4734,32.2861,1.7765,0.05,1.46,NA,NA,NA,Null,129.66666666666666,2025-05-09,NA,NA,83.46134273713884,2025-06-12,2025-05-15,1.51,-0.42999999999999994,130.6,155.70000000000002,21.2,176.9,0.013281601012885717,0.08596225861953515,0.07268065760664943,DEMO
2025_15,2025,15,B,2025-06-12,0,5.3582,21.9963,42.4333,2.5302,0.13,2.32,NA,NA,NA,NPK,129.66666666666666,2025-05-09,NA,NA,155.60912747113593,2025-06-12,2025-05-15,2.4499999999999997,0.06999999999999984,130.6,155.70000000000002,21.2,176.9,0.024762821651984273,0.1602719489112854,0.13550912725930114,DEMO
2025_16,2025,16,A,2025-06-12,0,5.4844,14.8629,38.3039,4.0267,0.02,1.02,NA,NA,NA,"R,gülle",129.66666666666666,2025-05-09,NA,NA,163.12428301927574,2025-06-12,2025-05-15,1.04,-1.1399999999999997,130.6,155.70000000000002,21.2,176.9,0.025958744150553804,0.1680122958025386,0.1420535516519848,DEMO
2025_1,2025,1,A,2025-06-12,6.6118,5.6106,17.491,42.818,3.2271,0.03,1.35,NA,NA,NA,PK,137.33333333333334,2025-05-17,NA,NA,235.728724,2025-06-12,2025-05-15,1.3800000000000001,-0.19999999999999996,130.6,155.70000000000002,0,150.9,0.029087645945755445,0.17776857079688063,0.1486809248511252,DEMO
2025_5,2025,5,B,2025-06-12,5.635,5.2623,22.5898,47.1518,3.914,0.01,1.59,NA,NA,NA,"St,mist",137.33333333333334,2025-05-17,NA,NA,318.0148743669502,2025-06-12,2025-05-15,1.6,-1.1600000000000001,130.6,155.70000000000002,0,150.9,0.03924131057982457,0.23982249065397007,0.2005811800741455,DEMO
2025_7,2025,7,A,2025-06-12,0,4.4079,20.1245,30.3222,2.4868,0.18,3.48,NA,NA,NA,NPK,137.33333333333334,2025-05-17,NA,NA,382.9403477259206,2025-06-12,2025-05-15,3.66,1.8400000000000003,130.6,155.70000000000002,0,150.9,0.04725276183566011,0.2887843159737182,0.24153155413805807,DEMO
2025_9,2025,9,B,2025-06-12,9.177,3.4257,15.2156,39.8951,2.1643,0.01,0.93,NA,NA,NA,PK,129.66666666666666,2025-05-09,NA,NA,83.8501175329669,2025-06-12,2025-05-15,0.9400000000000001,-0.9999999999999999,130.6,155.70000000000002,21.2,176.9,0.013343468597958211,0.08636268303696856,0.07301921443901035,DEMO
2025_13,2025,13,B,2025-06-12,1.5324,4.4244,20.1468,51.3947,6.0289,0,1.45,NA,NA,NA,"St,mist",129.66666666666666,2025-05-09,NA,NA,115.46794607438636,2025-06-12,2025-05-15,1.45,-1.1300000000000001,130.6,155.70000000000002,21.2,176.9,0.018374964255816827,0.1189279385783964,0.10055297432257956,DEMO
2025_15,2025,15,A,2025-06-12,0,7.9393,25.6497,34.0215,2.8416,0.18,2.59,NA,NA,NA,NPK,129.66666666666666,2025-05-09,NA,NA,155.60912747113593,2025-06-12,2025-05-15,2.77,1.07,130.6,155.70000000000002,21.2,176.9,0.024762821651984273,0.1602719489112854,0.13550912725930114,DEMO
2025_4,2025,4,B,2025-06-12,0,1.8201,14.9928,32.9235,1.8718,0.03,1.87,NA,NA,NA,Null,137.33333333333334,2025-05-17,NA,NA,201.96202265852725,2025-06-12,2025-05-15,1.9000000000000001,0.30000000000000004,130.6,155.70000000000002,0,150.9,0.024921018151270694,0.15230430774000037,0.1273832895887297,DEMO
2025_5,2025,5,A,2025-06-12,4.7605,4.4506,19.4757,46.5555,4.3013,0.04,2.19,NA,NA,NA,"St,mist",137.33333333333334,2025-05-17,NA,NA,318.0148743669502,2025-06-12,2025-05-15,2.23,-0.5800000000000001,130.6,155.70000000000002,0,150.9,0.03924131057982457,0.23982249065397007,0.2005811800741455,DEMO
2025_8,2025,8,B,2025-06-12,0,5.3639,17.7669,50.3426,2.7211,0.03,3.39,NA,NA,NA,"R,gülle",137.33333333333334,2025-05-17,NA,NA,328.2876609551491,2025-06-12,2025-05-15,3.42,0.48,130.6,155.70000000000002,0,150.9,0.040508916725072425,0.24756944044819826,0.20706052372312583,DEMO
2025_9,2025,9,A,2025-06-12,11.1377,5.5974,13.9819,53.758,4.5195,0.02,0.66,NA,NA,NA,PK,129.66666666666666,2025-05-09,NA,NA,83.8501175329669,2025-06-12,2025-05-15,0.68,-0.7799999999999999,130.6,155.70000000000002,21.2,176.9,0.013343468597958211,0.08636268303696856,0.07301921443901035,DEMO
2025_15,2025,15,A,2025-07-10,0,6.8771,22.3655,44.4758,5.4316,1.15,3.89,NA,NA,NA,NPK,129.66666666666666,2025-05-09,NA,NA,155.60912747113593,2025-07-10,2025-06-12,5.04,2.27,64.3,338.1,176.9,515,0.1602719489112854,8.753469911012344,8.593197962101058,DEMO
2025_16,2025,16,B,2025-07-10,12.0752,6.807,20.1063,51.2147,5.6731,0.04,3.29,NA,NA,NA,"R,gülle",129.66666666666666,2025-05-09,NA,NA,163.12428301927574,2025-07-10,2025-06-12,3.33,2.42,64.3,338.1,176.9,515,0.1680122958025386,9.176219456853872,9.008207161051333,DEMO
2025_4,2025,4,A,2025-07-10,0,1.9909,12.1132,11.1298,2.1013,0.02,2.25,NA,NA,NA,Null,137.33333333333334,2025-05-17,NA,NA,201.96202265852725,2025-07-10,2025-06-12,2.27,0.25,64.3,338.1,150.9,489,0.15230430774000037,8.443308399892093,8.291004092152093,DEMO
2025_4,2025,4,B,2025-07-10,0,3.0263,8.6064,36.5719,1.7949,0.04,1.75,NA,NA,NA,Null,137.33333333333334,2025-05-17,NA,NA,201.96202265852725,2025-07-10,2025-06-12,1.79,-0.1100000000000001,64.3,338.1,150.9,489,0.15230430774000037,8.443308399892093,8.291004092152093,DEMO
2025_5,2025,5,A,2025-07-10,0,4.8288,14.466,56.7447,4.1274,0.1,3.83,NA,NA,NA,"St,mist",137.33333333333334,2025-05-17,NA,NA,318.0148743669502,2025-07-10,2025-06-12,3.93,1.7000000000000002,64.3,338.1,150.9,489,0.23982249065397007,13.295062233422968,13.055239742768999,DEMO
2025_8,2025,8,A,2025-07-10,0,7.1419,14.1594,59.1703,5.3585,0.12,2.81,NA,NA,NA,"R,gülle",137.33333333333334,2025-05-17,NA,NA,328.2876609551491,2025-07-10,2025-06-12,2.93,-0.33000000000000007,64.3,338.1,150.9,489,0.24756944044819826,13.72453062628557,13.476961185837373,DEMO
2025_9,2025,9,A,2025-07-10,2.0369,4.3048,15.6754,57.9987,3.095,0.03,0.73,NA,NA,NA,PK,129.66666666666666,2025-05-09,NA,NA,83.8501175329669,2025-07-10,2025-06-12,0.76,0.07999999999999996,64.3,338.1,176.9,515,0.08636268303696856,4.716815091684264,4.630452408647296,DEMO
2025_12,2025,12,A,2025-07-10,0,4.9333,13.1956,27.164,2.1627,0.05,0.75,NA,NA,NA,Null,129.66666666666666,2025-05-09,NA,NA,83.46134273713884,2025-07-10,2025-06-12,0.8,-0.71,64.3,338.1,176.9,515,0.08596225861953515,4.694945368919626,4.608983110300091,DEMO
2025_13,2025,13,A,2025-07-10,0,6.5194,15.2819,58.9667,3.7946,0.12,0.5,NA,NA,NA,"St,mist",129.66666666666666,2025-05-09,NA,NA,115.46794607438636,2025-07-10,2025-06-12,0.62,-0.5500000000000002,64.3,338.1,176.9,515,0.1189279385783964,6.4954107003525285,6.376482761774132,DEMO
2025_15,2025,15,B,2025-07-10,0,3.2289,15.1471,56.9261,2.3049,0.65,2.54,NA,NA,NA,NPK,129.66666666666666,2025-05-09,NA,NA,155.60912747113593,2025-07-10,2025-06-12,3.19,0.7400000000000002,64.3,338.1,176.9,515,0.1602719489112854,8.753469911012344,8.593197962101058,DEMO
2025_5,2025,5,B,2025-07-10,0,6.8154,18.0738,46.2614,5.002,0.06,1.6,NA,NA,NA,"St,mist",137.33333333333334,2025-05-17,NA,NA,318.0148743669502,2025-07-10,2025-06-12,1.6600000000000001,0.06000000000000005,64.3,338.1,150.9,489,0.23982249065397007,13.295062233422968,13.055239742768999,DEMO
2025_7,2025,7,A,2025-07-10,0,4.5654,17.4801,52.0358,2.88,0.82,3.93,NA,NA,NA,NPK,137.33333333333334,2025-05-17,NA,NA,382.9403477259206,2025-07-10,2025-06-12,4.75,1.0899999999999999,64.3,338.1,150.9,489,0.2887843159737182,16.009363602376997,15.720579286403279,DEMO
2025_8,2025,8,B,2025-07-10,6.493,6.728,15.1235,45.8044,5.4494,0.04,3.29,NA,NA,NA,"R,gülle",137.33333333333334,2025-05-17,NA,NA,328.2876609551491,2025-07-10,2025-06-12,3.33,-0.08999999999999986,64.3,338.1,150.9,489,0.24756944044819826,13.72453062628557,13.476961185837373,DEMO
2025_9,2025,9,B,2025-07-10,8.922,5.9207,9.8275,66.3975,2.6484,0.04,0.78,NA,NA,NA,PK,129.66666666666666,2025-05-09,NA,NA,83.8501175329669,2025-07-10,2025-06-12,0.8200000000000001,-0.12,64.3,338.1,176.9,515,0.08636268303696856,4.716815091684264,4.630452408647296,DEMO
2025_12,2025,12,B,2025-07-10,0,4.9244,15.7854,40.9088,2.2088,0.05,0.53,NA,NA,NA,Null,129.66666666666666,2025-05-09,NA,NA,83.46134273713884,2025-07-10,2025-06-12,0.5800000000000001,-0.48,64.3,338.1,176.9,515,0.08596225861953515,4.694945368919626,4.608983110300091,DEMO
2025_13,2025,13,B,2025-07-10,0,2.0654,8.5395,50.9128,1.9996,0,1.13,NA,NA,NA,"St,mist",129.66666666666666,2025-05-09,NA,NA,115.46794607438636,2025-07-10,2025-06-12,1.13,-0.32000000000000006,64.3,338.1,176.9,515,0.1189279385783964,6.4954107003525285,6.376482761774132,DEMO
2025_16,2025,16,A,2025-07-10,2.0015,6.9435,10.1965,59.7771,7.042,0.04,1.21,NA,NA,NA,"R,gülle",129.66666666666666,2025-05-09,NA,NA,163.12428301927574,2025-07-10,2025-06-12,1.25,0.20999999999999996,64.3,338.1,176.9,515,0.1680122958025386,9.176219456853872,9.008207161051333,DEMO
2025_1,2025,1,A,2025-07-10,12.6199,5.9156,14.7776,50.1296,6.7816,0.06,1.31,NA,NA,NA,PK,137.33333333333334,2025-05-17,NA,NA,235.728724,2025-07-10,2025-06-12,1.37,-0.010000000000000009,64.3,338.1,150.9,489,0.17776857079688063,9.854973173893438,9.677204603096557,DEMO
2025_1,2025,1,B,2025-07-10,0,2.7732,9.469,46.7766,1.528,0.01,1.98,NA,NA,NA,PK,137.33333333333334,2025-05-17,NA,NA,235.728724,2025-07-10,2025-06-12,1.99,0.6099999999999999,64.3,338.1,150.9,489,0.17776857079688063,9.854973173893438,9.677204603096557,DEMO
2025_7,2025,7,B,2025-07-10,0,3.9534,7.3817,48.425,2.367,0.77,4.37,NA,NA,NA,NPK,137.33333333333334,2025-05-17,NA,NA,382.9403477259206,2025-07-10,2025-06-12,5.140000000000001,2.150000000000001,64.3,338.1,150.9,489,0.2887843159737182,16.009363602376997,15.720579286403279,DEMO
2025_15,2025,15,B,2025-08-07,0,3.6308,17.6209,43.8086,2.0594,0.1,0.81,NA,NA,NA,NPK,129.66666666666666,2025-05-09,NA,NA,155.60912747113593,2025-08-07,2025-07-10,0.91,-2.28,162.4,225.8,515,740.8000000000001,8.753469911012344,73.51410866181902,64.76063875080668,DEMO
2025_16,2025,16,A,2025-08-07,0,4.8207,17.9159,40.9297,8.0323,0,0.61,NA,NA,NA,"R,gülle",129.66666666666666,2025-05-09,NA,NA,163.12428301927574,2025-08-07,2025-07-10,0.61,-0.64,162.4,225.8,515,740.8000000000001,9.176219456853872,77.06447855691981,67.88825910006594,DEMO
2025_1,2025,1,B,2025-08-07,5.0444,3.7147,12.7982,59.5114,3.3921,0.01,0.48,NA,NA,NA,PK,137.33333333333334,2025-05-17,NA,NA,235.728724,2025-08-07,2025-07-10,0.49,-1.5,162.4,225.8,489,714.8000000000001,9.854973173893438,93.33504248146237,83.48006930756893,DEMO
2025_4,2025,4,A,2025-08-07,0.4622,3.3121,12.2022,31.1223,6.6899,0,1.01,NA,NA,NA,Null,137.33333333333334,2025-05-17,NA,NA,201.96202265852725,2025-08-07,2025-07-10,1.01,-1.26,162.4,225.8,489,714.8000000000001,8.443308399892093,79.96536715854664,71.52205875865455,DEMO
2025_8,2025,8,B,2025-08-07,0,4.3403,18.3739,43.1284,3.284,0.02,0.85,NA,NA,NA,"R,gülle",137.33333333333334,2025-05-17,NA,NA,328.2876609551491,2025-08-07,2025-07-10,0.87,-2.46,162.4,225.8,489,714.8000000000001,13.72453062628557,129.98306808545212,116.25853745916655,DEMO
2025_9,2025,9,A,2025-08-07,12.4898,5.4651,10.1062,51.8595,2.782,0.05,0.63,NA,NA,NA,PK,129.66666666666666,2025-05-09,NA,NA,83.8501175329669,2025-08-07,2025-07-10,0.68,-0.07999999999999996,162.4,225.8,515,740.8000000000001,4.716815091684264,39.6131432121051,34.89632812042083,DEMO
2025_9,2025,9,B,2025-08-07,9.1227,3.612,12.3776,51.5462,4.5076,0.01,0.42,NA,NA,NA,PK,129.66666666666666,2025-05-09,NA,NA,83.8501175329669,2025-08-07,2025-07-10,0.43,-0.39000000000000007,162.4,225.8,515,740.8000000000001,4.716815091684264,39.6131432121051,34.89632812042083,DEMO
2025_12,2025,12,A,2025-08-07,0,2.8079,19.1519,51.7312,1.6563,0.01,0.2,NA,NA,NA,Null,129.66666666666666,2025-05-09,NA,NA,83.46134273713884,2025-08-07,2025-07-10,0.21000000000000002,-0.5900000000000001,162.4,225.8,515,740.8000000000001,4.694945368919626,39.42947511338909,34.73452974446946,DEMO
2025_12,2025,12,B,2025-08-07,0,7.8078,18.5388,69.4245,3.4347,0.01,0.13,NA,NA,NA,Null,129.66666666666666,2025-05-09,NA,NA,83.46134273713884,2025-08-07,2025-07-10,0.14,-0.44000000000000006,162.4,225.8,515,740.8000000000001,4.694945368919626,39.42947511338909,34.73452974446946,DEMO
2025_15,2025,15,A,2025-08-07,0,5.5519,14.1056,34.0533,2.1764,3.02,3.06,NA,NA,NA,NPK,129.66666666666666,2025-05-09,NA,NA,155.60912747113593,2025-08-07,2025-07-10,6.08,1.04,162.4,225.8,515,740.8000000000001,8.753469911012344,73.51410866181902,64.76063875080668,DEMO
2025_1,2025,1,A,2025-08-07,7.4839,5.9105,21.3853,65.613,2.7171,0,0.5,NA,NA,NA,PK,137.33333333333334,2025-05-17,NA,NA,235.728724,2025-08-07,2025-07-10,0.5,-0.8700000000000001,162.4,225.8,489,714.8000000000001,9.854973173893438,93.33504248146237,83.48006930756893,DEMO
2025_7,2025,7,A,2025-08-07,0,4.4055,27.9011,67.6334,2.3765,0.04,2.59,NA,NA,NA,NPK,137.33333333333334,2025-05-17,NA,NA,382.9403477259206,2025-08-07,2025-07-10,2.63,-2.12,162.4,225.8,489,714.8000000000001,16.009363602376997,151.62239465931515,135.61303105693815,DEMO
2025_7,2025,7,B,2025-08-07,0,5.4832,23.4647,30.7705,2.4282,0.25,1.24,NA,NA,NA,NPK,137.33333333333334,2025-05-17,NA,NA,382.9403477259206,2025-08-07,2025-07-10,1.49,-3.6500000000000004,162.4,225.8,489,714.8000000000001,16.009363602376997,151.62239465931515,135.61303105693815,DEMO
2025_8,2025,8,A,2025-08-07,0,4.5338,17.2458,73.9532,3.9235,0.01,1.22,NA,NA,NA,"R,gülle",137.33333333333334,2025-05-17,NA,NA,328.2876609551491,2025-08-07,2025-07-10,1.23,-1.7000000000000002,162.4,225.8,489,714.8000000000001,13.72453062628557,129.98306808545212,116.25853745916655,DEMO
2025_13,2025,13,A,2025-08-07,0,7.4247,13.1707,44.7391,2.4673,0,0.59,NA,NA,NA,"St,mist",129.66666666666666,2025-05-09,NA,NA,115.46794607438636,2025-08-07,2025-07-10,0.59,-0.030000000000000027,162.4,225.8,515,740.8000000000001,6.4954107003525285,54.55029067137493,48.0548799710224,DEMO
2025_13,2025,13,B,2025-08-07,0,6.8318,21.2951,75.4369,6.93,0.02,0.26,NA,NA,NA,"St,mist",129.66666666666666,2025-05-09,NA,NA,115.46794607438636,2025-08-07,2025-07-10,0.28,-0.8499999999999999,162.4,225.8,515,740.8000000000001,6.4954107003525285,54.55029067137493,48.0548799710224,DEMO
2025_16,2025,16,B,2025-08-07,0,4.6488,19.8356,42.3245,4.1699,0.02,0.5,NA,NA,NA,"R,gülle",129.66666666666666,2025-05-09,NA,NA,163.12428301927574,2025-08-07,2025-07-10,0.52,-2.81,162.4,225.8,515,740.8000000000001,9.176219456853872,77.06447855691981,67.88825910006594,DEMO
2025_4,2025,4,B,2025-08-07,0,6.1433,25.7932,65.5943,3.267,0.01,0.68,NA,NA,NA,Null,137.33333333333334,2025-05-17,NA,NA,201.96202265852725,2025-08-07,2025-07-10,0.6900000000000001,-1.1,162.4,225.8,489,714.8000000000001,8.443308399892093,79.96536715854664,71.52205875865455,DEMO
2025_5,2025,5,A,2025-08-07,0,6.5952,22.3378,56.0922,5.3221,0,2.12,NA,NA,NA,"St,mist",137.33333333333334,2025-05-17,NA,NA,318.0148743669502,2025-08-07,2025-07-10,2.12,-1.81,162.4,225.8,489,714.8000000000001,13.295062233422968,125.91563431521487,112.6205720817919,DEMO
2025_5,2025,5,B,2025-08-07,0,4.8759,22.7945,63.0152,3.8175,0.02,0.39,NA,NA,NA,"St,mist",137.33333333333334,2025-05-17,NA,NA,318.0148743669502,2025-08-07,2025-07-10,0.41000000000000003,-1.25,162.4,225.8,489,714.8000000000001,13.295062233422968,125.91563431521487,112.6205720817919,DEMO
2025_1,2025,1,A,2025-09-11,NA,NA,NA,NA,NA,0.09,0.4,NA,NA,NA,PK,137.33333333333334,2025-05-17,NA,NA,235.728724,2025-09-11,2025-08-07,0.49,-0.010000000000000009,173.4,311.40000000000003,714.8000000000001,1026.2,93.33504248146237,227.45924842135406,134.12420593989168,DEMO
2025_1,2025,1,B,2025-09-11,NA,NA,NA,NA,NA,0.39,0.62,NA,NA,NA,PK,137.33333333333334,2025-05-17,NA,NA,235.728724,2025-09-11,2025-08-07,1.01,0.52,173.4,311.40000000000003,714.8000000000001,1026.2,93.33504248146237,227.45924842135406,134.12420593989168,DEMO
2025_12,2025,12,A,2025-09-11,NA,NA,NA,NA,NA,0.3,0.2,NA,NA,NA,Null,129.66666666666666,2025-05-09,NA,NA,83.46134273713884,2025-09-11,2025-08-07,0.5,0.29,173.4,311.40000000000003,740.8000000000001,1052.2,39.42947511338909,81.29785917299388,41.86838405960479,DEMO
2025_12,2025,12,B,2025-09-11,NA,NA,NA,NA,NA,0.3,0.09,NA,NA,NA,Null,129.66666666666666,2025-05-09,NA,NA,83.46134273713884,2025-09-11,2025-08-07,0.39,0.25,173.4,311.40000000000003,740.8000000000001,1052.2,39.42947511338909,81.29785917299388,41.86838405960479,DEMO
2025_13,2025,13,A,2025-09-11,NA,NA,NA,NA,NA,0.4,0.28,NA,NA,NA,"St,mist",129.66666666666666,2025-05-09,NA,NA,115.46794607438636,2025-09-11,2025-08-07,0.68,0.09000000000000008,173.4,311.40000000000003,740.8000000000001,1052.2,54.55029067137493,112.474787860957,57.92449718958206,DEMO
2025_13,2025,13,B,2025-09-11,NA,NA,NA,NA,NA,0.3,0.38,NA,NA,NA,"St,mist",129.66666666666666,2025-05-09,NA,NA,115.46794607438636,2025-09-11,2025-08-07,0.6799999999999999,0.3999999999999999,173.4,311.40000000000003,740.8000000000001,1052.2,54.55029067137493,112.474787860957,57.92449718958206,DEMO
2025_15,2025,15,A,2025-09-11,NA,NA,NA,NA,NA,0.33,0.16,NA,NA,NA,NPK,129.66666666666666,2025-05-09,NA,NA,155.60912747113593,2025-09-11,2025-08-07,0.49,-5.59,173.4,311.40000000000003,740.8000000000001,1052.2,73.51410866181902,151.57543020873936,78.06132154692034,DEMO
2025_15,2025,15,B,2025-09-11,NA,NA,NA,NA,NA,0.07,0.2,NA,NA,NA,NPK,129.66666666666666,2025-05-09,NA,NA,155.60912747113593,2025-09-11,2025-08-07,0.27,-0.64,173.4,311.40000000000003,740.8000000000001,1052.2,73.51410866181902,151.57543020873936,78.06132154692034,DEMO
2025_16,2025,16,A,2025-09-11,NA,NA,NA,NA,NA,0.29,0.55,NA,NA,NA,"R,gülle",129.66666666666666,2025-05-09,NA,NA,163.12428301927574,2025-09-11,2025-08-07,0.8400000000000001,0.2300000000000001,173.4,311.40000000000003,740.8000000000001,1052.2,77.06447855691981,158.89577801742544,81.83129946050563,DEMO
2025_16,2025,16,B,2025-09-11,NA,NA,NA,NA,NA,0.05,0.53,NA,NA,NA,"R,gülle",129.66666666666666,2025-05-09,NA,NA,163.12428301927574,2025-09-11,2025-08-07,0.5800000000000001,0.06000000000000005,173.4,311.40000000000003,740.8000000000001,1052.2,77.06447855691981,158.89577801742544,81.83129946050563,DEMO
2025_4,2025,4,A,2025-09-11,NA,NA,NA,NA,NA,0.03,1,NA,NA,NA,Null,137.33333333333334,2025-05-17,NA,NA,201.96202265852725,2025-09-11,2025-08-07,1.03,0.020000000000000018,173.4,311.40000000000003,714.8000000000001,1026.2,79.96536715854664,194.8770989977661,114.91173183921946,DEMO
2025_4,2025,4,B,2025-09-11,NA,NA,NA,NA,NA,0.1,0.8,NA,NA,NA,Null,137.33333333333334,2025-05-17,NA,NA,201.96202265852725,2025-09-11,2025-08-07,0.9,0.20999999999999996,173.4,311.40000000000003,714.8000000000001,1026.2,79.96536715854664,194.8770989977661,114.91173183921946,DEMO
2025_5,2025,5,A,2025-09-11,NA,NA,NA,NA,NA,0.25,0.87,NA,NA,NA,"St,mist",137.33333333333334,2025-05-17,NA,NA,318.0148743669502,2025-09-11,2025-08-07,1.12,-1,173.4,311.40000000000003,714.8000000000001,1026.2,125.91563431521487,306.85876155812826,180.9431272429134,DEMO
2025_5,2025,5,B,2025-09-11,NA,NA,NA,NA,NA,0.18,0.67,NA,NA,NA,"St,mist",137.33333333333334,2025-05-17,NA,NA,318.0148743669502,2025-09-11,2025-08-07,0.8500000000000001,0.44000000000000006,173.4,311.40000000000003,714.8000000000001,1026.2,125.91563431521487,306.85876155812826,180.9431272429134,DEMO
2025_7,2025,7,A,2025-09-11,NA,NA,NA,NA,NA,0.19,0.45,NA,NA,NA,NPK,137.33333333333334,2025-05-17,NA,NA,382.9403477259206,2025-09-11,2025-08-07,0.64,-1.9899999999999998,173.4,311.40000000000003,714.8000000000001,1026.2,151.62239465931515,369.506618480444,217.88422382112884,DEMO
2025_7,2025,7,B,2025-09-11,NA,NA,NA,NA,NA,0.3,0.56,NA,NA,NA,NPK,137.33333333333334,2025-05-17,NA,NA,382.9403477259206,2025-09-11,2025-08-07,0.8600000000000001,-0.6299999999999999,173.4,311.40000000000003,714.8000000000001,1026.2,151.62239465931515,369.506618480444,217.88422382112884,DEMO
2025_8,2025,8,A,2025-09-11,NA,NA,NA,NA,NA,0.43,0.44,NA,NA,NA,"R,gülle",137.33333333333334,2025-05-17,NA,NA,328.2876609551491,2025-09-11,2025-08-07,0.87,-0.36,173.4,311.40000000000003,714.8000000000001,1026.2,129.98306808545212,316.77117391456505,186.78810582911294,DEMO
2025_8,2025,8,B,2025-09-11,NA,NA,NA,NA,NA,0.25,1.32,NA,NA,NA,"R,gülle",137.33333333333334,2025-05-17,NA,NA,328.2876609551491,2025-09-11,2025-08-07,1.57,0.7000000000000001,173.4,311.40000000000003,714.8000000000001,1026.2,129.98306808545212,316.77117391456505,186.78810582911294,DEMO
2025_9,2025,9,A,2025-09-11,NA,NA,NA,NA,NA,0.07,0.32,NA,NA,NA,PK,129.66666666666666,2025-05-09,NA,NA,83.8501175329669,2025-09-11,2025-08-07,0.39,-0.29000000000000004,173.4,311.40000000000003,740.8000000000001,1052.2,39.6131432121051,81.67655615491023,42.06341294280513,DEMO
2025_9,2025,9,B,2025-09-11,NA,NA,NA,NA,NA,0.19,0.33,NA,NA,NA,PK,129.66666666666666,2025-05-09,NA,NA,83.8501175329669,2025-09-11,2025-08-07,0.52,0.09000000000000002,173.4,311.40000000000003,740.8000000000001,1052.2,39.6131432121051,81.67655615491023,42.06341294280513,DEMO
2025_12,2025,12,A,NA,0,8.6409,24.3542,58.6685,12.7901,NA,NA,NA,NA,NA,NA,129.66666666666666,2025-05-09,NA,NA,83.46134273713884,NA,2025-09-11,NA,NA,0,0,1052.2,0,81.29785917299388,0.010298676998290807,-81.28756049599559,DEMO
2025_12,2025,12,B,NA,NA,NA,NA,NA,NA,NA,NA,NA,NA,NA,NA,129.66666666666666,2025-05-09,NA,NA,83.46134273713884,NA,2025-09-11,NA,NA,0,0,1052.2,0,81.29785917299388,0.010298676998290807,-81.28756049599559,DEMO
2025_16,2025,16,A,NA,8.1629,3.491,22.4309,48.4215,10.6022,NA,NA,NA,NA,NA,NA,129.66666666666666,2025-05-09,NA,NA,163.12428301927574,NA,2025-09-11,NA,NA,0,0,1052.2,0,158.89577801742544,0.020128651736221588,-158.8756493656892,DEMO
2025_16,2025,16,B,NA,0.3877,7.7128,30.4313,67.2234,11.5617,NA,NA,NA,NA,NA,NA,129.66666666666666,2025-05-09,NA,NA,163.12428301927574,NA,2025-09-11,NA,NA,0,0,1052.2,0,158.89577801742544,0.020128651736221588,-158.8756493656892,DEMO
2025_4,2025,4,B,NA,11.8712,7.5447,27.1372,75.2443,13.7145,NA,NA,NA,NA,NA,NA,137.33333333333334,2025-05-17,NA,NA,201.96202265852725,NA,2025-09-11,NA,NA,0,0,1026.2,0,194.8770989977661,0.024921018151270694,-194.85217797961482,DEMO
2025_5,2025,5,B,NA,6.1948,5.4062,24.6901,68.769,12.6786,NA,NA,NA,NA,NA,NA,137.33333333333334,2025-05-17,NA,NA,318.0148743669502,NA,2025-09-11,NA,NA,0,0,1026.2,0,306.85876155812826,0.03924131057982457,-306.81952024754844,DEMO
2025_7,2025,7,A,NA,1.5212,8.1386,29.8748,60.741,12.2614,NA,NA,NA,NA,NA,NA,137.33333333333334,2025-05-17,NA,NA,382.9403477259206,NA,2025-09-11,NA,NA,0,0,1026.2,0,369.506618480444,0.04725276183566011,-369.45936571860835,DEMO
2025_13,2025,13,A,NA,5.951,10.0913,27.1563,88.2026,15.7574,NA,NA,NA,NA,NA,NA,129.66666666666666,2025-05-09,NA,NA,115.46794607438636,NA,2025-09-11,NA,NA,0,0,1052.2,0,112.474787860957,0.014248118245849975,-112.46053974271115,DEMO
2025_15,2025,15,B,NA,0,9.2324,37.1908,74.7561,17.2861,NA,NA,NA,NA,NA,NA,129.66666666666666,2025-05-09,NA,NA,155.60912747113593,NA,2025-09-11,NA,NA,0,0,1052.2,0,151.57543020873936,0.019201322303888303,-151.55622888643546,DEMO
2025_1,2025,1,B,NA,11.4864,10.4064,41.3305,81.2329,15.1203,NA,NA,NA,NA,NA,NA,137.33333333333334,2025-05-17,NA,NA,235.728724,NA,2025-09-11,NA,NA,0,0,1026.2,0,227.45924842135406,0.029087645945755445,-227.4301607754083,DEMO
2025_7,2025,7,B,NA,0,9.3081,35.0362,80.0637,14.2523,NA,NA,NA,NA,NA,NA,137.33333333333334,2025-05-17,NA,NA,382.9403477259206,NA,2025-09-11,NA,NA,0,0,1026.2,0,369.506618480444,0.04725276183566011,-369.45936571860835,DEMO
2025_8,2025,8,B,NA,7.6982,8.1456,39.6886,89.5886,14.5172,NA,NA,NA,NA,NA,NA,137.33333333333334,2025-05-17,NA,NA,328.2876609551491,NA,2025-09-11,NA,NA,0,0,1026.2,0,316.77117391456505,0.040508916725072425,-316.73066499784,DEMO
2025_9,2025,9,A,NA,21.4407,10.1751,23.5378,55.8797,11.8842,NA,NA,NA,NA,NA,NA,129.66666666666666,2025-05-09,NA,NA,83.8501175329669,NA,2025-09-11,NA,NA,0,0,1052.2,0,81.67655615491023,0.010346649699376147,-81.66620950521086,DEMO
2025_9,2025,9,B,NA,14.8783,6.8938,26.4802,69.8383,11.6774,NA,NA,NA,NA,NA,NA,129.66666666666666,2025-05-09,NA,NA,83.8501175329669,NA,2025-09-11,NA,NA,0,0,1052.2,0,81.67655615491023,0.010346649699376147,-81.66620950521086,DEMO
2025_13,2025,13,B,NA,5.6556,9.5001,31.5641,89.8099,15.4049,NA,NA,NA,NA,NA,NA,129.66666666666666,2025-05-09,NA,NA,115.46794607438636,NA,2025-09-11,NA,NA,0,0,1052.2,0,112.474787860957,0.014248118245849975,-112.46053974271115,DEMO
2025_15,2025,15,A,NA,0,24.9364,47.0381,79.4154,17.5863,NA,NA,NA,NA,NA,NA,129.66666666666666,2025-05-09,NA,NA,155.60912747113593,NA,2025-09-11,NA,NA,0,0,1052.2,0,151.57543020873936,0.019201322303888303,-151.55622888643546,DEMO
2025_1,2025,1,A,NA,30.3163,8.9312,30.4617,68.6878,14.3401,NA,NA,NA,NA,NA,NA,137.33333333333334,2025-05-17,NA,NA,235.728724,NA,2025-09-11,NA,NA,0,0,1026.2,0,227.45924842135406,0.029087645945755445,-227.4301607754083,DEMO
2025_4,2025,4,A,NA,16.1973,5.746,19.7179,69.0209,12.4721,NA,NA,NA,NA,NA,NA,137.33333333333334,2025-05-17,NA,NA,201.96202265852725,NA,2025-09-11,NA,NA,0,0,1026.2,0,194.8770989977661,0.024921018151270694,-194.85217797961482,DEMO
2025_5,2025,5,A,NA,5.126,5.8185,24.1573,82.3028,12.752,NA,NA,NA,NA,NA,NA,137.33333333333334,2025-05-17,NA,NA,318.0148743669502,NA,2025-09-11,NA,NA,0,0,1026.2,0,306.85876155812826,0.03924131057982457,-306.81952024754844,DEMO
2025_8,2025,8,A,NA,5.8971,7.3715,31.8903,87.7641,18.0543,NA,NA,NA,NA,NA,NA,137.33333333333334,2025-05-17,NA,NA,328.2876609551491,NA,2025-09-11,NA,NA,0,0,1026.2,0,316.77117391456505,0.040508916725072425,-316.73066499784,DEMO
