"0","df_final |> "
"0","  # 1. Nur Zeilen mit gültigen Werten behalten"
"0","  drop_na(NH4, NO3, Verfahren) |> "
"0","  "
"0","  # 2. Umformen ins ""Long-Format"", damit wir NH4 und NO3 nebeneinander plotten können"
"0","  pivot_longer("
"0","    cols = c(NH4, NO3), "
"0","    names_to = ""Nmin_Typ"", "
"0","    values_to = ""Konzentration"""
"0","  ) |> "
"0","  "
"0","  # 3. Der Plot"
"0","  ggplot(aes(x = Verfahren, y = Konzentration, fill = Verfahren)) +"
"0","  geom_boxplot(alpha = 0.7, outlier.shape = 21, outlier.size = 3) +"
"0","  "
"0","  # Teilt den Plot in zwei nebeneinanderliegende Bereiche (NH4 und NO3)"
"0","  facet_wrap(~ Nmin_Typ, scales = ""free_y"") +"
"0","  "
"0","  # Optik"
"0","  theme_minimal(base_size = 14) +"
"0","  theme("
"0","    panel.border = element_rect(color = ""black"", fill = NA, linewidth = 0.5),"
"0","    legend.position = ""none"","
"0","    axis.text.x = element_text(angle = 45, hjust = 1)"
"0","  ) +"
"0","  labs("
"0","    title = ""Verteilung von Ammonium und Nitrat im Boden"","
"0","    subtitle = ""Vergleich der Düngungsverfahren (Laborwerte)"","
"0","    x = ""Düngungsverfahren"","
"0","    y = ""Konzentration (mg/kg)"""
"0","  )"
