date,id_lysi,treat,carbon,NH4_N,NO3_N,BOB,LAP,NAG,GLS,MUP,MUX,Comments,SW,year,plot_nr,treatment,soil_type,crop,NH4,NO3,Ntot,LTE,id_treat,date_short,TS g/100g,NO3-N,NH4-N,NMin 0-30 cm [kgN/ha],NMin 0-60 cm [kgN/ha],fertilisation [kgN/ha],precip_sum,Precip_7d,Precip_14d,Precip_30d,GDD_cum,GDD_7d,GDD_14d,GDD_30d,Aridity_14d
2025-03-11,1,null,high,0.1,2.12,NA,NA,NA,NA,NA,NA,NA,NA,2025,1,null,high,WW,0.1,2.12,2.22,Lysimeter,NA,NA,NA,NA,NA,NA,NA,NA,0,0.4,5.6,33.2,4268.65,44.6,64.95,120.85,0.0849128127369219
2025-03-11,2,null,low,0.22,1.34,BOB_05,12.4593,5.6741,13.3029,58.5006,4.002,NA,NA,2025,2,null,low,WW,0.22,1.34,1.56,Lysimeter,NA,NA,NA,NA,NA,NA,NA,NA,0,0.4,5.6,33.2,4268.65,44.6,64.95,120.85,0.0849128127369219
2025-03-11,3,conventional,high,0.11,1.68,BOB_09,3.834,4.6414,9.7766,54.4957,3.5989,NA,NA,2025,3,conventional,high,WW,0.11,1.68,1.79,Lysimeter,NA,NA,NA,NA,NA,NA,NA,NA,0,0.4,5.6,33.2,4268.65,44.6,64.95,120.85,0.0849128127369219
2025-03-11,4,conventional,low,0.05,1.03,BOB_06,16.2087,9.0758,18.3625,70.0943,4.0387,NA,NA,2025,4,conventional,low,WW,0.05,1.03,1.08,Lysimeter,NA,NA,NA,NA,NA,NA,NA,NA,0,0.4,5.6,33.2,4268.65,44.6,64.95,120.85,0.0849128127369219
2025-03-11,5,optimized,high,0.08,1.79,BOB_05,5.7307,4.9799,10.0668,45.9432,3.4059,NA,NA,2025,5,optimized,high,WW,0.08,1.79,1.87,Lysimeter,NA,NA,NA,NA,NA,NA,NA,NA,0,0.4,5.6,33.2,4268.65,44.6,64.95,120.85,0.0849128127369219
2025-03-11,6,null,low,0.06,1.04,BOB_09,14.821,4.8897,14.4373,76.6708,5.2221,NA,NA,2025,6,null,low,WW,0.06,1.04,1.1,Lysimeter,NA,NA,NA,NA,NA,NA,NA,NA,0,0.4,5.6,33.2,4268.65,44.6,64.95,120.85,0.0849128127369219
2025-03-11,7,optimized,high,0.08,2.32,BOB_06,6.3863,5.9854,7.7247,50.5745,3.7214,NA,NA,2025,7,optimized,high,WW,0.08,2.32,2.4,Lysimeter,NA,NA,NA,NA,NA,NA,NA,NA,0,0.4,5.6,33.2,4268.65,44.6,64.95,120.85,0.0849128127369219
2025-03-11,8,inhibitor,low,0.17,1.55,BOB_05,19.7695,6.6383,11.1043,50.3246,4.0506,NA,NA,2025,8,inhibitor,low,WW,0.17,1.55,1.72,Lysimeter,NA,NA,NA,NA,NA,NA,NA,NA,0,0.4,5.6,33.2,4268.65,44.6,64.95,120.85,0.0849128127369219
2025-03-11,9,null,high,0.11,2.54,BOB_09,3.094,5.0184,10.839,55.3359,3.2568,NA,NA,2025,9,null,high,WW,0.11,2.54,2.65,Lysimeter,NA,NA,NA,NA,NA,NA,NA,NA,0,0.4,5.6,33.2,4268.65,44.6,64.95,120.85,0.0849128127369219
2025-03-11,10,null,low,0.09,0.95,BOB_06,13.8475,5.684,12.5526,58.6238,3.6531,NA,NA,2025,10,null,low,WW,0.09,0.95,1.04,Lysimeter,NA,NA,NA,NA,NA,NA,NA,NA,0,0.4,5.6,33.2,4268.65,44.6,64.95,120.85,0.0849128127369219
2025-03-11,11,inhibitor,high,0.08,2.26,BOB_05,5.7805,4.2029,8.2082,47.2889,3.2271,NA,NA,2025,11,inhibitor,high,WW,0.08,2.26,2.34,Lysimeter,NA,NA,NA,NA,NA,NA,NA,NA,0,0.4,5.6,33.2,4268.65,44.6,64.95,120.85,0.0849128127369219
2025-03-11,12,inhibitor,low,0.09,1.18,BOB_09,15.0038,8.0497,16.7783,73.1521,4.683,NA,NA,2025,12,inhibitor,low,WW,0.09,1.18,1.27,Lysimeter,NA,NA,NA,NA,NA,NA,NA,NA,0,0.4,5.6,33.2,4268.65,44.6,64.95,120.85,0.0849128127369219
2025-03-11,13,inhibitor,high,0.09,2.26,BOB_06,2.6083,4.3655,8.2244,43.0647,3.2545,NA,NA,2025,13,inhibitor,high,WW,0.09,2.26,2.3499999999999996,Lysimeter,NA,NA,NA,NA,NA,NA,NA,NA,0,0.4,5.6,33.2,4268.65,44.6,64.95,120.85,0.0849128127369219
2025-03-11,14,conventional,low,0.08,0.92,BOB_05,7.5079,5.5889,8.1847,59.0327,3.7555,NA,NA,2025,14,conventional,low,WW,0.08,0.92,1,Lysimeter,NA,NA,NA,NA,NA,NA,NA,NA,0,0.4,5.6,33.2,4268.65,44.6,64.95,120.85,0.0849128127369219
2025-03-11,15,optimized,high,0.09,1.79,BOB_09,4.9473,7.5812,10.4251,50.8648,3.3596,NA,NA,2025,15,optimized,high,WW,0.09,1.79,1.8800000000000001,Lysimeter,NA,NA,NA,NA,NA,NA,NA,NA,0,0.4,5.6,33.2,4268.65,44.6,64.95,120.85,0.0849128127369219
2025-03-11,16,conventional,low,0.05,0.84,BOB_06,9.446,5.5249,14.6308,57.2357,4.0906,NA,NA,2025,16,conventional,low,WW,0.05,0.84,0.89,Lysimeter,NA,NA,NA,NA,NA,NA,NA,NA,0,0.4,5.6,33.2,4268.65,44.6,64.95,120.85,0.0849128127369219
2025-03-11,17,conventional,high,0.09,1.69,BOB_05,3.7219,3.5657,6.1455,41.1197,2.8695,NA,NA,2025,17,conventional,high,WW,0.09,1.69,1.78,Lysimeter,NA,NA,NA,NA,NA,NA,NA,NA,0,0.4,5.6,33.2,4268.65,44.6,64.95,120.85,0.0849128127369219
2025-03-11,18,null,low,0.01,0.65,BOB_09,11.4345,6.022,15.1027,66.728,3.604,NA,NA,2025,18,null,low,WW,0.01,0.65,0.66,Lysimeter,NA,NA,NA,NA,NA,NA,NA,NA,0,0.4,5.6,33.2,4268.65,44.6,64.95,120.85,0.0849128127369219
2025-03-11,19,conventional,high,0,1.96,BOB_06,-1.1744,4.2317,8.5054,43.9189,3.5362,NA,NA,2025,19,conventional,high,WW,0,1.96,1.96,Lysimeter,NA,NA,NA,NA,NA,NA,NA,NA,0,0.4,5.6,33.2,4268.65,44.6,64.95,120.85,0.0849128127369219
2025-03-11,20,optimized,low,0.03,0.8,BOB_05,7.1218,4.5751,13.2118,52.7448,3.5616,NA,NA,2025,20,optimized,low,WW,0.03,0.8,0.8300000000000001,Lysimeter,NA,NA,NA,NA,NA,NA,NA,NA,0,0.4,5.6,33.2,4268.65,44.6,64.95,120.85,0.0849128127369219
2025-03-11,21,null,high,0.06,2.29,BOB_09,3.2981,4.7387,10.0301,49.9797,3.3262,NA,NA,2025,21,null,high,WW,0.06,2.29,2.35,Lysimeter,NA,NA,NA,NA,NA,NA,NA,NA,0,0.4,5.6,33.2,4268.65,44.6,64.95,120.85,0.0849128127369219
2025-03-11,22,optimized,low,0.04,0.98,BOB_06,8.1537,4.6616,14.8418,59.5993,3.4536,NA,NA,2025,22,optimized,low,WW,0.04,0.98,1.02,Lysimeter,NA,NA,NA,NA,NA,NA,NA,NA,0,0.4,5.6,33.2,4268.65,44.6,64.95,120.85,0.0849128127369219
2025-03-11,23,optimized,high,0.06,1.69,BOB_05,-5.5091,2.9996,7.277,43.5978,2.3227,NA,NA,2025,23,optimized,high,WW,0.06,1.69,1.75,Lysimeter,NA,NA,NA,NA,NA,NA,NA,NA,0,0.4,5.6,33.2,4268.65,44.6,64.95,120.85,0.0849128127369219
2025-03-11,24,optimized,low,0.11,1.48,BOB_09,14.8769,5.8862,18.6999,60.9108,3.9184,NA,NA,2025,24,optimized,low,WW,0.11,1.48,1.59,Lysimeter,NA,NA,NA,NA,NA,NA,NA,NA,0,0.4,5.6,33.2,4268.65,44.6,64.95,120.85,0.0849128127369219
2025-03-11,25,conventional,high,0.02,1.63,BOB_06,6.2326,3.7649,8.9732,43.3711,5.6264,NA,NA,2025,25,conventional,high,WW,0.02,1.63,1.65,Lysimeter,NA,NA,NA,NA,NA,NA,NA,NA,0,0.4,5.6,33.2,4268.65,44.6,64.95,120.85,0.0849128127369219
2025-03-11,26,optimized,low,0.02,0.96,BOB_05,6.691,4.8195,11.1034,45.3772,2.8857,NA,NA,2025,26,optimized,low,WW,0.02,0.96,0.98,Lysimeter,NA,NA,NA,NA,NA,NA,NA,NA,0,0.4,5.6,33.2,4268.65,44.6,64.95,120.85,0.0849128127369219
2025-03-11,27,null,high,0.98,3.27,BOB_09,-0.5131,3.72,9.7938,55.6131,3.4799,NA,NA,2025,27,null,high,WW,0.98,3.27,4.25,Lysimeter,NA,NA,NA,NA,NA,NA,NA,NA,0,0.4,5.6,33.2,4268.65,44.6,64.95,120.85,0.0849128127369219
2025-03-11,28,inhibitor,low,0,1.54,NA,NA,NA,NA,NA,NA,NA,NA,2025,28,inhibitor,low,WW,0,1.54,1.54,Lysimeter,NA,NA,NA,NA,NA,NA,NA,NA,0,0.4,5.6,33.2,4268.65,44.6,64.95,120.85,0.0849128127369219
2025-03-11,29,inhibitor,high,0.04,2.13,BOB_05,2.4846,3.61,7.1821,41.3087,2.225,NA,NA,2025,29,inhibitor,high,WW,0.04,2.13,2.17,Lysimeter,NA,NA,NA,NA,NA,NA,NA,NA,0,0.4,5.6,33.2,4268.65,44.6,64.95,120.85,0.0849128127369219
2025-03-11,30,conventional,low,0,1.09,BOB_09,7.6464,4.1708,11.0802,59.2612,3.6933,NA,NA,2025,30,conventional,low,WW,0,1.09,1.09,Lysimeter,NA,NA,NA,NA,NA,NA,NA,NA,0,0.4,5.6,33.2,4268.65,44.6,64.95,120.85,0.0849128127369219
2025-03-11,31,inhibitor,high,0.04,1,NA,NA,NA,NA,NA,NA,NA,NA,2025,31,inhibitor,high,WW,0.04,1,1.04,Lysimeter,NA,NA,NA,NA,NA,NA,NA,NA,0,0.4,5.6,33.2,4268.65,44.6,64.95,120.85,0.0849128127369219
2025-03-11,32,inhibitor,low,0.02,0.91,BOB_05,0.9109,3.3516,8.9842,58.4224,2.4107,NA,NA,2025,32,inhibitor,low,WW,0.02,0.91,0.93,Lysimeter,NA,NA,NA,NA,NA,NA,NA,NA,0,0.4,5.6,33.2,4268.65,44.6,64.95,120.85,0.0849128127369219
2025-04-08,1,null,high,0.11,3.46,BOB_05,-4.4139,3.9113,7.5685,35.7586,2.6935,NA,NA,2025,1,null,high,WW,0.11,3.46,3.57,Lysimeter,NA,NA,NA,NA,NA,NA,NA,NA,0,0,8.3,33.2,4487.2,67.95,126.15,235.25,0.06527723161620134
2025-04-08,2,null,low,0.11,1.62,BOB_06,-0.667,5.1431,12.8313,44.878,2.814,NA,NA,2025,2,null,low,WW,0.11,1.62,1.7300000000000002,Lysimeter,NA,NA,NA,NA,NA,NA,NA,NA,0,0,8.3,33.2,4487.2,67.95,126.15,235.25,0.06527723161620134
2025-04-08,3,conventional,high,0.13,5.19,BOB_09,6.2604,7.3388,16.5626,58.9403,4.8966,NA,NA,2025,3,conventional,high,WW,0.13,5.19,5.32,Lysimeter,NA,NA,NA,NA,NA,NA,NA,NA,0,0,8.3,33.2,4487.2,67.95,126.15,235.25,0.06527723161620134
2025-04-08,4,conventional,low,0.1,3.16,BOB_05,13.0357,8.4073,17.9264,55.5924,4.767,NA,NA,2025,4,conventional,low,WW,0.1,3.16,3.2600000000000002,Lysimeter,NA,NA,NA,NA,NA,NA,NA,NA,0,0,8.3,33.2,4487.2,67.95,126.15,235.25,0.06527723161620134
2025-04-08,5,optimized,high,0.11,4.46,BOB_06,10.485900000000001,4.1081,17.8563,40.5735,3.6087,NA,NA,2025,5,optimized,high,WW,0.11,4.46,4.57,Lysimeter,NA,NA,NA,NA,NA,NA,NA,NA,0,0,8.3,33.2,4487.2,67.95,126.15,235.25,0.06527723161620134
2025-04-08,6,null,low,0.09,1.73,BOB_09,13.4457,10.1449,20.7946,85.8686,6.2507,NA,NA,2025,6,null,low,WW,0.09,1.73,1.82,Lysimeter,NA,NA,NA,NA,NA,NA,NA,NA,0,0,8.3,33.2,4487.2,67.95,126.15,235.25,0.06527723161620134
2025-04-08,7,optimized,high,0.12,3.72,BOB_05,7.4518,5.8774,11.5929,46.779,3.2652,NA,NA,2025,7,optimized,high,WW,0.12,3.72,3.8400000000000003,Lysimeter,NA,NA,NA,NA,NA,NA,NA,NA,0,0,8.3,33.2,4487.2,67.95,126.15,235.25,0.06527723161620134
2025-04-08,8,inhibitor,low,0.69,10.78,BOB_06,14.4253,7.2668,23.7659,58.3263,6.0587,NA,NA,2025,8,inhibitor,low,WW,0.69,10.78,11.469999999999999,Lysimeter,NA,NA,NA,NA,NA,NA,NA,NA,0,0,8.3,33.2,4487.2,67.95,126.15,235.25,0.06527723161620134
2025-04-08,9,null,high,0.11,3.37,BOB_09,9.0373,5.1822,12.3037,48.3494,4.5059,NA,NA,2025,9,null,high,WW,0.11,3.37,3.48,Lysimeter,NA,NA,NA,NA,NA,NA,NA,NA,0,0,8.3,33.2,4487.2,67.95,126.15,235.25,0.06527723161620134
2025-04-08,10,null,low,0.1,1.38,BOB_05,17.7522,7.1947,26.276,81.4072,5.5945,NA,NA,2025,10,null,low,WW,0.1,1.38,1.48,Lysimeter,NA,NA,NA,NA,NA,NA,NA,NA,0,0,8.3,33.2,4487.2,67.95,126.15,235.25,0.06527723161620134
2025-04-08,11,inhibitor,high,0.57,7.66,BOB_06,7.3714,5.8986,12.4516,60.5501,4.1495,NA,NA,2025,11,inhibitor,high,WW,0.57,7.66,8.23,Lysimeter,NA,NA,NA,NA,NA,NA,NA,NA,0,0,8.3,33.2,4487.2,67.95,126.15,235.25,0.06527723161620134
2025-04-08,12,inhibitor,low,0.12,5.08,BOB_09,18.6935,11.1833,28.7058,119.8549,6.9482,NA,NA,2025,12,inhibitor,low,WW,0.12,5.08,5.2,Lysimeter,NA,NA,NA,NA,NA,NA,NA,NA,0,0,8.3,33.2,4487.2,67.95,126.15,235.25,0.06527723161620134
2025-04-08,13,inhibitor,high,1.6,6.73,BOB_05,8.7844,5.1767,10.4986,54.5201,3.4164,NA,NA,2025,13,inhibitor,high,WW,1.6,6.73,8.33,Lysimeter,NA,NA,NA,NA,NA,NA,NA,NA,0,0,8.3,33.2,4487.2,67.95,126.15,235.25,0.06527723161620134
2025-04-08,14,conventional,low,0.13,5.86,BOB_06,21.9334,8.4513,20.6741,68.8559,4.357,NA,NA,2025,14,conventional,low,WW,0.13,5.86,5.99,Lysimeter,NA,NA,NA,NA,NA,NA,NA,NA,0,0,8.3,33.2,4487.2,67.95,126.15,235.25,0.06527723161620134
2025-04-08,15,optimized,high,0.14,4.25,BOB_09,12.0501,7.1287,15.5357,74.2421,5.0847,NA,NA,2025,15,optimized,high,WW,0.14,4.25,4.39,Lysimeter,NA,NA,NA,NA,NA,NA,NA,NA,0,0,8.3,33.2,4487.2,67.95,126.15,235.25,0.06527723161620134
2025-04-08,16,conventional,low,0.14,3.99,BOB_05,17.638,6.5088,19.3818,68.1768,3.8842,NA,NA,2025,16,conventional,low,WW,0.14,3.99,4.13,Lysimeter,NA,NA,NA,NA,NA,NA,NA,NA,0,0,8.3,33.2,4487.2,67.95,126.15,235.25,0.06527723161620134
2025-04-08,17,conventional,high,0.15,7.05,BOB_06,9.3312,5.1735,11.1555,54.3363,3.5614,NA,NA,2025,17,conventional,high,WW,0.15,7.05,7.2,Lysimeter,NA,NA,NA,NA,NA,NA,NA,NA,0,0,8.3,33.2,4487.2,67.95,126.15,235.25,0.06527723161620134
2025-04-08,18,null,low,0.11,1.29,BOB_09,20.4435,9.1307,17.9999,108.832,4.712,NA,NA,2025,18,null,low,WW,0.11,1.29,1.4000000000000001,Lysimeter,NA,NA,NA,NA,NA,NA,NA,NA,0,0,8.3,33.2,4487.2,67.95,126.15,235.25,0.06527723161620134
2025-04-08,19,conventional,high,0.13,5.47,BOB_05,7.4294,6.8301,11.2361,50.0286,3.821,NA,NA,2025,19,conventional,high,WW,0.13,5.47,5.6,Lysimeter,NA,NA,NA,NA,NA,NA,NA,NA,0,0,8.3,33.2,4487.2,67.95,126.15,235.25,0.06527723161620134
2025-04-08,20,optimized,low,0.11,2.3,BOB_06,24.2349,7.5993,20.9863,81.5355,5.441,NA,NA,2025,20,optimized,low,WW,0.11,2.3,2.4099999999999997,Lysimeter,NA,NA,NA,NA,NA,NA,NA,NA,0,0,8.3,33.2,4487.2,67.95,126.15,235.25,0.06527723161620134
2025-04-08,21,null,high,0.11,3.29,BOB_09,10.2367,7.2575,11.4239,44.3303,3.7469,NA,NA,2025,21,null,high,WW,0.11,3.29,3.4,Lysimeter,NA,NA,NA,NA,NA,NA,NA,NA,0,0,8.3,33.2,4487.2,67.95,126.15,235.25,0.06527723161620134
2025-04-08,22,optimized,low,0.09,3.02,BOB_05,12.27,5.7642,20.3447,60.3562,3.8665,NA,NA,2025,22,optimized,low,WW,0.09,3.02,3.11,Lysimeter,NA,NA,NA,NA,NA,NA,NA,NA,0,0,8.3,33.2,4487.2,67.95,126.15,235.25,0.06527723161620134
2025-04-08,23,optimized,high,0.08,4.37,BOB_06,9.4835,6.2797,10.9076,48.28,3.6769,NA,NA,2025,23,optimized,high,WW,0.08,4.37,4.45,Lysimeter,NA,NA,NA,NA,NA,NA,NA,NA,0,0,8.3,33.2,4487.2,67.95,126.15,235.25,0.06527723161620134
2025-04-08,24,optimized,low,0.09,3,BOB_09,11.0011,7.2427,18.5565,72.9271,5.3177,NA,NA,2025,24,optimized,low,WW,0.09,3,3.09,Lysimeter,NA,NA,NA,NA,NA,NA,NA,NA,0,0,8.3,33.2,4487.2,67.95,126.15,235.25,0.06527723161620134
2025-04-08,25,conventional,high,0.1,5.5,BOB_05,10.7418,6.3681,10.6621,45.5351,3.8848,NA,NA,2025,25,conventional,high,WW,0.1,5.5,5.6,Lysimeter,NA,NA,NA,NA,NA,NA,NA,NA,0,0,8.3,33.2,4487.2,67.95,126.15,235.25,0.06527723161620134
2025-04-08,26,optimized,low,0.08,2.54,BOB_06,19.8003,7.5192,19.3424,64.9602,4.9797,NA,NA,2025,26,optimized,low,WW,0.08,2.54,2.62,Lysimeter,NA,NA,NA,NA,NA,NA,NA,NA,0,0,8.3,33.2,4487.2,67.95,126.15,235.25,0.06527723161620134
2025-04-08,27,null,high,0.1,5.22,BOB_09,2.0685,4.3264,9.3268,56.1921,3.6845,NA,NA,2025,27,null,high,WW,0.1,5.22,5.319999999999999,Lysimeter,NA,NA,NA,NA,NA,NA,NA,NA,0,0,8.3,33.2,4487.2,67.95,126.15,235.25,0.06527723161620134
2025-04-08,28,inhibitor,low,0.13,8.48,BOB_05,10.9641,5.855,15.1279,58.9336,4.4416,NA,NA,2025,28,inhibitor,low,WW,0.13,8.48,8.610000000000001,Lysimeter,NA,NA,NA,NA,NA,NA,NA,NA,0,0,8.3,33.2,4487.2,67.95,126.15,235.25,0.06527723161620134
2025-04-08,29,inhibitor,high,2.31,8.41,BOB_06,11.227,6.2136,15.7582,54.0873,3.9611,NA,NA,2025,29,inhibitor,high,WW,2.31,8.41,10.72,Lysimeter,NA,NA,NA,NA,NA,NA,NA,NA,0,0,8.3,33.2,4487.2,67.95,126.15,235.25,0.06527723161620134
2025-04-08,30,conventional,low,0.14,8.91,BOB_05,11.9759,5.3747,13.1966,62.7629,3.8256,NA,NA,2025,30,conventional,low,WW,0.14,8.91,9.05,Lysimeter,NA,NA,NA,NA,NA,NA,NA,NA,0,0,8.3,33.2,4487.2,67.95,126.15,235.25,0.06527723161620134
2025-04-08,31,inhibitor,high,0.27,4.09,BOB_06,6.7112,5.3127,12.1618,51.2715,3.2893,NA,NA,2025,31,inhibitor,high,WW,0.27,4.09,4.359999999999999,Lysimeter,NA,NA,NA,NA,NA,NA,NA,NA,0,0,8.3,33.2,4487.2,67.95,126.15,235.25,0.06527723161620134
2025-04-08,32,inhibitor,low,0.13,4.09,BOB_09,8.428,6.7776,18.4389,82.0412,4.9343,NA,NA,2025,32,inhibitor,low,WW,0.13,4.09,4.22,Lysimeter,NA,NA,NA,NA,NA,NA,NA,NA,0,0,8.3,33.2,4487.2,67.95,126.15,235.25,0.06527723161620134
2025-05-13,1,null,high,0.49,0.65,BOB_05,-6.4906,3.0304,7.3428,38.5793,2.4211,NA,0.26,2025,1,null,high,WW,0.49,0.65,1.1400000000000001,Lysimeter,NA,NA,NA,NA,NA,NA,NA,NA,0,5.6,41.4,84.89999999999999,4901.8,85.1,183,359.5,0.225
2025-05-13,2,null,low,0.11,0.64,BOB_06,9.3771,4.8137,11.5743,55.9153,3.0798,NA,0.26,2025,2,null,low,WW,0.11,0.64,0.75,Lysimeter,NA,NA,NA,NA,NA,NA,NA,NA,0,5.6,41.4,84.89999999999999,4901.8,85.1,183,359.5,0.225
2025-05-13,3,conventional,high,0.25,1.01,BOB_09,5.6676,5.4868,8.9678,47.4172,3.9323,NA,0.23,2025,3,conventional,high,WW,0.25,1.01,1.26,Lysimeter,NA,NA,NA,NA,NA,NA,NA,NA,0,5.6,41.4,84.89999999999999,4901.8,85.1,183,359.5,0.225
2025-05-13,4,conventional,low,0.43,0.99,BOB_05,16.7609,7.9403,17.6412,41.6499,4.5899,NA,0.13,2025,4,conventional,low,WW,0.43,0.99,1.42,Lysimeter,NA,NA,NA,NA,NA,NA,NA,NA,0,5.6,41.4,84.89999999999999,4901.8,85.1,183,359.5,0.225
2025-05-13,5,optimized,high,0.21,0.71,BOB_06,5.795,4.5516,7.9395,40.3812,3.4801,NA,0.19,2025,5,optimized,high,WW,0.21,0.71,0.9199999999999999,Lysimeter,NA,NA,NA,NA,NA,NA,NA,NA,0,5.6,41.4,84.89999999999999,4901.8,85.1,183,359.5,0.225
2025-05-13,6,null,low,0.16,0.55,BOB_09,8.7724,5.1729,16.1512,70.0949,3.8847,NA,0.17,2025,6,null,low,WW,0.16,0.55,0.7100000000000001,Lysimeter,NA,NA,NA,NA,NA,NA,NA,NA,0,5.6,41.4,84.89999999999999,4901.8,85.1,183,359.5,0.225
2025-05-13,7,optimized,high,0.72,2.16,BOB_05,5.6301,5.3716,8.6857,43.4413,3.3895,NA,0.21,2025,7,optimized,high,WW,0.72,2.16,2.88,Lysimeter,NA,NA,NA,NA,NA,NA,NA,NA,0,5.6,41.4,84.89999999999999,4901.8,85.1,183,359.5,0.225
2025-05-13,8,inhibitor,low,0.17,0.49,BOB_06,15.7563,6.6002,13.4717,57.2504,5.7326,NA,0.24,2025,8,inhibitor,low,WW,0.17,0.49,0.66,Lysimeter,NA,NA,NA,NA,NA,NA,NA,NA,0,5.6,41.4,84.89999999999999,4901.8,85.1,183,359.5,0.225
2025-05-13,9,null,high,0.68,0.8,BOB_09,5.0595,5.518,11.5146,52.5272,4.2217,NA,0.29,2025,9,null,high,WW,0.68,0.8,1.48,Lysimeter,NA,NA,NA,NA,NA,NA,NA,NA,0,5.6,41.4,84.89999999999999,4901.8,85.1,183,359.5,0.225
2025-05-13,10,null,low,0.15,0.53,BOB_05,20.9534,7.0005,17.7782,69.9317,3.3783,NA,0.16,2025,10,null,low,WW,0.15,0.53,0.68,Lysimeter,NA,NA,NA,NA,NA,NA,NA,NA,0,5.6,41.4,84.89999999999999,4901.8,85.1,183,359.5,0.225
2025-05-13,11,inhibitor,high,0.62,0.71,BOB_06,14.6207,8.6111,13.3187,55.1773,5.3038,NA,0.2,2025,11,inhibitor,high,WW,0.62,0.71,1.33,Lysimeter,NA,NA,NA,NA,NA,NA,NA,NA,0,5.6,41.4,84.89999999999999,4901.8,85.1,183,359.5,0.225
2025-05-13,12,inhibitor,low,13.02,8.68,BOB_09,26.4895,6.2712,20.0219,63.2543,5.5078,NA,0.01,2025,12,inhibitor,low,WW,13.02,8.68,21.7,Lysimeter,NA,NA,NA,NA,NA,NA,NA,NA,0,5.6,41.4,84.89999999999999,4901.8,85.1,183,359.5,0.225
2025-05-13,13,inhibitor,high,0.91,1.21,BOB_05,9.2563,6.9021,11.5713,42.8224,3.9882,NA,0.19,2025,13,inhibitor,high,WW,0.91,1.21,2.12,Lysimeter,NA,NA,NA,NA,NA,NA,NA,NA,0,5.6,41.4,84.89999999999999,4901.8,85.1,183,359.5,0.225
2025-05-13,14,conventional,low,0.2,0.81,BOB_06,25.5925,8.4088,17.4845,58.4731,6.0843, Well C4_MUP is contaminated.,0.14,2025,14,conventional,low,WW,0.2,0.81,1.01,Lysimeter,NA,NA,NA,NA,NA,NA,NA,NA,0,5.6,41.4,84.89999999999999,4901.8,85.1,183,359.5,0.225
2025-05-13,15,optimized,high,0.46,0.71,BOB_09,18.1032,7.0451,13.1522,62.5129,5.4806,NA,0.25,2025,15,optimized,high,WW,0.46,0.71,1.17,Lysimeter,NA,NA,NA,NA,NA,NA,NA,NA,0,5.6,41.4,84.89999999999999,4901.8,85.1,183,359.5,0.225
2025-05-13,16,conventional,low,0.18,0.7,BOB_05,21.3294,6.2783,20.9329,69.7838,7.7156,NA,0.18,2025,16,conventional,low,WW,0.18,0.7,0.8799999999999999,Lysimeter,NA,NA,NA,NA,NA,NA,NA,NA,0,5.6,41.4,84.89999999999999,4901.8,85.1,183,359.5,0.225
2025-05-13,17,conventional,high,0.18,0.8,BOB_06,7.8195,5.7251,10.7593,49.7812,4.2046,NA,0.19,2025,17,conventional,high,WW,0.18,0.8,0.98,Lysimeter,NA,NA,NA,NA,NA,NA,NA,NA,0,5.6,41.4,84.89999999999999,4901.8,85.1,183,359.5,0.225
2025-05-13,18,null,low,0.13,0.57,BOB_09,14.6605,6.2822,15.9186,100.7913,4.3792,NA,0.24,2025,18,null,low,WW,0.13,0.57,0.7,Lysimeter,NA,NA,NA,NA,NA,NA,NA,NA,0,5.6,41.4,84.89999999999999,4901.8,85.1,183,359.5,0.225
2025-05-13,19,conventional,high,0.36,1.72,BOB_05,8.7705,4.7153,11.3019,38.5925,4.9539,NA,0.24,2025,19,conventional,high,WW,0.36,1.72,2.08,Lysimeter,NA,NA,NA,NA,NA,NA,NA,NA,0,5.6,41.4,84.89999999999999,4901.8,85.1,183,359.5,0.225
2025-05-13,20,optimized,low,0.2,0.67,BOB_06,14.7496,6.8678,21.2264,48.7,6.1708,NA,0.14,2025,20,optimized,low,WW,0.2,0.67,0.8700000000000001,Lysimeter,NA,NA,NA,NA,NA,NA,NA,NA,0,5.6,41.4,84.89999999999999,4901.8,85.1,183,359.5,0.225
2025-05-13,21,null,high,0.15,0.65,BOB_09,11.1309,5.8194,15.2082,44.4622,4.5148,NA,0.22,2025,21,null,high,WW,0.15,0.65,0.8,Lysimeter,NA,NA,NA,NA,NA,NA,NA,NA,0,5.6,41.4,84.89999999999999,4901.8,85.1,183,359.5,0.225
2025-05-13,22,optimized,low,0.16,0.97,BOB_05,19.9208,11.0717,22.9729,67.3953,6.0232,NA,0.16,2025,22,optimized,low,WW,0.16,0.97,1.13,Lysimeter,NA,NA,NA,NA,NA,NA,NA,NA,0,5.6,41.4,84.89999999999999,4901.8,85.1,183,359.5,0.225
2025-05-13,23,optimized,high,0.26,0.62,BOB_06,10.1219,6.1274,10.4873,36.581,3.971,NA,0.2,2025,23,optimized,high,WW,0.26,0.62,0.88,Lysimeter,NA,NA,NA,NA,NA,NA,NA,NA,0,5.6,41.4,84.89999999999999,4901.8,85.1,183,359.5,0.225
2025-05-13,24,optimized,low,0.14,0.54,BOB_09,25.8341,7.3796,20.5582,56.8438,5.6756,NA,0.15,2025,24,optimized,low,WW,0.14,0.54,0.68,Lysimeter,NA,NA,NA,NA,NA,NA,NA,NA,0,5.6,41.4,84.89999999999999,4901.8,85.1,183,359.5,0.225
2025-05-13,25,conventional,high,0.36,0.85,BOB_05,10.3674,5.2602,10.919,40.0866,4.5905,NA,0.29,2025,25,conventional,high,WW,0.36,0.85,1.21,Lysimeter,NA,NA,NA,NA,NA,NA,NA,NA,0,5.6,41.4,84.89999999999999,4901.8,85.1,183,359.5,0.225
2025-05-13,26,optimized,low,0.14,0.55,BOB_06,31.3008,7.3409,21.1285,48.2139,5.7095,NA,0.14,2025,26,optimized,low,WW,0.14,0.55,0.6900000000000001,Lysimeter,NA,NA,NA,NA,NA,NA,NA,NA,0,5.6,41.4,84.89999999999999,4901.8,85.1,183,359.5,0.225
2025-05-13,27,null,high,0.32,1.27,BOB_09,8.4099,7.3642,12.12,43.7682,3.5867,NA,0.24,2025,27,null,high,WW,0.32,1.27,1.59,Lysimeter,NA,NA,NA,NA,NA,NA,NA,NA,0,5.6,41.4,84.89999999999999,4901.8,85.1,183,359.5,0.225
2025-05-13,28,inhibitor,low,11.06,9.9,BOB_05,12.3632,8.9407,15.2811,57.829,3.7401,NA,0.23,2025,28,inhibitor,low,WW,11.06,9.9,20.96,Lysimeter,NA,NA,NA,NA,NA,NA,NA,NA,0,5.6,41.4,84.89999999999999,4901.8,85.1,183,359.5,0.225
2025-05-13,29,inhibitor,high,0.56,0.86,BOB_06,11.7203,10.3285,12.6389,45.4379,4.2796,NA,0.21,2025,29,inhibitor,high,WW,0.56,0.86,1.42,Lysimeter,NA,NA,NA,NA,NA,NA,NA,NA,0,5.6,41.4,84.89999999999999,4901.8,85.1,183,359.5,0.225
2025-05-13,30,conventional,low,0.11,0.82,BOB_09,15.1985,7.0701,20.6413,66.6328,5.2067,NA,0.17,2025,30,conventional,low,WW,0.11,0.82,0.9299999999999999,Lysimeter,NA,NA,NA,NA,NA,NA,NA,NA,0,5.6,41.4,84.89999999999999,4901.8,85.1,183,359.5,0.225
2025-05-13,31,inhibitor,high,9.62,8.22,BOB_06,14.9659,4.5193,9.4744,44.0089,3.3672,NA,0.24,2025,31,inhibitor,high,WW,9.62,8.22,17.84,Lysimeter,NA,NA,NA,NA,NA,NA,NA,NA,0,5.6,41.4,84.89999999999999,4901.8,85.1,183,359.5,0.225
2025-05-13,32,inhibitor,low,32.24,18.67,BOB_05,15.2542,4.31,15.3191,48.6662,4.603,NA,0.14,2025,32,inhibitor,low,WW,32.24,18.67,50.910000000000004,Lysimeter,NA,NA,NA,NA,NA,NA,NA,NA,0,5.6,41.4,84.89999999999999,4901.8,85.1,183,359.5,0.225
2025-06-18,1,null,high,0.88,1.17,BOB_05,9.5631,4.7119,8.4765,33.5617,2.8967,NA,NA,2025,1,null,high,WW,0.88,1.17,2.05,Lysimeter,NA,NA,NA,NA,NA,NA,NA,NA,0,8.9,40.5,152.5,5499.3,147.2,268.1,509.75,0.15050167224080266
2025-06-18,2,null,low,0.13,0.89,BOB_05,28.3745,7.9143,11.4219,46.6485,3.898,NA,NA,2025,2,null,low,WW,0.13,0.89,1.02,Lysimeter,NA,NA,NA,NA,NA,NA,NA,NA,0,8.9,40.5,152.5,5499.3,147.2,268.1,509.75,0.15050167224080266
2025-06-18,3,conventional,high,1.22,1.28,BOB_06,10.0681,5.5773,11.2148,36.9611,5.1354,NA,NA,2025,3,conventional,high,WW,1.22,1.28,2.5,Lysimeter,NA,NA,NA,NA,NA,NA,NA,NA,0,8.9,40.5,152.5,5499.3,147.2,268.1,509.75,0.15050167224080266
2025-06-18,4,conventional,low,0.52,1.83,BOB_06,30.7929,7.922,19.3993,42.5845,6.6718,NA,NA,2025,4,conventional,low,WW,0.52,1.83,2.35,Lysimeter,NA,NA,NA,NA,NA,NA,NA,NA,0,8.9,40.5,152.5,5499.3,147.2,268.1,509.75,0.15050167224080266
2025-06-18,5,optimized,high,1.11,1.5,BOB_09,10.9208,6.6049,9.8664,37.8843,3.8481,NA,NA,2025,5,optimized,high,WW,1.11,1.5,2.6100000000000003,Lysimeter,NA,NA,NA,NA,NA,NA,NA,NA,0,8.9,40.5,152.5,5499.3,147.2,268.1,509.75,0.15050167224080266
2025-06-18,6,null,low,0.19,0.91,BOB_05,22.3509,6.4333,17.6506,35.2498,6.1135,NA,NA,2025,6,null,low,WW,0.19,0.91,1.1,Lysimeter,NA,NA,NA,NA,NA,NA,NA,NA,0,8.9,40.5,152.5,5499.3,147.2,268.1,509.75,0.15050167224080266
2025-06-18,7,optimized,high,0.57,1.47,BOB_06,17.9595,5.3852,14.4528,46.1609,5.7472,NA,NA,2025,7,optimized,high,WW,0.57,1.47,2.04,Lysimeter,NA,NA,NA,NA,NA,NA,NA,NA,0,8.9,40.5,152.5,5499.3,147.2,268.1,509.75,0.15050167224080266
2025-06-18,8,inhibitor,low,0.1,0.81,BOB_06,32.3035,6.5325,20.7553,61.1797,7.6713,NA,NA,2025,8,inhibitor,low,WW,0.1,0.81,0.91,Lysimeter,NA,NA,NA,NA,NA,NA,NA,NA,0,8.9,40.5,152.5,5499.3,147.2,268.1,509.75,0.15050167224080266
2025-06-18,9,null,high,0.88,1.45,BOB_05,13.8377,6.2902,10.187,26.2146,5.1039,NA,NA,2025,9,null,high,WW,0.88,1.45,2.33,Lysimeter,NA,NA,NA,NA,NA,NA,NA,NA,0,8.9,40.5,152.5,5499.3,147.2,268.1,509.75,0.15050167224080266
2025-06-18,10,null,low,0.3,0.9,BOB_05,25.1515,5.8852,15.7091,39.9105,4.3469,NA,NA,2025,10,null,low,WW,0.3,0.9,1.2,Lysimeter,NA,NA,NA,NA,NA,NA,NA,NA,0,8.9,40.5,152.5,5499.3,147.2,268.1,509.75,0.15050167224080266
2025-06-18,11,inhibitor,high,1.09,1.08,BOB_05,12.4082,3.9422,9.2602,2.0654,4.0812, Well C3_GLS is contaminated.,NA,2025,11,inhibitor,high,WW,1.09,1.08,2.17,Lysimeter,NA,NA,NA,NA,NA,NA,NA,NA,0,8.9,40.5,152.5,5499.3,147.2,268.1,509.75,0.15050167224080266
2025-06-18,12,inhibitor,low,0.55,0.65,BOB_06,30.4509,7.3351,22.3928,36.5448,6.1721,NA,NA,2025,12,inhibitor,low,WW,0.55,0.65,1.2000000000000002,Lysimeter,NA,NA,NA,NA,NA,NA,NA,NA,0,8.9,40.5,152.5,5499.3,147.2,268.1,509.75,0.15050167224080266
2025-06-18,13,inhibitor,high,1.64,0.72,BOB_09,10.0417,4.6288,8.3033,13.2976,5.6861,NA,NA,2025,13,inhibitor,high,WW,1.64,0.72,2.36,Lysimeter,NA,NA,NA,NA,NA,NA,NA,NA,0,8.9,40.5,152.5,5499.3,147.2,268.1,509.75,0.15050167224080266
2025-06-18,14,conventional,low,0.68,0.87,BOB_09,32.9371,8.9547,21.1317,35.9251,8.5307,NA,NA,2025,14,conventional,low,WW,0.68,0.87,1.55,Lysimeter,NA,NA,NA,NA,NA,NA,NA,NA,0,8.9,40.5,152.5,5499.3,147.2,268.1,509.75,0.15050167224080266
2025-06-18,15,optimized,high,0.64,1.76,BOB_06,11.1649,4.8516,11.7971,23.8041,5.332,NA,NA,2025,15,optimized,high,WW,0.64,1.76,2.4,Lysimeter,NA,NA,NA,NA,NA,NA,NA,NA,0,8.9,40.5,152.5,5499.3,147.2,268.1,509.75,0.15050167224080266
2025-06-18,16,conventional,low,0.37,0.8,BOB_05,17.588,7.8775,19.1248,42.915,6.2766,NA,NA,2025,16,conventional,low,WW,0.37,0.8,1.17,Lysimeter,NA,NA,NA,NA,NA,NA,NA,NA,0,8.9,40.5,152.5,5499.3,147.2,268.1,509.75,0.15050167224080266
2025-06-18,17,conventional,high,0.8,1.89,BOB_05,15.4751,4.9375,11.1427,30.0442,3.2361,NA,NA,2025,17,conventional,high,WW,0.8,1.89,2.69,Lysimeter,NA,NA,NA,NA,NA,NA,NA,NA,0,8.9,40.5,152.5,5499.3,147.2,268.1,509.75,0.15050167224080266
2025-06-18,18,null,low,0.09,0.79,BOB_06,31.6487,8.1043,17.9147,22.2429,5.5545,NA,NA,2025,18,null,low,WW,0.09,0.79,0.88,Lysimeter,NA,NA,NA,NA,NA,NA,NA,NA,0,8.9,40.5,152.5,5499.3,147.2,268.1,509.75,0.15050167224080266
2025-06-18,19,conventional,high,1.39,1.86,BOB_06,10.6253,6.5246,10.392,12.4812,3.6615, Well C3_GLS is contaminated.,NA,2025,19,conventional,high,WW,1.39,1.86,3.25,Lysimeter,NA,NA,NA,NA,NA,NA,NA,NA,0,8.9,40.5,152.5,5499.3,147.2,268.1,509.75,0.15050167224080266
2025-06-18,20,optimized,low,0.62,4.12,BOB_09,29.7932,9.1308,23.5232,37.4443,6.4606,NA,NA,2025,20,optimized,low,WW,0.62,4.12,4.74,Lysimeter,NA,NA,NA,NA,NA,NA,NA,NA,0,8.9,40.5,152.5,5499.3,147.2,268.1,509.75,0.15050167224080266
2025-06-18,21,null,high,0.52,0.89,BOB_06,17.7573,6.0495,12.0957,16.583,4.5783,NA,NA,2025,21,null,high,WW,0.52,0.89,1.4100000000000001,Lysimeter,NA,NA,NA,NA,NA,NA,NA,NA,0,8.9,40.5,152.5,5499.3,147.2,268.1,509.75,0.15050167224080266
2025-06-18,22,optimized,low,0.16,0.98,BOB_09,33.4707,5.8926,16.5034,29.2172,4.643,NA,NA,2025,22,optimized,low,WW,0.16,0.98,1.14,Lysimeter,NA,NA,NA,NA,NA,NA,NA,NA,0,8.9,40.5,152.5,5499.3,147.2,268.1,509.75,0.15050167224080266
2025-06-18,23,optimized,high,0.25,2.38,BOB_05,7.7509,5.5161,11.6028,29.7041,3.3158,NA,NA,2025,23,optimized,high,WW,0.25,2.38,2.63,Lysimeter,NA,NA,NA,NA,NA,NA,NA,NA,0,8.9,40.5,152.5,5499.3,147.2,268.1,509.75,0.15050167224080266
2025-06-18,24,optimized,low,0.36,0.82,BOB_05,26.8143,7.3578,17.3217,42.144,5.5119,NA,NA,2025,24,optimized,low,WW,0.36,0.82,1.18,Lysimeter,NA,NA,NA,NA,NA,NA,NA,NA,0,8.9,40.5,152.5,5499.3,147.2,268.1,509.75,0.15050167224080266
2025-06-18,25,conventional,high,0.88,1.26,BOB_09,12.3752,4.8583,9.2148,3.2643,3.611,NA,NA,2025,25,conventional,high,WW,0.88,1.26,2.14,Lysimeter,NA,NA,NA,NA,NA,NA,NA,NA,0,8.9,40.5,152.5,5499.3,147.2,268.1,509.75,0.15050167224080266
2025-06-18,26,optimized,low,0.19,0.81,BOB_06,31.7622,5.7057,16.5942,52.1953,5.6722,NA,NA,2025,26,optimized,low,WW,0.19,0.81,1,Lysimeter,NA,NA,NA,NA,NA,NA,NA,NA,0,8.9,40.5,152.5,5499.3,147.2,268.1,509.75,0.15050167224080266
2025-06-18,27,null,high,0.92,1.56,BOB_09,14.6308,5.4008,7.9354,16.6162,5.3533,NA,NA,2025,27,null,high,WW,0.92,1.56,2.48,Lysimeter,NA,NA,NA,NA,NA,NA,NA,NA,0,8.9,40.5,152.5,5499.3,147.2,268.1,509.75,0.15050167224080266
2025-06-18,28,inhibitor,low,0.33,0.82,BOB_09,21.1275,7.7639,20.2669,25.338,6.2965,NA,NA,2025,28,inhibitor,low,WW,0.33,0.82,1.15,Lysimeter,NA,NA,NA,NA,NA,NA,NA,NA,0,8.9,40.5,152.5,5499.3,147.2,268.1,509.75,0.15050167224080266
2025-06-18,29,inhibitor,high,1.04,1.28,BOB_05,10.6046,4.8276,8.01,18.9344,2.7262,NA,NA,2025,29,inhibitor,high,WW,1.04,1.28,2.3200000000000003,Lysimeter,NA,NA,NA,NA,NA,NA,NA,NA,0,8.9,40.5,152.5,5499.3,147.2,268.1,509.75,0.15050167224080266
2025-06-18,30,conventional,low,0.55,0.89,BOB_09,21.9637,7.923,27.4416,28.3514,8.9478,NA,NA,2025,30,conventional,low,WW,0.55,0.89,1.44,Lysimeter,NA,NA,NA,NA,NA,NA,NA,NA,0,8.9,40.5,152.5,5499.3,147.2,268.1,509.75,0.15050167224080266
2025-06-18,31,inhibitor,high,1.43,0.86,BOB_09,16.6668,5.255,10.2987,27.4629,3.1894,NA,NA,2025,31,inhibitor,high,WW,1.43,0.86,2.29,Lysimeter,NA,NA,NA,NA,NA,NA,NA,NA,0,8.9,40.5,152.5,5499.3,147.2,268.1,509.75,0.15050167224080266
2025-06-18,32,inhibitor,low,0.73,3.04,BOB_06,16.308,7.5085,17.2762,13.4672,5.9159,NA,NA,2025,32,inhibitor,low,WW,0.73,3.04,3.77,Lysimeter,NA,NA,NA,NA,NA,NA,NA,NA,0,8.9,40.5,152.5,5499.3,147.2,268.1,509.75,0.15050167224080266
2025-07-24,1,null,high,0.05,1.84,BOB_05,8.2773,4.9408,8.429,36.9381,3.4996,NA,NA,2025,1,null,high,WW,0.05,1.84,1.8900000000000001,Lysimeter,NA,NA,NA,NA,NA,NA,NA,NA,8.3,45.9,72.5,101.6,6247.6,130,268.1,609.8,0.2694165737643998
2025-07-24,2,null,low,0.01,1.75,BOB_06,25.5366,7.3394,25.4133,114.7089,6.6806,NA,NA,2025,2,null,low,WW,0.01,1.75,1.76,Lysimeter,NA,NA,NA,NA,NA,NA,NA,NA,8.3,45.9,72.5,101.6,6247.6,130,268.1,609.8,0.2694165737643998
2025-07-24,3,conventional,high,0.12,8.33,BOB_09,15.0889,5.8065,9.8967,43.6493,4.6642, Well C3_GLS is contaminated.,NA,2025,3,conventional,high,WW,0.12,8.33,8.45,Lysimeter,NA,NA,NA,NA,NA,NA,NA,NA,8.3,45.9,72.5,101.6,6247.6,130,268.1,609.8,0.2694165737643998
2025-07-24,4,conventional,low,0.01,2.49,BOB_06,12.4504,4.4178,18.3807,56.3856,4.7394,NA,NA,2025,4,conventional,low,WW,0.01,2.49,2.5,Lysimeter,NA,NA,NA,NA,NA,NA,NA,NA,8.3,45.9,72.5,101.6,6247.6,130,268.1,609.8,0.2694165737643998
2025-07-24,5,optimized,high,0.06,6,BOB_09,3.5471,4.5355,8.134,48.9841,3.7112,NA,NA,2025,5,optimized,high,WW,0.06,6,6.06,Lysimeter,NA,NA,NA,NA,NA,NA,NA,NA,8.3,45.9,72.5,101.6,6247.6,130,268.1,609.8,0.2694165737643998
2025-07-24,6,null,low,0.02,2.06,BOB_05,6.5223,5.4246,22.3546,84.1508,7.2152,NA,NA,2025,6,null,low,WW,0.02,2.06,2.08,Lysimeter,NA,NA,NA,NA,NA,NA,NA,NA,8.3,45.9,72.5,101.6,6247.6,130,268.1,609.8,0.2694165737643998
2025-07-24,7,optimized,high,0.08,3.51,BOB_05,18.2272,6.2771,11.0909,47.0738,6.2297, Well C3_GLS is contaminated.,NA,2025,7,optimized,high,WW,0.08,3.51,3.59,Lysimeter,NA,NA,NA,NA,NA,NA,NA,NA,8.3,45.9,72.5,101.6,6247.6,130,268.1,609.8,0.2694165737643998
2025-07-24,8,inhibitor,low,0.04,2.51,BOB_06,12.2279,4.4061,19.9423,62.7427,6.7073,NA,NA,2025,8,inhibitor,low,WW,0.04,2.51,2.55,Lysimeter,NA,NA,NA,NA,NA,NA,NA,NA,8.3,45.9,72.5,101.6,6247.6,130,268.1,609.8,0.2694165737643998
2025-07-24,9,null,high,0.21,2.55,BOB_09,19.6836,7.8688,12.3802,43.0937,5.2857,NA,NA,2025,9,null,high,WW,0.21,2.55,2.76,Lysimeter,NA,NA,NA,NA,NA,NA,NA,NA,8.3,45.9,72.5,101.6,6247.6,130,268.1,609.8,0.2694165737643998
2025-07-24,10,null,low,0.01,2.16,BOB_05,21.8529,5.3131,17.0992,76.7492,6.0124,NA,NA,2025,10,null,low,WW,0.01,2.16,2.17,Lysimeter,NA,NA,NA,NA,NA,NA,NA,NA,8.3,45.9,72.5,101.6,6247.6,130,268.1,609.8,0.2694165737643998
2025-07-24,11,inhibitor,high,0.13,6.34,BOB_06,14.4454,4.4802,11.107,56.1331,4.9018,NA,NA,2025,11,inhibitor,high,WW,0.13,6.34,6.47,Lysimeter,NA,NA,NA,NA,NA,NA,NA,NA,8.3,45.9,72.5,101.6,6247.6,130,268.1,609.8,0.2694165737643998
2025-07-24,12,inhibitor,low,0.03,2.37,BOB_09,16.5342,3.9374,21.1475,68.4551,4.6878,NA,NA,2025,12,inhibitor,low,WW,0.03,2.37,2.4,Lysimeter,NA,NA,NA,NA,NA,NA,NA,NA,8.3,45.9,72.5,101.6,6247.6,130,268.1,609.8,0.2694165737643998
2025-07-24,13,inhibitor,high,0.07,3.64,BOB_05,12.9874,7.9596,11.4791,51.4339,5.1134,NA,NA,2025,13,inhibitor,high,WW,0.07,3.64,3.71,Lysimeter,NA,NA,NA,NA,NA,NA,NA,NA,8.3,45.9,72.5,101.6,6247.6,130,268.1,609.8,0.2694165737643998
2025-07-24,14,conventional,low,0.06,2.91,BOB_06,16.6334,8.5528,28.9397,82.1385,8.4355,NA,NA,2025,14,conventional,low,WW,0.06,2.91,2.97,Lysimeter,NA,NA,NA,NA,NA,NA,NA,NA,8.3,45.9,72.5,101.6,6247.6,130,268.1,609.8,0.2694165737643998
2025-07-24,15,optimized,high,0.05,1.76,BOB_09,9.6197,3.9631,12.5335,50.089,4.5146,NA,NA,2025,15,optimized,high,WW,0.05,1.76,1.81,Lysimeter,NA,NA,NA,NA,NA,NA,NA,NA,8.3,45.9,72.5,101.6,6247.6,130,268.1,609.8,0.2694165737643998
2025-07-24,16,conventional,low,0.04,3.56,BOB_05,8.9693,8.5801,24.2625,58.8847,7.9126,NA,NA,2025,16,conventional,low,WW,0.04,3.56,3.6,Lysimeter,NA,NA,NA,NA,NA,NA,NA,NA,8.3,45.9,72.5,101.6,6247.6,130,268.1,609.8,0.2694165737643998
2025-07-24,17,conventional,high,0.04,4.34,BOB_06,6.628,3.3669,14.5957,38.3602,3.9718,NA,NA,2025,17,conventional,high,WW,0.04,4.34,4.38,Lysimeter,NA,NA,NA,NA,NA,NA,NA,NA,8.3,45.9,72.5,101.6,6247.6,130,268.1,609.8,0.2694165737643998
2025-07-24,18,null,low,0.04,1.79,BOB_09,15.7933,5.7569,22.3233,66.8857,6.8516,NA,NA,2025,18,null,low,WW,0.04,1.79,1.83,Lysimeter,NA,NA,NA,NA,NA,NA,NA,NA,8.3,45.9,72.5,101.6,6247.6,130,268.1,609.8,0.2694165737643998
2025-07-24,19,conventional,high,0.04,5.63,BOB_05,15.9069,4.5381,14.1643,45.4654,5.0245,NA,NA,2025,19,conventional,high,WW,0.04,5.63,5.67,Lysimeter,NA,NA,NA,NA,NA,NA,NA,NA,8.3,45.9,72.5,101.6,6247.6,130,268.1,609.8,0.2694165737643998
2025-07-24,20,optimized,low,0,1.61,BOB_06,14.6706,5.2476,19.7564,63.8999,6.6834, Well C3_GLS is contaminated.,NA,2025,20,optimized,low,WW,0,1.61,1.61,Lysimeter,NA,NA,NA,NA,NA,NA,NA,NA,8.3,45.9,72.5,101.6,6247.6,130,268.1,609.8,0.2694165737643998
2025-07-24,21,null,high,0.2,1.64,BOB_09,11.324,4.9119,11.6635,61.5262,5.6407,NA,NA,2025,21,null,high,WW,0.2,1.64,1.8399999999999999,Lysimeter,NA,NA,NA,NA,NA,NA,NA,NA,8.3,45.9,72.5,101.6,6247.6,130,268.1,609.8,0.2694165737643998
2025-07-24,22,optimized,low,0.02,1.69,BOB_05,15.4994,4.3659,14.3766,57.5308,5.8273,NA,NA,2025,22,optimized,low,WW,0.02,1.69,1.71,Lysimeter,NA,NA,NA,NA,NA,NA,NA,NA,8.3,45.9,72.5,101.6,6247.6,130,268.1,609.8,0.2694165737643998
2025-07-24,23,optimized,high,0.06,3.15,BOB_06,15.2116,5.6037,10.5905,44.4765,4.5055,NA,NA,2025,23,optimized,high,WW,0.06,3.15,3.21,Lysimeter,NA,NA,NA,NA,NA,NA,NA,NA,8.3,45.9,72.5,101.6,6247.6,130,268.1,609.8,0.2694165737643998
2025-07-24,24,optimized,low,0.02,2.2,BOB_09,17.9371,7.8008,23.9905,66.1387,5.1348,NA,NA,2025,24,optimized,low,WW,0.02,2.2,2.22,Lysimeter,NA,NA,NA,NA,NA,NA,NA,NA,8.3,45.9,72.5,101.6,6247.6,130,268.1,609.8,0.2694165737643998
2025-07-24,25,conventional,high,0.04,2.46,BOB_05,10.7807,7.7127,14.6006,52.9817,4.9836,NA,NA,2025,25,conventional,high,WW,0.04,2.46,2.5,Lysimeter,NA,NA,NA,NA,NA,NA,NA,NA,8.3,45.9,72.5,101.6,6247.6,130,268.1,609.8,0.2694165737643998
2025-07-24,26,optimized,low,0.04,2.96,BOB_06,21.8447,4.4318,24.4878,70.6365,6.6728,NA,NA,2025,26,optimized,low,WW,0.04,2.96,3,Lysimeter,NA,NA,NA,NA,NA,NA,NA,NA,8.3,45.9,72.5,101.6,6247.6,130,268.1,609.8,0.2694165737643998
2025-07-24,27,null,high,0.04,2.58,BOB_09,17.1595,4.315,10.3333,51.4005,4.6375,NA,NA,2025,27,null,high,WW,0.04,2.58,2.62,Lysimeter,NA,NA,NA,NA,NA,NA,NA,NA,8.3,45.9,72.5,101.6,6247.6,130,268.1,609.8,0.2694165737643998
2025-07-24,28,inhibitor,low,0.03,2.42,BOB_05,15.723,4.0427,16.6235,62.1446,4.4228,NA,NA,2025,28,inhibitor,low,WW,0.03,2.42,2.4499999999999997,Lysimeter,NA,NA,NA,NA,NA,NA,NA,NA,8.3,45.9,72.5,101.6,6247.6,130,268.1,609.8,0.2694165737643998
2025-07-24,29,inhibitor,high,0.1,3.81,BOB_06,17.4654,6.0977,12.3522,57.7406,5.4026,NA,NA,2025,29,inhibitor,high,WW,0.1,3.81,3.91,Lysimeter,NA,NA,NA,NA,NA,NA,NA,NA,8.3,45.9,72.5,101.6,6247.6,130,268.1,609.8,0.2694165737643998
2025-07-24,30,conventional,low,0.04,5.69,BOB_09,24.0469,6.8578,23.803,59.9935,5.8832,NA,NA,2025,30,conventional,low,WW,0.04,5.69,5.73,Lysimeter,NA,NA,NA,NA,NA,NA,NA,NA,8.3,45.9,72.5,101.6,6247.6,130,268.1,609.8,0.2694165737643998
2025-07-24,31,inhibitor,high,0.1,2.55,BOB_05,12.4334,5.7939,11.8091,47.8076,4.4574, Well C3_GLS is contaminated.,NA,2025,31,inhibitor,high,WW,0.1,2.55,2.65,Lysimeter,NA,NA,NA,NA,NA,NA,NA,NA,8.3,45.9,72.5,101.6,6247.6,130,268.1,609.8,0.2694165737643998
2025-07-24,32,inhibitor,low,0.05,1.92,BOB_06,26.5001,8.9748,29.1128,87.1197,9.7499,NA,NA,2025,32,inhibitor,low,WW,0.05,1.92,1.97,Lysimeter,NA,NA,NA,NA,NA,NA,NA,NA,8.3,45.9,72.5,101.6,6247.6,130,268.1,609.8,0.2694165737643998
2026-04-23,1,null,high,NA,NA,NA,NA,NA,NA,NA,NA,NA,NA,2026,1,null,high,WW,0,15.581,15.581,Lysimeter,null,T1,86.301,15.581,0,15.581,32.096618808049534,NA,NA,NA,NA,NA,NA,NA,NA,NA,NA
2026-04-23,2,null,low,NA,NA,NA,NA,NA,NA,NA,NA,NA,NA,2026,2,null,low,WW,0,5.977,5.977,Lysimeter,null,T1,84.371,5.977,0,5.977,13.882768874817344,NA,NA,NA,NA,NA,NA,NA,NA,NA,NA
2026-04-23,3,conventional,high,NA,NA,NA,NA,NA,NA,NA,NA,NA,NA,2026,3,conventional,high,WW,0.745,22.612,23.357,Lysimeter,conventional,T1,84.554,22.612,0.745,23.358,58.742430205949645,NA,NA,NA,NA,NA,NA,NA,NA,NA,NA
2026-04-23,4,conventional,low,NA,NA,NA,NA,NA,NA,NA,NA,NA,NA,2026,4,conventional,low,WW,0.243,9.706,9.949,Lysimeter,conventional,T1,86.584,9.706,0.243,9.949,21.619872301500184,NA,NA,NA,NA,NA,NA,NA,NA,NA,NA
2026-04-23,5,optimized,high,NA,NA,NA,NA,NA,NA,NA,NA,NA,NA,2026,5,optimized,high,WW,0,17.635,17.635,Lysimeter,optimized,T1,85.78,17.635,0,17.635,36.57055598012992,NA,NA,NA,NA,NA,NA,NA,NA,NA,NA
2026-04-23,6,null,low,NA,NA,NA,NA,NA,NA,NA,NA,NA,NA,2026,6,null,low,WW,0,7.176,7.176,Lysimeter,null,T1,84.91,7.176,0,7.176,16.667684364344865,NA,NA,NA,NA,NA,NA,NA,NA,NA,NA
2026-04-23,7,optimized,high,NA,NA,NA,NA,NA,NA,NA,NA,NA,NA,2026,7,optimized,high,WW,0,13.667,13.667,Lysimeter,optimized,T1,86.087,13.667,0,13.667,28.341921666029805,NA,NA,NA,NA,NA,NA,NA,NA,NA,NA
2026-04-23,8,inhibitor,low,NA,NA,NA,NA,NA,NA,NA,NA,NA,NA,2026,8,inhibitor,low,WW,0.25,8.761,9.011,Lysimeter,inhibitor,T1,83.941,8.761,0.25,9.011,22.750465002229156,NA,NA,NA,NA,NA,NA,NA,NA,NA,NA
2026-04-23,9,null,high,NA,NA,NA,NA,NA,NA,NA,NA,NA,NA,2026,9,null,high,WW,0,12.88,12.88,Lysimeter,null,T1,84.823,12.88,0,12.88,26.532600619195044,NA,NA,NA,NA,NA,NA,NA,NA,NA,NA
2026-04-23,10,null,low,NA,NA,NA,NA,NA,NA,NA,NA,NA,NA,2026,10,null,low,WW,0,8.879,8.879,Lysimeter,null,T1,80.455,8.879,0,8.879,20.62323989283975,NA,NA,NA,NA,NA,NA,NA,NA,NA,NA
2026-04-23,11,inhibitor,high,NA,NA,NA,NA,NA,NA,NA,NA,NA,NA,2026,11,inhibitor,high,WW,0,17.603,17.603,Lysimeter,inhibitor,T1,85.938,17.603,0,17.603,37.13650421804024,NA,NA,NA,NA,NA,NA,NA,NA,NA,NA
2026-04-23,12,inhibitor,low,NA,NA,NA,NA,NA,NA,NA,NA,NA,NA,2026,12,inhibitor,low,WW,0,7.644,7.644,Lysimeter,inhibitor,T1,82.455,7.644,0,7.644,19.299140436914847,NA,NA,NA,NA,NA,NA,NA,NA,NA,NA
2026-04-23,13,inhibitor,high,NA,NA,NA,NA,NA,NA,NA,NA,NA,NA,2026,13,inhibitor,high,WW,0.253,18.205,18.458,Lysimeter,inhibitor,T1,83.096,18.205,0.253,18.458,38.94027125243348,NA,NA,NA,NA,NA,NA,NA,NA,NA,NA
2026-04-23,14,conventional,low,NA,NA,NA,NA,NA,NA,NA,NA,NA,NA,2026,14,conventional,low,WW,0,14.719,14.719,Lysimeter,conventional,T1,85.647,14.719,0,14.719,31.9854156604464,NA,NA,NA,NA,NA,NA,NA,NA,NA,NA
2026-04-23,15,optimized,high,NA,NA,NA,NA,NA,NA,NA,NA,NA,NA,2026,15,optimized,high,WW,0,23.661,23.661,Lysimeter,optimized,T1,81.694,23.661,0,23.661,49.06696484524265,NA,NA,NA,NA,NA,NA,NA,NA,NA,NA
2026-04-23,16,conventional,low,NA,NA,NA,NA,NA,NA,NA,NA,NA,NA,2026,16,conventional,low,WW,0,17.32,17.32,Lysimeter,conventional,T1,83.703,17.32,0,17.32,37.63757043541896,NA,NA,NA,NA,NA,NA,NA,NA,NA,NA
2026-04-23,17,conventional,high,NA,NA,NA,NA,NA,NA,NA,NA,NA,NA,2026,17,conventional,high,WW,0,19.671,19.671,Lysimeter,conventional,T1,84.378,19.671,0,19.671,49.47008924485125,NA,NA,NA,NA,NA,NA,NA,NA,NA,NA
2026-04-23,18,null,low,NA,NA,NA,NA,NA,NA,NA,NA,NA,NA,2026,18,null,low,WW,0,9.145,9.145,Lysimeter,null,T1,85.004,9.145,0,9.145,21.241077691183634,NA,NA,NA,NA,NA,NA,NA,NA,NA,NA
2026-04-23,19,conventional,high,NA,NA,NA,NA,NA,NA,NA,NA,NA,NA,2026,19,conventional,high,WW,0,17.949,17.949,Lysimeter,conventional,T1,85.451,17.949,0,17.949,45.13947597254004,NA,NA,NA,NA,NA,NA,NA,NA,NA,NA
2026-04-23,20,optimized,low,NA,NA,NA,NA,NA,NA,NA,NA,NA,NA,2026,20,optimized,low,WW,0.251,11.048,11.299,Lysimeter,optimized,T1,83.675,11.048,0.251,11.299,25.705744255514706,NA,NA,NA,NA,NA,NA,NA,NA,NA,NA
2026-04-23,21,null,high,NA,NA,NA,NA,NA,NA,NA,NA,NA,NA,2026,21,null,high,WW,0,23.04,23.04,Lysimeter,null,T1,84.81,23.04,0,23.04,47.46204334365325,NA,NA,NA,NA,NA,NA,NA,NA,NA,NA
2026-04-23,22,optimized,low,NA,NA,NA,NA,NA,NA,NA,NA,NA,NA,2026,22,optimized,low,WW,0.242,12.575,12.817,Lysimeter,optimized,T1,86.883,12.575,0.242,12.817,29.159264016544117,NA,NA,NA,NA,NA,NA,NA,NA,NA,NA
2026-04-23,23,optimized,high,NA,NA,NA,NA,NA,NA,NA,NA,NA,NA,2026,23,optimized,high,WW,0.5,18.487,18.987,Lysimeter,optimized,T1,84.099,18.487,0.5,18.987,39.374264042797094,NA,NA,NA,NA,NA,NA,NA,NA,NA,NA
2026-04-23,24,optimized,low,NA,NA,NA,NA,NA,NA,NA,NA,NA,NA,2026,24,optimized,low,WW,0,15.9,15.9,Lysimeter,optimized,T1,81.93,15.9,0,15.9,36.17323069852941,NA,NA,NA,NA,NA,NA,NA,NA,NA,NA
2026-04-23,25,conventional,high,NA,NA,NA,NA,NA,NA,NA,NA,NA,NA,2026,25,conventional,high,WW,0,11.223,11.223,Lysimeter,conventional,T1,87.987,11.223,0,11.223,28.224432494279178,NA,NA,NA,NA,NA,NA,NA,NA,NA,NA
2026-04-23,26,optimized,low,NA,NA,NA,NA,NA,NA,NA,NA,NA,NA,2026,26,optimized,low,WW,0,9.568,9.568,Lysimeter,optimized,T1,83.443,9.568,0,9.568,21.767639705882353,NA,NA,NA,NA,NA,NA,NA,NA,NA,NA
2026-04-23,27,null,high,NA,NA,NA,NA,NA,NA,NA,NA,NA,NA,2026,27,null,high,WW,0.245,14.185,14.43,Lysimeter,null,T1,85.91,14.185,0.245,14.429,29.723516640866873,NA,NA,NA,NA,NA,NA,NA,NA,NA,NA
2026-04-23,28,inhibitor,low,NA,NA,NA,NA,NA,NA,NA,NA,NA,NA,2026,28,inhibitor,low,WW,0,14.505,14.505,Lysimeter,inhibitor,T1,82.564,14.505,0,14.505,36.62140659830584,NA,NA,NA,NA,NA,NA,NA,NA,NA,NA
2026-04-23,29,inhibitor,high,NA,NA,NA,NA,NA,NA,NA,NA,NA,NA,2026,29,inhibitor,high,WW,0,13.485,13.485,Lysimeter,inhibitor,T1,84.134,13.485,0,13.485,28.448887086307593,NA,NA,NA,NA,NA,NA,NA,NA,NA,NA
2026-04-23,30,conventional,low,NA,NA,NA,NA,NA,NA,NA,NA,NA,NA,2026,30,conventional,low,WW,0,13.429,13.429,Lysimeter,conventional,T1,86.05,13.429,0,13.429,29.18215550676912,NA,NA,NA,NA,NA,NA,NA,NA,NA,NA
2026-04-23,31,inhibitor,high,NA,NA,NA,NA,NA,NA,NA,NA,NA,NA,2026,31,inhibitor,high,WW,0.251,25.08,25.331,Lysimeter,inhibitor,T1,83.775,25.08,0.251,25.33,53.437916937053856,NA,NA,NA,NA,NA,NA,NA,NA,NA,NA
2026-04-23,32,inhibitor,low,NA,NA,NA,NA,NA,NA,NA,NA,NA,NA,2026,32,inhibitor,low,WW,0,10.216,10.216,Lysimeter,inhibitor,T1,86.381,10.216,0,10.216,25.79278109674543,NA,NA,NA,NA,NA,NA,NA,NA,NA,NA
2026-05-20,1,null,high,NA,NA,NA,NA,NA,NA,NA,NA,NA,NA,2026,1,null,high,WW,0.26,12.461,12.721,Lysimeter,null,T2,80.935,12.461,0.26,12.72,26.20300309597523,NA,NA,NA,NA,NA,NA,NA,NA,NA,NA
2026-05-20,2,null,low,NA,NA,NA,NA,NA,NA,NA,NA,NA,NA,2026,2,null,low,WW,0.526,7.887,8.413,Lysimeter,null,T2,79.92,7.887,0.526,8.413,19.54086239649294,NA,NA,NA,NA,NA,NA,NA,NA,NA,NA
2026-05-20,3,conventional,high,NA,NA,NA,NA,NA,NA,NA,NA,NA,NA,2026,3,conventional,high,WW,0,8.13,8.13,Lysimeter,conventional,T2,80.116,8.13,0,8.13,20.445926773455376,NA,NA,NA,NA,NA,NA,NA,NA,NA,NA
2026-05-20,4,conventional,low,NA,NA,NA,NA,NA,NA,NA,NA,NA,NA,2026,4,conventional,low,WW,0,6.19,6.19,Lysimeter,conventional,T2,81.462,6.19,0,6.19,13.451302597877792,NA,NA,NA,NA,NA,NA,NA,NA,NA,NA
2026-05-20,5,optimized,high,NA,NA,NA,NA,NA,NA,NA,NA,NA,NA,2026,5,optimized,high,WW,0,12.604,12.604,Lysimeter,optimized,T2,78.347,12.604,0,12.604,26.137526939243408,NA,NA,NA,NA,NA,NA,NA,NA,NA,NA
2026-05-20,6,null,low,NA,NA,NA,NA,NA,NA,NA,NA,NA,NA,2026,6,null,low,WW,0.262,8.904,9.166,Lysimeter,null,T2,80.225,8.904,0.262,9.166,21.289854359473942,NA,NA,NA,NA,NA,NA,NA,NA,NA,NA
2026-05-20,7,optimized,high,NA,NA,NA,NA,NA,NA,NA,NA,NA,NA,2026,7,optimized,high,WW,0,7.437,7.437,Lysimeter,optimized,T2,79.105,7.437,0,7.437,15.422468093236532,NA,NA,NA,NA,NA,NA,NA,NA,NA,NA
2026-05-20,8,inhibitor,low,NA,NA,NA,NA,NA,NA,NA,NA,NA,NA,2026,8,inhibitor,low,WW,0,6.457,6.457,Lysimeter,inhibitor,T2,78.089,6.457,0,6.457,16.3022697280428,NA,NA,NA,NA,NA,NA,NA,NA,NA,NA
2026-05-20,9,null,high,NA,NA,NA,NA,NA,NA,NA,NA,NA,NA,2026,9,null,high,WW,0,11.074,11.074,Lysimeter,null,T2,77.79,11.074,0,11.074,22.81226857585139,NA,NA,NA,NA,NA,NA,NA,NA,NA,NA
2026-05-20,10,null,low,NA,NA,NA,NA,NA,NA,NA,NA,NA,NA,2026,10,null,low,WW,0.267,8.557,8.824,Lysimeter,null,T2,78.572,8.557,0.267,8.824,20.495491475888944,NA,NA,NA,NA,NA,NA,NA,NA,NA,NA
2026-05-20,11,inhibitor,high,NA,NA,NA,NA,NA,NA,NA,NA,NA,NA,2026,11,inhibitor,high,WW,0.258,9.8,10.058,Lysimeter,inhibitor,T2,81.472,9.8,0.258,10.058,21.21905126541207,NA,NA,NA,NA,NA,NA,NA,NA,NA,NA
2026-05-20,12,inhibitor,low,NA,NA,NA,NA,NA,NA,NA,NA,NA,NA,2026,12,inhibitor,low,WW,0,11.791,11.791,Lysimeter,inhibitor,T2,80.186,11.791,0,11.791,29.76925234061525,NA,NA,NA,NA,NA,NA,NA,NA,NA,NA
2026-05-20,13,inhibitor,high,NA,NA,NA,NA,NA,NA,NA,NA,NA,NA,2026,13,inhibitor,high,WW,0,11.87,11.87,Lysimeter,inhibitor,T2,79.655,11.87,0,11.87,25.04177157689812,NA,NA,NA,NA,NA,NA,NA,NA,NA,NA
2026-05-20,14,conventional,low,NA,NA,NA,NA,NA,NA,NA,NA,NA,NA,2026,14,conventional,low,WW,0,9.655,9.655,Lysimeter,conventional,T2,80.514,9.655,0,9.655,20.980989754848153,NA,NA,NA,NA,NA,NA,NA,NA,NA,NA
2026-05-20,15,optimized,high,NA,NA,NA,NA,NA,NA,NA,NA,NA,NA,2026,15,optimized,high,WW,0,9.664,9.664,Lysimeter,optimized,T2,78.266,9.664,0,9.664,20.040706152082535,NA,NA,NA,NA,NA,NA,NA,NA,NA,NA
2026-05-20,16,conventional,low,NA,NA,NA,NA,NA,NA,NA,NA,NA,NA,2026,16,conventional,low,WW,0,16.338,16.338,Lysimeter,conventional,T2,79.73,16.338,0,16.338,35.50361580680571,NA,NA,NA,NA,NA,NA,NA,NA,NA,NA
2026-05-20,17,conventional,high,NA,NA,NA,NA,NA,NA,NA,NA,NA,NA,2026,17,conventional,high,WW,0,13.296,13.296,Lysimeter,conventional,T2,80.594,13.296,0,13.296,33.43776659038901,NA,NA,NA,NA,NA,NA,NA,NA,NA,NA
2026-05-20,18,null,low,NA,NA,NA,NA,NA,NA,NA,NA,NA,NA,2026,18,null,low,WW,0,5.524,5.524,Lysimeter,null,T2,79.869,5.524,0,5.524,12.830586458840722,NA,NA,NA,NA,NA,NA,NA,NA,NA,NA
2026-05-20,19,conventional,high,NA,NA,NA,NA,NA,NA,NA,NA,NA,NA,2026,19,conventional,high,WW,0,8.914,8.914,Lysimeter,conventional,T2,80.141,8.914,0,8.914,22.417588100686498,NA,NA,NA,NA,NA,NA,NA,NA,NA,NA
2026-05-20,20,optimized,low,NA,NA,NA,NA,NA,NA,NA,NA,NA,NA,2026,20,optimized,low,WW,0,5.28,5.28,Lysimeter,optimized,T2,79.588,5.28,0,5.28,12.012242647058825,NA,NA,NA,NA,NA,NA,NA,NA,NA,NA
2026-05-20,21,null,high,NA,NA,NA,NA,NA,NA,NA,NA,NA,NA,2026,21,null,high,WW,0,6.338,6.338,Lysimeter,null,T2,79.558,6.338,0,6.338,13.056181888544891,NA,NA,NA,NA,NA,NA,NA,NA,NA,NA
2026-05-20,22,optimized,low,NA,NA,NA,NA,NA,NA,NA,NA,NA,NA,2026,22,optimized,low,WW,0,5.4,5.4,Lysimeter,optimized,T2,81.709,5.4,0,5.4,12.285248161764706,NA,NA,NA,NA,NA,NA,NA,NA,NA,NA
2026-05-20,23,optimized,high,NA,NA,NA,NA,NA,NA,NA,NA,NA,NA,2026,23,optimized,high,WW,0,5.575,5.575,Lysimeter,optimized,T2,79.144,5.575,0,5.575,11.56114826136798,NA,NA,NA,NA,NA,NA,NA,NA,NA,NA
2026-05-20,24,optimized,low,NA,NA,NA,NA,NA,NA,NA,NA,NA,NA,2026,24,optimized,low,WW,0,6.846,6.846,Lysimeter,optimized,T2,79.791,6.846,0,6.846,15.574964613970588,NA,NA,NA,NA,NA,NA,NA,NA,NA,NA
2026-05-20,25,conventional,high,NA,NA,NA,NA,NA,NA,NA,NA,NA,NA,2026,25,conventional,high,WW,0,7.575,7.575,Lysimeter,conventional,T2,80.435,7.575,0,7.575,19.05017162471396,NA,NA,NA,NA,NA,NA,NA,NA,NA,NA
2026-05-20,26,optimized,low,NA,NA,NA,NA,NA,NA,NA,NA,NA,NA,2026,26,optimized,low,WW,0,7.793,7.793,Lysimeter,optimized,T2,80.882,7.793,0,7.793,17.729433134191176,NA,NA,NA,NA,NA,NA,NA,NA,NA,NA
2026-05-20,27,null,high,NA,NA,NA,NA,NA,NA,NA,NA,NA,NA,2026,27,null,high,WW,0,8.803,8.803,Lysimeter,null,T2,78.766,8.803,0,8.803,18.134043730650156,NA,NA,NA,NA,NA,NA,NA,NA,NA,NA
2026-05-20,28,inhibitor,low,NA,NA,NA,NA,NA,NA,NA,NA,NA,NA,2026,28,inhibitor,low,WW,0,9.738,9.738,Lysimeter,inhibitor,T2,79.831,9.738,0,9.738,24.58595363352652,NA,NA,NA,NA,NA,NA,NA,NA,NA,NA
2026-05-20,29,inhibitor,high,NA,NA,NA,NA,NA,NA,NA,NA,NA,NA,2026,29,inhibitor,high,WW,0,9.334,9.334,Lysimeter,inhibitor,T2,78.788,9.334,0,9.334,19.69165087605451,NA,NA,NA,NA,NA,NA,NA,NA,NA,NA
2026-05-20,30,conventional,low,NA,NA,NA,NA,NA,NA,NA,NA,NA,NA,2026,30,conventional,low,WW,0,10.436,10.436,Lysimeter,conventional,T2,80.531,10.436,0,10.436,22.67815733626052,NA,NA,NA,NA,NA,NA,NA,NA,NA,NA
2026-05-20,31,inhibitor,high,NA,NA,NA,NA,NA,NA,NA,NA,NA,NA,2026,31,inhibitor,high,WW,0,14.4,14.4,Lysimeter,inhibitor,T2,78.791,14.4,0,14.4,30.379234263465285,NA,NA,NA,NA,NA,NA,NA,NA,NA,NA
2026-05-20,32,inhibitor,low,NA,NA,NA,NA,NA,NA,NA,NA,NA,NA,2026,32,inhibitor,low,WW,0,12.389,12.389,Lysimeter,inhibitor,T2,81.402,12.389,0,12.389,31.27904904146232,NA,NA,NA,NA,NA,NA,NA,NA,NA,NA
2026-06-18,1,null,high,NA,NA,NA,NA,NA,NA,NA,NA,NA,NA,2026,1,null,high,WW,0,43.801,43.801,Lysimeter,null,T3,81.066,43.801,0,43.801,90.22938196594428,89.77061803405573,NA,NA,NA,NA,NA,NA,NA,NA,NA
2026-06-18,2,null,low,NA,NA,NA,NA,NA,NA,NA,NA,NA,NA,2026,2,null,low,WW,0,51.849,51.849,Lysimeter,null,T3,83.07,51.849,0,51.849,120.42959400876764,79.57040599123235,NA,NA,NA,NA,NA,NA,NA,NA,NA
2026-06-18,3,conventional,high,NA,NA,NA,NA,NA,NA,NA,NA,NA,NA,2026,3,conventional,high,WW,0,106.829,106.829,Lysimeter,conventional,T3,80.046,106.829,0,106.829,268.66148970251714,-68.66148970251714,NA,NA,NA,NA,NA,NA,NA,NA,NA
2026-06-18,4,conventional,low,NA,NA,NA,NA,NA,NA,NA,NA,NA,NA,2026,4,conventional,low,WW,0,93.353,93.353,Lysimeter,conventional,T3,83.724,93.353,0,93.353,202.86259312111235,-2.8625931211123543,NA,NA,NA,NA,NA,NA,NA,NA,NA
2026-06-18,5,optimized,high,NA,NA,NA,NA,NA,NA,NA,NA,NA,NA,2026,5,optimized,high,WW,0,62.286,62.286,Lysimeter,optimized,T3,81.633,62.286,0,62.286,129.1655032479939,70.83449675200609,NA,NA,NA,NA,NA,NA,NA,NA,NA
2026-06-18,6,null,low,NA,NA,NA,NA,NA,NA,NA,NA,NA,NA,2026,6,null,low,WW,0,52.625,52.625,Lysimeter,null,T3,83.043,52.625,0,52.625,122.232008037019,77.767991962981,NA,NA,NA,NA,NA,NA,NA,NA,NA
2026-06-18,7,optimized,high,NA,NA,NA,NA,NA,NA,NA,NA,NA,NA,2026,7,optimized,high,WW,0,80.057,80.057,Lysimeter,optimized,T3,80.57,80.057,0,80.057,166.01808903324417,33.981910966755834,NA,NA,NA,NA,NA,NA,NA,NA,NA
2026-06-18,8,inhibitor,low,NA,NA,NA,NA,NA,NA,NA,NA,NA,NA,2026,8,inhibitor,low,WW,0,43.485,43.485,Lysimeter,inhibitor,T3,81.655,43.485,0,43.485,109.78847748551048,70.21152251448953,NA,NA,NA,NA,NA,NA,NA,NA,NA
2026-06-18,9,null,high,NA,NA,NA,NA,NA,NA,NA,NA,NA,NA,2026,9,null,high,WW,0.528,73.681,74.209,Lysimeter,null,T3,79.559,73.681,0.528,74.209,152.86939125386996,47.13060874613004,NA,NA,NA,NA,NA,NA,NA,NA,NA
2026-06-18,10,null,low,NA,NA,NA,NA,NA,NA,NA,NA,NA,NA,2026,10,null,low,WW,0.512,51.236,51.748,Lysimeter,null,T3,82.015,51.236,0.512,51.748,120.19500146127618,79.80499853872382,NA,NA,NA,NA,NA,NA,NA,NA,NA
2026-06-18,11,inhibitor,high,NA,NA,NA,NA,NA,NA,NA,NA,NA,NA,2026,11,inhibitor,high,WW,0,66.954,66.954,Lysimeter,inhibitor,T3,80.648,66.954,0,66.954,141.2507813108371,58.74921868916289,NA,NA,NA,NA,NA,NA,NA,NA,NA
2026-06-18,12,inhibitor,low,NA,NA,NA,NA,NA,NA,NA,NA,NA,NA,2026,12,inhibitor,low,WW,0,66.109,66.109,Lysimeter,inhibitor,T3,83.268,66.109,0,66.109,166.90827775300934,33.091722246990656,NA,NA,NA,NA,NA,NA,NA,NA,NA
2026-06-18,13,inhibitor,high,NA,NA,NA,NA,NA,NA,NA,NA,NA,NA,2026,13,inhibitor,high,WW,0,48.631,48.631,Lysimeter,inhibitor,T3,79.495,48.631,0,48.631,102.59531537962364,77.40468462037637,NA,NA,NA,NA,NA,NA,NA,NA,NA
2026-06-18,14,conventional,low,NA,NA,NA,NA,NA,NA,NA,NA,NA,NA,2026,14,conventional,low,WW,0,57.824,57.824,Lysimeter,conventional,T3,82.845,57.824,0,57.824,125.65559312111232,74.34440687888767,NA,NA,NA,NA,NA,NA,NA,NA,NA
2026-06-18,15,optimized,high,NA,NA,NA,NA,NA,NA,NA,NA,NA,NA,2026,15,optimized,high,WW,0,63.588,63.588,Lysimeter,optimized,T3,79.631,63.588,0,63.588,131.865523882308,68.134476117692,NA,NA,NA,NA,NA,NA,NA,NA,NA
2026-06-18,16,conventional,low,NA,NA,NA,NA,NA,NA,NA,NA,NA,NA,2026,16,conventional,low,WW,0,99.415,99.415,Lysimeter,conventional,T3,83.057,99.415,0,99.415,216.035742773509,-16.035742773509014,NA,NA,NA,NA,NA,NA,NA,NA,NA
2026-06-18,17,conventional,high,NA,NA,NA,NA,NA,NA,NA,NA,NA,NA,2026,17,conventional,high,WW,0,111.959,111.959,Lysimeter,conventional,T3,79.569,111.959,0,111.959,281.5627940503432,-81.5627940503432,NA,NA,NA,NA,NA,NA,NA,NA,NA
2026-06-18,18,null,low,NA,NA,NA,NA,NA,NA,NA,NA,NA,NA,2026,18,null,low,WW,0,39.402,39.402,Lysimeter,null,T3,82.119,39.402,0,39.402,91.51896590355578,88.48103409644422,NA,NA,NA,NA,NA,NA,NA,NA,NA
2026-06-18,19,conventional,high,NA,NA,NA,NA,NA,NA,NA,NA,NA,NA,2026,19,conventional,high,WW,0,138.406,138.406,Lysimeter,conventional,T3,80.608,138.406,0,138.406,348.07367048054914,-148.07367048054914,NA,NA,NA,NA,NA,NA,NA,NA,NA
2026-06-18,20,optimized,low,NA,NA,NA,NA,NA,NA,NA,NA,NA,NA,2026,20,optimized,low,WW,0.254,88.23,88.48400000000001,Lysimeter,optimized,T3,82.633,88.23,0.254,88.484,201.3051663602941,-1.3051663602940948,NA,NA,NA,NA,NA,NA,NA,NA,NA
2026-06-18,21,null,high,NA,NA,NA,NA,NA,NA,NA,NA,NA,NA,2026,21,null,high,WW,0,48.376,48.376,Lysimeter,null,T3,81.217,48.376,0,48.376,99.65381114551082,80.34618885448918,NA,NA,NA,NA,NA,NA,NA,NA,NA
2026-06-18,22,optimized,low,NA,NA,NA,NA,NA,NA,NA,NA,NA,NA,2026,22,optimized,low,WW,0,56.507,56.507,Lysimeter,optimized,T3,84.404,56.507,0,56.507,128.5560218290441,71.44397817095589,NA,NA,NA,NA,NA,NA,NA,NA,NA
2026-06-18,23,optimized,high,NA,NA,NA,NA,NA,NA,NA,NA,NA,NA,2026,23,optimized,high,WW,0,50.803,50.803,Lysimeter,optimized,T3,79.819,50.803,0,50.803,105.35264845242644,74.64735154757356,NA,NA,NA,NA,NA,NA,NA,NA,NA
2026-06-18,24,optimized,low,NA,NA,NA,NA,NA,NA,NA,NA,NA,NA,2026,24,optimized,low,WW,0.255,64.967,65.222,Lysimeter,optimized,T3,82.467,64.967,0.255,65.222,148.3830473345588,51.6169526654412,NA,NA,NA,NA,NA,NA,NA,NA,NA
2026-06-18,25,conventional,high,NA,NA,NA,NA,NA,NA,NA,NA,NA,NA,2026,25,conventional,high,WW,0.26,117.961,118.221,Lysimeter,conventional,T3,80.686,117.961,0.26,118.221,297.3109359267734,-97.31093592677342,NA,NA,NA,NA,NA,NA,NA,NA,NA
2026-06-18,26,optimized,low,NA,NA,NA,NA,NA,NA,NA,NA,NA,NA,2026,26,optimized,low,WW,0.252,56.97,57.222,Lysimeter,optimized,T3,83.349,56.97,0.252,57.222,130.1826796875,69.81732031249999,NA,NA,NA,NA,NA,NA,NA,NA,NA
2026-06-18,27,null,high,NA,NA,NA,NA,NA,NA,NA,NA,NA,NA,2026,27,null,high,WW,0,46.469,46.469,Lysimeter,null,T3,83.646,46.469,0,46.469,95.72542066563469,84.27457933436533,NA,NA,NA,NA,NA,NA,NA,NA,NA
2026-06-18,28,inhibitor,low,NA,NA,NA,NA,NA,NA,NA,NA,NA,NA,2026,28,inhibitor,low,WW,0,53.098,53.098,Lysimeter,inhibitor,T3,81.512,53.098,0,53.098,134.0588381631743,65.9411618368257,NA,NA,NA,NA,NA,NA,NA,NA,NA
2026-06-18,29,inhibitor,high,NA,NA,NA,NA,NA,NA,NA,NA,NA,NA,2026,29,inhibitor,high,WW,0,67.074,67.074,Lysimeter,inhibitor,T3,81.13,67.074,0,67.074,141.503941596366,58.49605840363401,NA,NA,NA,NA,NA,NA,NA,NA,NA
2026-06-18,30,conventional,low,NA,NA,NA,NA,NA,NA,NA,NA,NA,NA,2026,30,conventional,low,WW,0.251,66.35,66.601,Lysimeter,conventional,T3,83.598,66.35,0.251,66.602,144.7308005854373,55.269199414562735,NA,NA,NA,NA,NA,NA,NA,NA,NA
2026-06-18,31,inhibitor,high,NA,NA,NA,NA,NA,NA,NA,NA,NA,NA,2026,31,inhibitor,high,WW,0,68.273,68.273,Lysimeter,inhibitor,T3,78.474,68.273,0,68.273,144.0334347826087,55.96656521739129,NA,NA,NA,NA,NA,NA,NA,NA,NA
2026-06-18,32,inhibitor,low,NA,NA,NA,NA,NA,NA,NA,NA,NA,NA,2026,32,inhibitor,low,WW,0,72.233,72.233,Lysimeter,inhibitor,T3,82.899,72.233,0,72.233,182.369807846634,17.63019215336601,NA,NA,NA,NA,NA,NA,NA,NA,NA
