"0","# 1. Daten auswählen und Korrelationsmatrix berechnen"
"0","cor_matrix <- df_final |> "
"0","  select(NAG, GLS, MUP, MUX, NH4, NO3) |> "
"0","  drop_na() |> "
"0","  cor(method = ""spearman"") # Spearman ist robuster bei biologischen Daten"
"0",""
"0","# 2. Die Matrix für ggplot ins Long-Format umwandeln"
"0","cor_data <- cor_matrix |> "
"0","  as.data.frame() |> "
"0","  rownames_to_column(var = ""Var1"") |> "
"0","  pivot_longer(cols = -Var1, names_to = ""Var2"", values_to = ""Korrelation"")"
"0",""
"0","# 3. Die Heatmap plotten"
"0","ggplot(cor_data, aes(x = Var1, y = Var2, fill = Korrelation)) +"
"0","  geom_tile(color = ""white"", linewidth = 1) +"
"0","  "
"0","  # Die Zahlenwerte in die Kästchen schreiben"
"0","  geom_text(aes(label = round(Korrelation, 2)), color = ""black"", size = 5) +"
"0","  "
"0","  # Farbverlauf von Rot (-1) über Weiß (0) zu Blau (+1)"
"0","  scale_fill_distiller(palette = ""RdBu"", direction = 1, limits = c(-1, 1)) +"
"0","  "
"0","  theme_minimal(base_size = 14) +"
"0","  theme("
"0","    axis.title = element_blank(),"
"0","    panel.grid = element_blank(),"
"0","    axis.text = element_text(size = 12, face = ""bold"")"
"0","  ) +"
"0","  labs("
"0","    title = ""Korrelations-Heatmap"","
"0","    subtitle = ""Spearman-Korrelation zwischen Enzymen und Nmin"","
"0","    fill = ""Korrelation\n(Spearman)"""
"0","  )"
