"id_lysi","id_treat","soil_type","date","date_short","TS g/100g","NO3-N","NH4-N","NMin 0-30 cm [kgN/ha]","NMin 0-60 cm [kgN/ha]","fertilisation [kgN/ha]"
"01","null","high","23.04.2026","T1",86.301,15.581,0,15.581,32.096618808049534,NA
"02","null","low","23.04.2026","T1",84.371,5.977,0,5.977,13.882768874817343,NA
"03","conventional","high","23.04.2026","T1",84.554,22.612,0.745,23.358,58.742430205949645,NA
"04","conventional","low","23.04.2026","T1",86.584,9.706,0.243,9.949,21.619872301500184,NA
"05","optimized","high","23.04.2026","T1",85.78,17.635,0,17.635,36.570555980129924,NA
"06","null","low","23.04.2026","T1",84.91,7.176,0,7.176,16.667684364344865,NA
"07","optimized","high","23.04.2026","T1",86.087,13.667,0,13.667,28.341921666029805,NA
"08","inhibitor","low","23.04.2026","T1",83.941,8.761,0.25,9.011,22.750465002229156,NA
"09","null","high","23.04.2026","T1",84.823,12.88,0,12.88,26.532600619195044,NA
"10","null","low","23.04.2026","T1",80.455,8.879,0,8.879,20.62323989283975,NA
"11","inhibitor","high","23.04.2026","T1",85.938,17.603,0,17.603,37.13650421804024,NA
"12","inhibitor","low","23.04.2026","T1",82.455,7.644,0,7.644,19.299140436914847,NA
"13","inhibitor","high","23.04.2026","T1",83.096,18.205,0.253,18.458,38.94027125243348,NA
"14","conventional","low","23.04.2026","T1",85.647,14.719,0,14.719,31.9854156604464,NA
"15","optimized","high","23.04.2026","T1",81.694,23.661,0,23.661,49.06696484524265,NA
"16","conventional","low","23.04.2026","T1",83.703,17.32,0,17.32,37.63757043541896,NA
"17","conventional","high","23.04.2026","T1",84.378,19.671,0,19.671,49.47008924485125,NA
"18","null","low","23.04.2026","T1",85.004,9.145,0,9.145,21.241077691183634,NA
"19","conventional","high","23.04.2026","T1",85.451,17.949,0,17.949,45.13947597254004,NA
"20","optimized","low","23.04.2026","T1",83.675,11.048,0.251,11.299,25.705744255514702,NA
"21","null","high","23.04.2026","T1",84.81,23.04,0,23.04,47.46204334365325,NA
"22","optimized","low","23.04.2026","T1",86.883,12.575,0.242,12.817,29.159264016544117,NA
"23","optimized","high","23.04.2026","T1",84.099,18.487,0.5,18.987,39.374264042797094,NA
"24","optimized","low","23.04.2026","T1",81.93,15.9,0,15.9,36.17323069852941,NA
"25","conventional","high","23.04.2026","T1",87.987,11.223,0,11.223,28.224432494279178,NA
"26","optimized","low","23.04.2026","T1",83.443,9.568,0,9.568,21.767639705882353,NA
"27","null","high","23.04.2026","T1",85.91,14.185,0.245,14.429,29.723516640866873,NA
"28","inhibitor","low","23.04.2026","T1",82.564,14.505,0,14.505,36.62140659830584,NA
"29","inhibitor","high","23.04.2026","T1",84.134,13.485,0,13.485,28.448887086307593,NA
"30","conventional","low","23.04.2026","T1",86.05,13.429,0,13.429,29.18215550676912,NA
"31","inhibitor","high","23.04.2026","T1",83.775,25.08,0.251,25.33,53.437916937053856,NA
"32","inhibitor","low","23.04.2026","T1",86.381,10.216,0,10.216,25.79278109674543,NA
"01","null","high","20.05.2026","T2",80.935,12.461,0.26,12.72,26.203003095975234,NA
"02","null","low","20.05.2026","T2",79.92,7.887,0.526,8.413,19.54086239649294,NA
"03","conventional","high","20.05.2026","T2",80.116,8.13,0,8.13,20.445926773455376,NA
"04","conventional","low","20.05.2026","T2",81.462,6.19,0,6.19,13.451302597877792,NA
"05","optimized","high","20.05.2026","T2",78.347,12.604,0,12.604,26.137526939243408,NA
"06","null","low","20.05.2026","T2",80.225,8.904,0.262,9.166,21.289854359473942,NA
"07","optimized","high","20.05.2026","T2",79.105,7.437,0,7.437,15.422468093236532,NA
"08","inhibitor","low","20.05.2026","T2",78.089,6.457,0,6.457,16.3022697280428,NA
"09","null","high","20.05.2026","T2",77.79,11.074,0,11.074,22.81226857585139,NA
"10","null","low","20.05.2026","T2",78.572,8.557,0.267,8.824,20.495491475888944,NA
"11","inhibitor","high","20.05.2026","T2",81.472,9.8,0.258,10.058,21.21905126541207,NA
"12","inhibitor","low","20.05.2026","T2",80.186,11.791,0,11.791,29.769252340615246,NA
"13","inhibitor","high","20.05.2026","T2",79.655,11.87,0,11.87,25.041771576898118,NA
"14","conventional","low","20.05.2026","T2",80.514,9.655,0,9.655,20.980989754848153,NA
"15","optimized","high","20.05.2026","T2",78.266,9.664,0,9.664,20.040706152082535,NA
"16","conventional","low","20.05.2026","T2",79.73,16.338,0,16.338,35.50361580680571,NA
"17","conventional","high","20.05.2026","T2",80.594,13.296,0,13.296,33.43776659038901,NA
"18","null","low","20.05.2026","T2",79.869,5.524,0,5.524,12.830586458840722,NA
"19","conventional","high","20.05.2026","T2",80.141,8.914,0,8.914,22.417588100686494,NA
"20","optimized","low","20.05.2026","T2",79.588,5.28,0,5.28,12.012242647058823,NA
"21","null","high","20.05.2026","T2",79.558,6.338,0,6.338,13.056181888544891,NA
"22","optimized","low","20.05.2026","T2",81.709,5.4,0,5.4,12.285248161764706,NA
"23","optimized","high","20.05.2026","T2",79.144,5.575,0,5.575,11.561148261367979,NA
"24","optimized","low","20.05.2026","T2",79.791,6.846,0,6.846,15.574964613970588,NA
"25","conventional","high","20.05.2026","T2",80.435,7.575,0,7.575,19.050171624713958,NA
"26","optimized","low","20.05.2026","T2",80.882,7.793,0,7.793,17.729433134191176,NA
"27","null","high","20.05.2026","T2",78.766,8.803,0,8.803,18.134043730650156,NA
"28","inhibitor","low","20.05.2026","T2",79.831,9.738,0,9.738,24.585953633526522,NA
"29","inhibitor","high","20.05.2026","T2",78.788,9.334,0,9.334,19.69165087605451,NA
"30","conventional","low","20.05.2026","T2",80.531,10.436,0,10.436,22.67815733626052,NA
"31","inhibitor","high","20.05.2026","T2",78.791,14.4,0,14.4,30.379234263465285,NA
"32","inhibitor","low","20.05.2026","T2",81.402,12.389,0,12.389,31.279049041462322,NA
"01","null","high","18.06.2026","T3",81.066,43.801,0,43.801,90.22938196594427,89.77061803405573
"02","null","low","18.06.2026","T3",83.07,51.849,0,51.849,120.42959400876765,79.57040599123235
"03","conventional","high","18.06.2026","T3",80.046,106.829,0,106.829,268.66148970251714,-68.66148970251714
"04","conventional","low","18.06.2026","T3",83.724,93.353,0,93.353,202.86259312111235,-2.8625931211123543
"05","optimized","high","18.06.2026","T3",81.633,62.286,0,62.286,129.1655032479939,70.83449675200609
"06","null","low","18.06.2026","T3",83.043,52.625,0,52.625,122.232008037019,77.767991962981
"07","optimized","high","18.06.2026","T3",80.57,80.057,0,80.057,166.01808903324417,33.981910966755834
"08","inhibitor","low","18.06.2026","T3",81.655,43.485,0,43.485,109.78847748551047,70.21152251448953
"09","null","high","18.06.2026","T3",79.559,73.681,0.528,74.209,152.86939125386996,47.13060874613004
"10","null","low","18.06.2026","T3",82.015,51.236,0.512,51.748,120.19500146127618,79.80499853872382
"11","inhibitor","high","18.06.2026","T3",80.648,66.954,0,66.954,141.2507813108371,58.74921868916289
"12","inhibitor","low","18.06.2026","T3",83.268,66.109,0,66.109,166.90827775300934,33.091722246990656
"13","inhibitor","high","18.06.2026","T3",79.495,48.631,0,48.631,102.59531537962363,77.40468462037637
"14","conventional","low","18.06.2026","T3",82.845,57.824,0,57.824,125.65559312111233,74.34440687888767
"15","optimized","high","18.06.2026","T3",79.631,63.588,0,63.588,131.865523882308,68.134476117692
"16","conventional","low","18.06.2026","T3",83.057,99.415,0,99.415,216.035742773509,-16.035742773509014
"17","conventional","high","18.06.2026","T3",79.569,111.959,0,111.959,281.5627940503432,-81.5627940503432
"18","null","low","18.06.2026","T3",82.119,39.402,0,39.402,91.51896590355578,88.48103409644422
"19","conventional","high","18.06.2026","T3",80.608,138.406,0,138.406,348.07367048054914,-148.07367048054914
"20","optimized","low","18.06.2026","T3",82.633,88.23,0.254,88.484,201.3051663602941,-1.3051663602940948
"21","null","high","18.06.2026","T3",81.217,48.376,0,48.376,99.65381114551082,80.34618885448918
"22","optimized","low","18.06.2026","T3",84.404,56.507,0,56.507,128.5560218290441,71.44397817095589
"23","optimized","high","18.06.2026","T3",79.819,50.803,0,50.803,105.35264845242644,74.64735154757356
"24","optimized","low","18.06.2026","T3",82.467,64.967,0.255,65.222,148.3830473345588,51.616952665441204
"25","conventional","high","18.06.2026","T3",80.686,117.961,0.26,118.221,297.3109359267734,-97.31093592677342
"26","optimized","low","18.06.2026","T3",83.349,56.97,0.252,57.222,130.1826796875,69.81732031249999
"27","null","high","18.06.2026","T3",83.646,46.469,0,46.469,95.72542066563467,84.27457933436533
"28","inhibitor","low","18.06.2026","T3",81.512,53.098,0,53.098,134.0588381631743,65.9411618368257
"29","inhibitor","high","18.06.2026","T3",81.13,67.074,0,67.074,141.503941596366,58.49605840363401
"30","conventional","low","18.06.2026","T3",83.598,66.35,0.251,66.602,144.73080058543727,55.269199414562735
"31","inhibitor","high","18.06.2026","T3",78.474,68.273,0,68.273,144.0334347826087,55.96656521739129
"32","inhibitor","low","18.06.2026","T3",82.899,72.233,0,72.233,182.369807846634,17.63019215336601
