project_sample_id;LEU (pmol min-1);GLA (pmol min-1);GLS  (pmol min-1);PHO (pmol min-1);XYL (pmol min-1);
DL;7;2;2;7;1;
BOB_05-101Ernteempfohlen30cm-1;70.757;3.439;63.587;734.334;29.178;
BOB_05-101ErnteHofduenger60cm;<DL;31.182;103.757;360.273;20.662;
BOB_05-101Erntenull60cm;<DL;32.601;56.066;321.589;16.407;
BOB_06-101Ernteempfohlen60cm;<DL;29.765;53.716;262.354;19.244;
BOB_06-101Ernteueblich30cm;139.453;44.942;151.445;464.279;36.683;
BOB_09-101ErnteHofduenger30cm;19.18;43.799;122.708;828.743;41.172;
BOB_09-101Erntenull30cm;<DL;77.537;284.558;738.131;42.584;
BOB_09-101Ernteueblich60cm;94.323;3.178;37.358;294.935;25.022;
BOB_05-Senn_WW25_Saat_empfohlen_30;<DL;33.301;104.856;500.869;27.353;
BOB_05-Senn_WW25_Saat_guelle_30;<DL;31.098;81.842;263.792;21.368;
BOB_05-Senn_WW25_Saat_null_30;76.383;35.773;123.348;554.662;29.317;
BOB_05-Senn_WW25_Saat_ueblich_30;72.429;40.337;103.632;400.651;Feb 77;
BOB_06-Senn_WW25_Saat_empfohlen_60;<DL;23.071;31.705;216.779;1.737;
BOB_06-Senn_WW25_Saat_guelle_60;<DL;34.583;25.707;135.784;15.862;
BOB_06-Senn_WW25_Saat_null_60;<DL;42.098;33.215;122.547;17.139;
BOB_06-Senn_WW25_Saat_ueblich_60;<DL;<DL;33.632;246.323;13.792;
BOB_09-Senn_WW25_Saat_empfohlen_90;<DL;<DL;21.628;34.7;17.967;
BOB_09-Senn_WW25_Saat_guelle_90;<DL;<DL;<DL;<DL;11.475;
BOB_09-Senn_WW25_Saat_null_90;<DL;21.141;3.843;375.655;18.615;
BOB_09-Senn_WW25_Saat_ueblich_90;<DL;<DL;<DL;268.318;12.137;
BOB_05-Senn_WW25_T1_empfohlen_30;<DL;29.228;167.612;564.519;18.071;
BOB_05-Senn_WW25_T1_hofduenger_30;<DL;3.506;93.525;39.117;21.976;
BOB_05-Senn_WW25_T1_null_30;<DL;48.115;127.953;456.312;24.105;
BOB_05-Senn_WW25_T1_ueblich_30;80.662;41.866;13.309;478.773;28.706;
BOB_06-Senn_WW25_T1_empfohlen_60;<DL;<DL;37.005;23.859;14.529;
BOB_06-Senn_WW25_T1_hofduenger_60;<DL;22.517;41.249;198.823;14.247;
BOB_06-Senn_WW25_T1_null_60;<DL;22.498;48.126;34.54;15.364;
BOB_06-Senn_WW25_T1_ueblich_60;<DL;24.045;32.428;25.643;13.175;
BOB_09-Senn_WW25_T1_empfohlen_90;<DL;23.996;43.146;294.769;19.456;
BOB_09-Senn_WW25_T1_hofduenger_90;<DL;27.381;35.138;47.431;22.506;
BOB_09-Senn_WW25_T1_null_90;<DL;23.538;3.641;532.895;2.212;
BOB_09-Senn_WW25_T1_ueblich_90;<DL;76.631;35.837;417.998;23.483;
BOB_05-101WW259469T3null30cm;208.437;74.178;224.886;629.775;45.067;
BOB_05-101WW259469T3ueblich30cm;185.886;51.804;143.297;564.563;43.782;
BOB_05-101WW259469T3ueblich60cm%3F%3F;<DL;27.044;64.351;37.485;1.963;
BOB_06-101WW259469T3empfohlen60cm;145.868;36.185;78.756;345.798;24.924;
BOB_06-101WW259469T3null60cm;97.996;30.732;52.054;401.905;23.242;
BOB_09-101WW259469T3empfohlen30cm;198.016;53.032;197.123;581.603;49.015;
BOB_09-101WW259469T3hofduenger30cm;253.049;75.642;213.684;639.416;55.857;
BOB_05-Berger_6.5.2025_KN1;<DL;56.587;180.593;578.611;30.247;
BOB_05-Berger_6.5.2025_Nmin1;<DL;121.563;425.128;931.248;69.176;
BOB_05-Berger_6.5.2025_null1;<DL;70.926;241.078;599.754;30.224;
BOB_05-Berger_6.5.2025_ueblich1;<DL;128.411;284.271;722.403;42.831;
BOB_06-Berger_6.5.2025_KN2;<DL;62.449;228.192;461.102;14.257;
BOB_06-Berger_6.5.2025_Nmin2;<DL;162.719;430.299;1.144.637;66.054;
BOB_06-Berger_6.5.2025_null2;<DL;3.012;220.434;721.542;26.076;
BOB_06-Berger_6.5.2025_ueblich2;<DL;105.776;413.665;793.601;48.217;
BOB_09-Berger_6.5.2025_KN3;<DL;64.525;241.485;661.781;45.587;
BOB_09-Berger_6.5.2025_Nmin3;<DL;167.352;468.129;1.385.923;60.405;
BOB_09-Berger_6.5.2025_null3;<DL;70.877;277.923;59.463;22.778;
BOB_09-Berger_6.5.2025_ueblich3;<DL;112.929;516.049;967.974;70.376;
BOB_05-102WW25_T1_null_A;<DL;35.389;198.471;198.583;25.337;
BOB_05-102WW25_T1_null_A-1;<DL;39.644;125.453;545.246;24.528;
BOB_05-102WW25_T1_ueblich_A;<DL;43.798;203.105;590.626;21.061;
BOB_05-102WW25_T1_ueblich_B;<DL;81.208;260.793;774.011;43.563;
BOB_06-102WW25_T1_KN_A;<DL;35.952;139.845;493.218;27.743;
BOB_06-102WW25_T1_NMin_B;<DL;64.995;171.915;589.732;21.511;
BOB_06-102WW25_T1_NMin_C;<DL;7.358;214.639;752.851;03. Feb;
BOB_06-102WW25_T1_null_C;<DL;68.828;201.946;667.757;26.249;
BOB_09-102WW25_T1_KN_B;<DL;4.563;194.324;761.786;19.783;
BOB_09-102WW25_T1_KN_C;<DL;58.848;205.954;748.655;52.073;
BOB_09-102WW25_T1_NMin_A;<DL;101.964;546.771;899.747;69.697;
BOB_09-102WW25_T1_ueblich_C;<DL;63.662;275.057;740.758;37.029;
BOB_05-698KM253206T1empfohlen60cm;<DL;54.045;304.924;831.166;Mär 18;
BOB_05-698KM253206T1ueblich30cm;<DL;36.015;163.389;53.345;25.234;
BOB_06-698KM253206T1empfohlen30cm;<DL;98.774;449.602;877.889;64.048;
BOB_06-698KM253206T1ueblich60cm;<DL;84.003;268.792;57.513;43.989;
BOB_09-698KM253206T1null30cm;<DL;167.541;407.971;1.249.752;54.338;
BOB_09-698KM253206T1null60cm;<DL;5.709;96.002;80.464;48.128;
BOB_05-698KM253206T2empfohlen30cm;<DL;67.075;362.321;801.423;4.006;
BOB_05-698KM253206T2null30cm;<DL;64.958;366.626;832.266;84.838;
BOB_06-698KM253206T2null60cm;<DL;58.137;158.145;723.981;38.303;
BOB_06-698KM253206T2ueblich60cm;<DL;108.348;445.399;869.105;46.226;
BOB_09-698KM253206T2empfohlen60cm;<DL;104.706;192.148;666.965;38.984;
BOB_09-698KM253206T2ueblich30cm;<DL;125.046;41.01;668.436;68.487;
BOB_05-698KM253206T3empfohlen30cm;inv Enz;51.178;191.541;192.549;29.151;
BOB_05-698KM253206T3null60cm;<DL;<DL;124.875;749.868;27.704;
BOB_06-698KM253206T3ueblich30cm;<DL;63.953;283.514;654.852;20.301;
BOB_06-698KM253206T3ueblich60cm;inv Enz;<DL;<DL;329.493;49.745;
BOB_09-698KM253206T3empfohlen60cm;<DL;4.805;138.266;585.228;31.865;
BOB_09-698KM253206T3null30cm;<DL;<DL;184.357;563.923;17.761;
BOB_05-699KM251562T1null30cm;82.644;41.891;233.598;470.075;28.987;
BOB_05-699KM251562T1ueblich60cm;157.653;40.071;135.577;357.849;3.366;
BOB_06-699KM251562T1empfohlen30cm;132.315;87.097;227.936;687.467;47.025;
BOB_06-699KM251562T1null60cm;<DL;<DL;<DL;<DL;<DL;
BOB_09-699KM251562T1empfohlen60cm;206.497;49.815;118.565;60.071;45.279;
BOB_09-699KM251562T1ueblich30cm;210.109;10.262;220.133;772.731;69.948;
BOB_05-699KM251562T2null30cm;303.975;50.362;170.056;560.016;63.964;
BOB_05-699KM251562T2ueblich60cm;243.002;25.499;113.991;373.571;38.794;
BOB_06-699KM251562T2empfohlen30cm;197.335;7.736;301.599;657.293;57.503;
BOB_06-699KM251562T2null60cm;263.978;38.815;139.654;432.473;32.533;
BOB_09-699KM251562T2empfohlen60cm;146.026;36.916;140.134;354.333;48.087;
BOB_09-699KM251562T2ueblich30cm;229.484;54.123;298.761;624.173;79.274;
BOB_05-699KM251562T3null30cm;<DL;29.112;227.853;415.171;40.435;
BOB_05-6699KM251562T3null60cm;123.926;32.081;84.462;445.147;47.678;
BOB_06-699KM251562T3empfohlen30cm;163.716;4.735;8.506;406.112;52.593;
BOB_06-699KM251562T3ueblich30cm;<DL;36.969;72.935;406.675;20.668;
BOB_09-699KM251562T3empfohlen60cm;<DL;25.737;71.384;30.502;<DL;
BOB_09-699KM251562T3ueblich60cm;28.518;45.904;126.667;499.912;47.869;
BOB_05-700KM258617T1null30cm;<DL;48.765;211.944;709.161;42.975;
BOB_05-700KM258617T1ueblich60cm;<DL;36.146;7.399;462.708;24.557;
BOB_06-700KM258617T1empfohlen30cm;<DL;52.636;273.396;519.497;40.431;
BOB_06-700KM258617T1null60cm;<DL;24.004;Mai 24;522.662;18.094;
BOB_09-700KM258617T1empfohlen60cm;<DL;33.127;72.767;496.532;30.646;
BOB_09-700KM258617T1ueblich30cm;<DL;61.537;251.303;689.695;4.622;
BOB_05-700KM258617T2null30cm;<DL;33.331;103.978;666.692;22.667;
BOB_05-700KM258617T2ueblich60cm;<DL;20.121;54.234;312.655;19.766;
BOB_06-700KM258617T2empfohlen30cm;<DL;64.171;299.758;764.462;43.152;
BOB_06-700KM258617T2null60cm;<DL;24.712;68.471;33.052;20.017;
BOB_09-700KM258617T2empfohlen60cm;<DL;28.432;91.655;479.243;23.075;
BOB_09-700KM258617T2ueblich30cm;<DL;42.671;254.794;445.447;28.265;
BOB_05-700KM258617T3empfohlen30cm;<DL;54.252;185.608;635.415;64.873;
BOB_05-700KM258617T3empfohlen60cm;<DL;21.269;inv Enz;237.571;44.925;
BOB_06-700KM258617T3null30cm;<DL;30.685;183.747;711.219;36.266;
BOB_06-700KM258617T3ueblich60cm;<DL;inv Enz;235.782;479.668;56.631;
BOB_09-700KM258617T3null60cm;<DL;56.655;191.041;434.583;86.422;
BOB_09-700KM258617T3ueblich30cm;<DL;37.206;161.653;509.695;35.759;
BOB_05-701SM251485T1null30cm;<DL;114.369;37.042;791.843;100.529;
BOB_05-701SM251485T1ueblich60cm;<DL;45.637;102.897;524.233;21.683;
BOB_06-701SM251485T1empfohlen30cm;<DL;172.365;450.673;717.938;73.607;
BOB_06-701SM251485T1null60cm;<DL;68.245;9.468;497.197;46.394;
BOB_09-701SM251485T1empfohlen60cm;<DL;103.747;11.567;623.604;118.223;
BOB_09-701SM251485T1ueblich30cm;<DL;23.974;511.144;1.346.679;74.742;
BOB_05-701SM251485T2null30cm;<DL;90.588;365.506;1.064.435;50.684;
BOB_05-701SM251485T2ueblich60cm;<DL;65.811;151.857;709.785;33.379;
BOB_06-701SM251485T2empfohlen30cm;<DL;97.546;291.725;875.278;54.517;
BOB_06-701SM251485T2null60cm;<DL;42.121;149.755;642.286;26.908;
BOB_09-701SM251485T2empfohlen60cm;<DL;51.972;204.087;651.145;2.496;
BOB_09-701SM251485T2ueblich30cm;<DL;122.769;386.047;912.077;49.976;
BOB_05-701SM251485T3null30cm;<DL;109.292;498.447;986.052;48.834;
BOB_05-701SM251485T3ueblich30cm;<DL;91.234;279.351;90.397;47.898;
BOB_06-701SM251485T3empfohlen60cm;<DL;42.694;146.124;719.673;33.255;
BOB_06-701SM251485T3ueblich60cm;<DL;32.585;120.584;680.467;22.759;
BOB_09-701SM251485T3empfohlen30cm;<DL;7.246;338.774;85.3;38.702;
BOB_09-701SM251485T3null60cm;<DL;34.243;72.965;450.727;17.484;
BOB_05-702SM251725T1null30cm;inv Samp;inv Samp;inv Samp;inv Samp;inv Samp;
BOB_05-702SM251725T1ueblich60cm;<DL;6.176;135.366;545.154;44.024;
BOB_06-702SM251725T1empfohlen30cm;inv Samp;inv Samp;inv Samp;inv Samp;inv Samp;
BOB_06-702SM251725T1null60cm;<DL;90.209;411.716;558.644;55.742;
BOB_09-702SM251725T1empfohlen60cm;<DL;76.178;132.988;556.287;44.751;
BOB_09-702SM251725T1ueblich30cm;<DL;21.015;605.899;1.304.245;107.929;
BOB_05-702SM251725T2null30cm;<DL;177.115;497.342;895.919;65.501;
BOB_05-702SM251725T2ueblich60cm;<DL;56.635;193.609;668.092;46.715;
BOB_06-702SM251725T2empfohlen30cm;<DL;181.438;578.676;869.434;112.842;
BOB_06-702SM251725T2null60cm;<DL;66.002;218.521;480.613;49.416;
BOB_09-702SM251725T2empfohlen60cm;<DL;83.216;303.166;530.017;54.469;
BOB_09-702SM251725T2ueblich30cm;<DL;122.507;329.837;759.465;249.969;
BOB_05-702SM251725T3null30cm;<DL;112.392;324.967;928.174;85.324;
BOB_05-702SM251725T3ueblich60cm;<DL;42.604;90.745;331.974;26.224;
BOB_06-702SM251725T3empfohlen30cm;<DL;153.001;503.106;1.201.985;71.268;
BOB_06-702SM251725T3null60cm;<DL;63.468;150.533;431.568;26.718;
BOB_09-702SM251725T3empfohlen60cm;<DL;61.074;154.839;638.802;83.311;
BOB_09-702SM251725T3ueblich30cm;<DL;128.521;27.603;993.067;64.362;
BOB_05- 703SM258356T2null30cm;<DL;78.445;299.996;508.625;92.493;
BOB_05-703SM258356T2empfohlen30cm;94.622;123.039;580.114;496.726;95.069;
BOB_05-703SM258356T2ueblich60cm_naechster Tag;<DL;42.629;357.276;815.995;43.068;
BOB_06- 703SM258356T2empfohlen60cm;153.458;83.851;282.411;633.426;47.859;
BOB_06- 703SM258356T2ueblich60cm_erster Versuch;<DL;5.807;240.514;1.035.825;31.506;
BOB_09- 703SM258356T2 703SM258356T2null60;212.406;66.621;223.401;429.674;60.863;
BOB_09- 703SM258356T2ueblich30cm;157.644;152.789;579.297;964.763;121.055;
BOB_05-703SM258356T3empfohlen60cm;<DL;118.554;186.753;9.241;32.624;
BOB_05-703SM258356T3ueblich60cm;<DL;21.963;112.123;282.899;<DL;
BOB_06-703SM258356T3empfohlen30cm;<DL;75.377;303.933;612.887;36.888;
BOB_06-703SM258356T3null60cm;<DL;27.377;122.918;148.665;26.611;
BOB_09-703SM258356T3null30cm;<DL;80.013;398.965;127.964;24.493;
BOB_09-703SM258356T3ueblich30cm;125.221;9.164;146.562;967.005;69.031;
BOB_05-704SM258472T1null30cm;<DL;54.684;312.176;660.184;57.564;
BOB_05-704SM258472T1ueblich60cm;<DL;21.219;116.406;226.777;16.424;
BOB_06-704SM258472T1empfohlen30cm;<DL;138.142;200.346;480.279;30.853;
BOB_06-704SM258472T1null60cm;<DL;<DL;70.591;346.344;17.216;
BOB_09-704SM258472T1empfohlen60cm;<DL;22.353;97.007;41.458;17.502;
BOB_09-704SM258472T1ueblich30cm;<DL;61.646;21.844;56.103;36.353;
BOB_05-704SM258472T2null30cm;74.533;7.897;268.274;515.401;49.646;
BOB_05-704SM258472T2ueblich60cm;120.629;31.548;145.338;42.451;Mär 98;
BOB_06-704SM258472T2empfohlen30cm;78.247;63.714;442.702;641.113;71.366;
BOB_06-704SM258472T2ueblich30cm;<DL;50.452;261.396;597.063;44.769;
BOB_09-704SM258472T2empfohlen60cm;111.952;51.678;162.451;370.437;117.099;
BOB_09-704SM258472T2null60cm;81.166;37.618;115.676;614.691;34.691;
BOB_05-704SM2584T3empfohlen60cm;<DL;24.072;79.634;630.161;20.827;
BOB_05-704SM2584T3ueblich60cm;<DL;26.068;74.736;512.245;17.251;
BOB_06-704SM258472T3empfohlen30cm;<DL;38.368;251.017;609.202;32.195;
BOB_06-704SM258472T3ueblich30cm;81.765;47.582;288.685;709.455;77.328;
BOB_09-704SM258472T3null30cm;<DL;27.152;164.548;577.919;37.807;
BOB_09-704SM258472T3null60cm;<DL;28.755;239.833;644.758;36.639;
BOB_05-705SM258479T1null30cm;121.691;62.273;216.077;711.248;44.746;
BOB_05-705SM258479T1ueblich60cm;23.214;36.941;10.155;426.344;28.842;
BOB_06-705SM258479T1empfohlen30cm;115.831;69.632;272.346;970.628;45.356;
BOB_06-705SM258479T1null60cm;150.051;33.809;120.409;520.081;28.296;
BOB_09-705SM258479T1empfohlen60cm;96.899;40.116;131.073;467.703;4.569;
BOB_09-705SM258479T1ueblich30cm;22.284;6.308;384.736;713.168;48.956;
BOB_05-705SM258479T2null30cm;<DL;40.441;230.684;572.471;41.902;
BOB_05-705SM258479T2ueblich60cm;180.567;33.884;77.324;99.472;28.656;
BOB_06-705SM258479T2empfohlen30cm;<DL;99.534;331.569;674.607;45.959;
BOB_06-705SM258479T2null60cm;72.201;4.528;111.035;473.841;3.072;
BOB_09-705SM258479T2empfohlen60cm;<DL;58.074;142.501;299.313;23.057;
BOB_09-705SM258479T2ueblich30cm;277.633;61.252;328.914;571.544;68.758;
BOB_05-705SM258479T3empfohlen30cm;<DL;71.503;252.636;793.627;26.706;
BOB_05-705SM258479T3ueblich60cm;11.607;28.323;80.535;586.087;15.115;
BOB_06- 705SM258479T3ueblich30cm;286.121;54.487;330.782;671.324;36.184;
BOB_06-705SM258479T3empfohlen60cm;<DL;6.935;152.412;506.583;19.215;
BOB_09- 705SM258479T3null60cm;92.121;2.613;83.343;610.612;26.924;
BOB_09-705SM258479T3null30cm;<DL;65.217;26.854;602.635;21.423;
BOB_05-706SM254566T1null30cm;<DL;157.131;404.145;824.231;50.198;
BOB_05-706SM254566T1ueblich60cm;<DL;77.734;285.884;595.213;47.849;
BOB_06-706SM254566T1empfohlen60cm;<DL;91.801;239.796;799.511;46.029;
BOB_06-706SM254566T1null60cm;<DL;81.706;165.719;725.805;31.899;
BOB_09-706SM254566T1empfohlen30cm;<DL;137.067;451.344;980.648;65.813;
BOB_09-706SM254566T1ueblich30cm;<DL;143.489;403.525;974.552;6.922;
BOB_05-706SM254566T2null30cm;<DL;179.409;429.815;60.811;58.956;
BOB_05-706SM254566T2null60cm;<DL;110.179;303.715;84.592;47.829;
BOB_06-706SM254566T2ueblich30cm;<DL;131.377;721.696;906.641;71.823;
BOB_06-706SM254566T2ueblich60cm;<DL;79.889;29.799;700.536;31.515;
BOB_09-706SM254566T2empfohlen30cm;<DL;166.659;605.255;747.967;61.786;
BOB_09-706SM254566T2empfohlen60cm;<DL;74.146;244.099;709.974;52.564;
BOB_05-706SM254566T3ueblich30cm;<DL;67.627;378.747;943.418;39.288;
BOB_05-706SM254566T3ueblich60cm;<DL;56.346;210.644;717.046;24.915;
BOB_06-706SM254566T3empfohlen60cm;<DL;87.557;278.546;858.289;57.444;
BOB_06-706SM254566T3null60cm;<DL;61.958;219.571;821.468;25.484;
BOB_09-706SM254566T3empfohlen30cm;<DL;110.721;318.283;744.717;60.922;
BOB_09-706SM254566T3null30cm;<DL;84.253;402.461;878.694;44.901;
BOB_05-707SM256034T1empfohlen30cm;<DL;39.894;201.229;522.184;27.526;
BOB_05-707SM256034T1empfohlen60cm;111.441;23.531;23.303;91.714;13.991;
BOB_05-707SM256034T1hofduenger30cm;203.342;55.012;15.601;501.925;49.365;
BOB_06-707SM256034T1hofduenger60cm;110.267;<DL;<DL;<DL;15.094;
BOB_06-707SM256034T1null60cm;174.308;28.995;30.208;332.754;20.217;
BOB_06-707SM256034T1ueblich60cm;137.994;35.887;31.574;283.666;15.486;
BOB_09-707SM256034T1null30cm;210.999;49.783;149.182;505.851;47.261;
BOB_09-707SM256034T1ueblich30cm;254.598;56.296;194.914;42.346;34.358;
BOB_09-707SM256034T1ueblich60cm;188.664;39.119;53.646;363.432;29.651;
BOB_05-707SM259469T2hofduenger30cm;<DL;37.843;134.666;287.533;26.091;
BOB_05-707SM259469T2ueblich30cm;175.135;52.943;215.965;544.827;41.477;
BOB_05-707SM259469T2ueblich60cm;145.415;20.671;41.462;29.299;22.687;
BOB_06-707SM259469T2empfohlen30cm;104.839;57.941;248.686;532.135;41.128;
BOB_06-707SM259469T2hofduenger60cm;134.297;<DL;2.806;180.513;24.056;
BOB_06-707SM259469T2null60cm;192.961;28.427;57.143;274.691;31.024;
BOB_09-707SM259469T2empfohlen60cm;121.555;<DL;31.594;246.619;17.463;
BOB_09-707SM259469T2null30cm;256.323;49.817;199.144;653.379;30.733;
BOB_05-707SM259469T2.5empfohlen30cm;220.768;66.741;216.112;661.188;42.075;
BOB_05-707SM259469T2.5null60cm;124.753;<DL;20.561;188.048;15.855;
BOB_06-707SM259469T2.5empfohlen60cm;162.041;24.291;26.092;305.713;15.672;
BOB_06-707SM259469T2.5ueblich30cm;215.698;83.399;229.687;728.736;59.175;
BOB_09-707SM259469T2.5null30cm;186.828;84.936;145.195;622.218;30.066;
BOB_09-707SM259469T2.5ueblich60cm;125.289;22.585;22.783;297.507;18.187;
BOB_05-707SM259469T3null60cm;<DL;26.316;61.343;<DL;1.717;
BOB_05-707SM259469T3ueblich30cm;143.722;41.257;114.449;578.285;30.434;
BOB_06-707SM259469T3empfohlen60cm;161.424;4.655;35.065;<DL;24.589;
BOB_06-707SM259469T3null30cm;102.279;46.129;150.156;471.206;37.162;
BOB_09-707SM259469T3empfohlen30cm;144.158;48.116;107.269;164.369;30.705;
BOB_09-707SM259469T3ueblich60cm;102.916;28.506;27.225;97.557;23.286;
BOB_05- 708SM256034T1empfohlen60cm;<DL;74.695;27.145;623.739;46.045;
BOB_05-708SM256034T1ueblich60cm;<DL;50.523;180.562;468.111;33.511;
BOB_06-708SM256034T1empfohlen30cm;<DL;159.901;42.271;980.779;85.199;
BOB_06-708SM256034T1null30cm;<DL;105.709;238.496;786.388;4.827;
BOB_09-708SM256034T1null60cm;<DL;75.471;218.228;773.458;49.747;
BOB_09-708SM256034T1ueblich30cm;<DL;92.278;357.605;1.080.219;46.953;
BOB_05-708SM256034T2empfohlen60cm;<DL;136.937;389.363;77.508;61.231;
BOB_05-708SM256034T2null30cm;<DL;143.754;446.423;1.309.512;64.926;
BOB_06- 708SM256034T2ueblich60cm;<DL;112.586;301.727;836.061;36.525;
BOB_06-708SM256034T2null60cm;<DL;45.598;227.273;550.134;43.675;
BOB_09- 708SM256034T2empfohlen30cm;82.504;21.993;630.536;1.353.476;140.816;
BOB_09-708SM256034T2ueblich30cm;<DL;150.903;401.766;1.329.834;75.193;
BOB_05-708SM256034T3null30cm;<DL;97.153;429.199;1.102.961;107.739;
BOB_05-708SM256034T3ueblich30cm;91.104;91.246;41.676;1.075.544;48.507;
BOB_06-708SM256034T3empfohlen30cm;<DL;88.163;345.269;1.102.674;30.479;
BOB_06-708SM256034T3null60cm;<DL;68.753;252.973;757.939;<DL;
BOB_09-708SM256034T3empfohlen60cm;<DL;39.032;264.051;314.041;<DL;
BOB_09-708SM256034T3ueblich60cm;<DL;90.738;27.302;44.284;54.925;
BOB_05-709SM255706T1null30cm;<DL;102.163;321.256;739.693;50.238;
BOB_05-709SM255706T1null60cm;<DL;3.064;75.262;237.539;2.153;
BOB_06-709SM255706T1empfohlen30cm;<DL;94.893;30.098;627.776;42.355;
BOB_06-709SM255706T1empfohlen60cm;<DL;49.844;87.637;24.625;33.686;
BOB_09-709SM255706T1ueblich30cm;<DL;130.552;376.639;86.511;59.084;
BOB_09-709SM255706T1ueblich60cm;<DL;5.028;115.572;499.393;36.474;
BOB_05-709SM255706T2empfohlen30cm;8.949;174.279;53.877;927.086;86.662;
BOB_05-709SM255706T2ueblich30cm;<DL;111.508;403.296;851.629;Mai 22;
BOB_06-709SM255706T2empfohlen60cm;<DL;109.079;435.368;828.156;6.967;
BOB_06-709SM255706T2null60cm;151.652;82.405;202.812;582.362;46.813;
BOB_09-709SM255706T2null30cm;101.089;108.619;430.963;794.039;77.734;
BOB_09-709SM255706T2ueblich60cm;<DL;100.663;306.826;646.327;48.617;
BOB_05-709SM255706T3empfohlen60cm;<DL;11.347;167.613;388.791;84.061;
BOB_05-709SM255706T3ueblich60cm;<DL;28.868;11.922;615.253;36.032;
BOB_06-709SM255706T3null30cm;137.395;88.549;363.483;775.181;54.442;
BOB_06-709SM255706T3ueblich30cm;<DL;82.843;233.383;898.499;79.343;
BOB_09-709SM255706T3empfohlen30cm;inv Samp;inv Samp;inv Samp;inv Samp;inv Samp;
BOB_09-709SM255706T3null60cm;114.091;65.266;11.209;563.811;59.378;
BOB_05-709SM255706T3empfohlen60cm;<DL;11.347;167.613;388.791;84.061;
BOB_05-709SM255706T3ueblich60cm;<DL;28.868;11.922;615.253;36.032;
BOB_06-709SM255706T3null30cm;137.395;88.549;363.483;775.181;54.442;
BOB_06-709SM255706T3ueblich30cm;<DL;82.843;233.383;898.499;79.343;
BOB_09-709SM255706T3empfohlen30cm;inv Samp;inv Samp;inv Samp;inv Samp;inv Samp;
BOB_09-709SM255706T3null60cm;114.091;65.266;11.209;563.811;59.378;
BOB_05-711SM258507T2empfohlen30cm;<DL;45.337;169.684;667.689;47.324;
BOB_05-711SM258507T2null60cm;<DL;36.318;105.924;39.613;23.043;
BOB_06-711SM258507T2empfohlen60cm;<DL;33.966;142.739;502.758;22.996;
BOB_06-711SM258507T2ueblich30cm;<DL;55.001;166.997;407.138;3.734;
BOB_09-711SM258507T2null30cm;<DL;56.425;242.745;691.779;38.886;
BOB_09-711SM258507T2ueblich60cm;<DL;39.886;149.558;363.981;31.967;
BOB_05-711SM258507T3null30cm;<DL;30.476;165.343;514.198;43.936;
BOB_05-711SM258507T3ueblich30cm;<DL;30.081;140.737;48.524;25.164;
BOB_06-711SM258507T3empfohlen60cm;<DL;4.584;7.372;418.162;20.274;
BOB_06-711SM258507T3null60cm;<DL;27.165;47.094;35.818;23.117;
BOB_09-711SM258507T3empfohlen30cm;<DL;38.875;234.377;814.251;79.355;
BOB_09-711SM258507T3ueblich60cm;<DL;37.067;8.429;596.152;18.148;
BOB_05-712KM251580T1null30cm;<DL;144.743;383.931;595.569;49.058;
BOB_05-712KM251580T1ueblich30cm;<DL;73.413;466.922;854.376;42.898;
BOB_06-712KM251580T1ueblich60cm;<DL;136.047;412.838;863.682;55.126;
BOB_09-712KM251580T1null60cm;<DL;88.751;37.323;806.509;42.397;
BOB_05-712KM251580T2null30cm;<DL;<DL;<DL;<DL;<DL;
BOB_05-712KM251580T2ueblich60cm;<DL;<DL;38.958;37.333;12.386;
BOB_06-712KM251580T2empfohlen30cm;<DL;82.936;351.359;605.171;43.994;
BOB_06-712KM251580T2null60cm;<DL;<DL;33.807;196.353;<DL;
BOB_09-712KM251580T2empfohlen60cm;<DL;<DL;55.192;<DL;11.655;
BOB_09-712KM251780T2ueblich30cm;<DL;132.708;428.752;722.631;53.971;
BOB_05-712KM251580T3empfohlen30cm;<DL;117.475;23.561;559.517;24.653;
BOB_05-712KM251580T3ueblich60cm;<DL;75.971;176.309;677.507;18.074;
BOB_06-712KM251580T3null30cm;<DL;129.859;491.789;923.274;78.223;
BOB_06-712KM251580T3null60cm;<DL;129.074;inv Enz;61.678;24.973;
BOB_09-712KM251580T3empfohlen60cm;<DL;44.482;108.128;396.622;44.376;
BOB_09-712KM251580T3ueblich30cm;<DL;inv Enz;75.384;699.936;77.194;
BOB_06-713SM251372T1null30cm;<DL;34.924;324.623;485.125;30.836;
BOB_09-713SM251372T1null60cm;<DL;<DL;82.858;654.252;14.288;
BOB_05-713SM251372T2null30cm;92.722;4.838;203.822;538.374;49.673;
BOB_06-713SM251372T2null60cm;<DL;28.178;104.812;566.298;20.838;
BOB_05-714km251148T1empfohlen30cm;<DL;41.688;178.131;403.748;44.867;
BOB_05-714KM251148T1ueblich60cm;149.338;60.947;228.211;468.831;53.295;
BOB_06- 714km251148T1ueblich30cm;141.306;58.645;303.867;495.228;6.007;
BOB_06-714KM251148T1empfohlen60cm;<DL;64.156;195.575;418.757;3.074;
BOB_09-714KM251148T1null30cm;138.355;77.257;402.916;647.299;27.844;
BOB_09-714KM251148T1null60cm;92.867;36.885;206.135;535.988;3.575;
BOB_05-714KM251148T2null30cm;21.445;96.809;300.492;528.728;77.817;
BOB_05-714KM251148T2ueblich60cm;<DL;33.227;65.023;319.578;30.073;
BOB_06-714KM251148T2empfohlen30cm;130.909;55.498;362.541;537.043;88.654;
BOB_06-714KM251148T2null60cm;<DL;<DL;<DL;320.614;18.661;
BOB_09-714KM251148T2empfohlen60cm;<DL;20.781;100.669;44.816;1.014;
BOB_09-714KM251148T2ueblich30cm;141.984;67.565;246.706;502.386;65.563;
BOB_05-714KM251148T3empfohlen60cm;87.322;48.316;114.882;372.226;28.944;
BOB_05-714KM251148T3ueblich60cm;<DL;<DL;112.972;415.137;15.491;
BOB_06-714KM251148T3empfohlen30cm;108.944;86.808;468.001;676.504;113.982;
BOB_06-714KM251148T3ueblich30cm;<DL;144.967;317.674;460.063;29.323;
BOB_09-714KM251148T3null30cm;225.615;90.132;447.802;534.529;6.158;
BOB_09-714KM251148T3null60cm;<DL;46.577;158.526;297.795;67.624;
BOB_05-715SM258046T1empfohlen30cm;<DL;49.089;211.913;458.704;3.885;
BOB_05-715SM258046T1ueblich30cm;113.471;69.852;160.503;338.444;58.425;
BOB_06-715SM258046T1null30cm;<DL;53.431;160.926;358.726;47.548;
BOB_06-715SM258046T1ueblich60cm;<DL;2.585;98.009;272.084;22.069;
BOB_09-715SM258046T1empfohlen60cm;<DL;<DL;53.314;518.718;13.181;
BOB_09-715SM258046T1null60cm;118.416;3.912;91.657;44.024;39.608;
BOB_05-715SM258046T2null30cm;123.882;43.924;156.303;467.985;45.037;
BOB_05-715SM258046T2ueblich60cm;77.427;20.972;64.607;401.178;23.873;
BOB_06-715SM258046T2empfohlen30cm;120.682;55.772;215.727;547.151;52.216;
BOB_06-715SM258046T2null60cm;<DL;21.497;44.205;286.759;21.282;
BOB_09-715SM258046T2empfohlen60cm;<DL;30.933;65.037;400.557;25.676;
BOB_09-715SM258046T2ueblich30cm;88.012;44.225;178.619;408.604;46.455;
BOB_05- 715SM258046T3null30cm;<DL;39.609;98.164;51.658;50.109;
BOB_05-715SM258046T3empfohlen60cm;<DL;<DL;30.193;122.498;14.106;
BOB_05-715SM258046T3null30cm;<DL;27.488;101.371;498.688;32.592;
BOB_05-715SM258046T3ueblich30cm;161.088;41.243;6.266;272.825;40.857;
BOB_06- 715SM258046T3empfohlen30cm;<DL;28.683;58.565;53.182;19.981;
BOB_06- 715SM258046T3ueblich60cm;<DL;51.169;93.318;443.977;36.866;
BOB_06-715SM258046T3empfohlen60cm;148.462;26.514;51.012;194.852;27.429;
BOB_06-715SM258046T3null60cm;<DL;<DL;28.069;472.764;34.544;
BOB_09- 715SM258046T3null60cm;<DL;4.229;55.907;290.666;26.604;
BOB_09- 715SM258046T3ueblich30cm;<DL;<DL;75.247;431.998;23.943;
BOB_09-715SM258046T3null30cm;<DL;<DL;36.686;26. Aug;<DL;
BOB_09-715SM258046T3ueblich60cm;<DL;51.048;54.727;80.575;49.466;
