Kunde;Projekt;Auftrag;Charge;Probenahme;Pruefplan;Probenummer;Analysedatum;Ton;Schluff;Humus;Kalkvorprobe;Humus;Beurteilung Humus;Skelettgehalt;Skelettgehalt;Humus;Ton;Schluff;Bodenart-Faktor;Beurteilung Bodenart;Nitrat;Ammonium;Probentiefe;Schichtfaktor;Wassergehalt;Nitrat;Ammonium;NMin;NMin pro Schicht;Ton;Schluff;Humus;Kalkvorprobe;Humus;Beurteilung Humus;Skelettgehalt;Skelettgehalt;Humus;Ton;Schluff;Bodenart-Faktor;Beurteilung Bodenart;Nitrat;Ammonium;Probentiefe;Schichtfaktor;Wassergehalt;Nitrat;Ammonium;NMin;NMin pro Schicht;Ton;Schluff;Humus;Kalkvorprobe;Humus;Beurteilung Humus;Skelettgehalt;Skelettgehalt;Humus;Ton;Schluff;Bodenart-Faktor;Beurteilung Bodenart;Nitrat;Ammonium;Probentiefe;Schichtfaktor;Wassergehalt;Nitrat;Ammonium;NMin;NMin pro Schicht;NMin Gesamtgehalt
;;;;;;;;% G/G;% G/G;% G/G;;%;;-;;% G/G;% G/G;% G/G;-;;ppm;ppm;;-;%;ppm;ppm;mg/kg TS;kg N/ha;% G/G;% G/G;% G/G;;%;;-;;% G/G;% G/G;% G/G;-;;ppm;ppm;;-;%;ppm;ppm;mg/kg TS;kg N/ha;% G/G;% G/G;% G/G;;%;;-;;% G/G;% G/G;% G/G;-;;ppm;ppm;;-;%;ppm;ppm;mg/kg TS;kg N/ha;kg N/ha
518834;;120270;700KM258617T1null;;16;12027001;19.05.2025;36;31;2;-;2;schwach humos;1;frei / arm;2;36;31;12;toniger Lehm;5.65;0.16;0 - 30 cm;3.8;25.6;30.4;0.9;31.2;117;31;21;1.5;-;1.5;humusarm;3;skelettreich;1.5;31;21;12;toniger Lehm;2.11;0.3;30 - 60 cm;2.3;19.2;10.5;1.5;12;28;;;;;;;;;;;;;;;;;;;;;;;145
518834;;120270;700KM258617T1ueblich;;16;12027002;19.05.2025;26;31;4;-;4;schwach humos;1;frei / arm;4;26;31;4;Lehm;7.99;0.26;0 - 30 cm;3.8;27.5;44.1;1.4;45.5;170.7;26;21;2.5;-;2.5;schwach humos;3;skelettreich;2.5;26;21;4;Lehm;3.27;0.38;30 - 60 cm;2.3;17.5;15.8;1.8;17.7;41.3;;;;;;;;;;;;;;;;;;;;;;;212
518834;;120270;700KM258617T1empfohlen;;16;12027003;19.05.2025;26;11;1;-;1;humusarm;1;frei / arm;1;26;11;4;Lehm;2.23;0.28;0 - 30 cm;3.8;15.2;10.5;1.3;11.8;44.3;31;31;2;-;2;schwach humos;3;skelettreich;2;31;31;12;toniger Lehm;5.56;0.28;30 - 60 cm;2.3;25.9;30;1.5;31.5;73.8;;;;;;;;;;;;;;;;;;;;;;;118.1
518834;;120269;698KM253206T1null;;17;12026901;19.05.2025;16;21;2;-;2;schwach humos;1;frei / arm;2;16;21;6;sandiger Lehm;2.32;0.31;0 - 30 cm;3.8;18.8;11.4;1.5;13;48.6;16;21;2;-;2;schwach humos;1;frei / arm;2;16;21;6;sandiger Lehm;1.66;0.35;30 - 60 cm;3.9;16.2;7.9;1.6;9.6;37.4;11;21;1.5;-;1.5;humusarm;1;frei / arm;1.5;11;21;7;stark lehmiger Sand;0.71;0.55;60 - 90 cm;4.1;15.6;3.4;2.6;6;24.2;110.2
518834;;120269;698KM253206T1ueblich;;17;12026902;19.05.2025;11;21;2.5;-;2.5;schwach humos;1;frei / arm;2.5;11;21;7;stark lehmiger Sand;0.01;0.26;0 - 30 cm;3.8;19.1;0;1.3;1.3;5.1;11;11;2.5;-;2.5;schwach humos;1;frei / arm;2.5;11;11;7;stark lehmiger Sand;1.9;0.36;30 - 60 cm;3.9;16.2;9;1.7;10.8;42;16;21;1.5;-;1.5;humusarm;1;frei / arm;1.5;16;21;6;sandiger Lehm;0.91;0.39;60 - 90 cm;4.1;15.5;4.3;1.8;6.1;24.9;72
518834;;120269;698KM253206T1empfohlen;;17;12026903;19.05.2025;11;21;2.5;-;2.5;schwach humos;1;frei / arm;2.5;11;21;7;stark lehmiger Sand;3.09;0.11;0 - 30 cm;3.8;18.4;15.1;0.5;15.7;58.8;16;21;2;-;2;schwach humos;1;frei / arm;2;16;21;6;sandiger Lehm;1.56;0.33;30 - 60 cm;3.9;16.1;7.4;1.6;9;35.1;11;21;2.5;-;2.5;schwach humos;1;frei / arm;2.5;11;21;7;stark lehmiger Sand;0.98;0.33;60 - 90 cm;4.1;16;4.7;1.6;6.2;25.2;119.1
518834;;120151;699KM251562T1null;;17;12015101;12.05.2025;21;31;2;-;2;schwach humos;1;frei / arm;2;21;31;4;Lehm;3.45;0.01;0 - 30 cm;3.8;23.6;18;0.1;18.1;67.9;26;31;1.5;-;1.5;humusarm;1;frei / arm;1.5;26;31;4;Lehm;2.89;0.01;30 - 60 cm;3.9;22.2;14.8;0.1;14.9;58.1;26;31;1.5;-;1.5;humusarm;2;skeletthaltig;1.5;26;31;4;Lehm;0.92;0.01;60 - 90 cm;3.2;21.9;4.7;0.1;4.8;15.4;141.3
518834;;120151;699KM251562T1ueblich;;17;12015102;12.05.2025;26;31;1.5;-;1.5;humusarm;1;frei / arm;1.5;26;31;4;Lehm;3.17;0.01;0 - 30 cm;3.8;23.2;16.5;0.1;16.6;62.1;26;31;1.5;-;1.5;humusarm;2;skeletthaltig;1.5;26;31;4;Lehm;2.15;0.01;30 - 60 cm;3.1;18.5;10.6;0;10.6;33.1;16;21;1.5;-;1.5;humusarm;2;skeletthaltig;1.5;16;21;6;sandiger Lehm;0.91;0.01;60 - 90 cm;3.2;21.1;4.6;0.1;4.6;15;110.3
518834;;120151;699KM251562T1empfohlen;;17;12015103;12.05.2025;26;31;1.5;-;1.5;humusarm;1;frei / arm;1.5;26;31;4;Lehm;3.39;0.01;0 - 30 cm;3.8;22.5;17.5;0.1;17.5;65.7;26;31;1.5;-;1.5;humusarm;2;skeletthaltig;1.5;26;31;4;Lehm;2.49;0.01;30 - 60 cm;3.1;21.6;12.7;0.1;12.8;39.8;16;21;1.5;-;1.5;humusarm;2;skeletthaltig;1.5;16;21;6;sandiger Lehm;0.87;0.01;60 - 90 cm;3.2;21.3;4.4;0.1;4.5;14.5;120.1
518834;;120152;101WW259469T3null;;17;12015201;12.05.2025;6;41;2;-;2;schwach humos;1;frei / arm;2;6;41;1;lehmiger Sand;0.31;0.38;0 - 30 cm;3.8;23.1;1.6;2;3.6;13.3;6;31;2;-;2;schwach humos;1;frei / arm;2;6;31;1;lehmiger Sand;0.86;0.3;30 - 60 cm;3.9;18.6;4.2;1.5;5.7;22.3;6;41;2;-;2;schwach humos;2;skeletthaltig;2;6;41;1;lehmiger Sand;2.67;0.28;60 - 90 cm;3.2;18.3;13.1;1.4;14.5;46.9;82.5
518834;;120152;101WW259469T3ueblich;;17;12015202;12.05.2025;6;41;2;-;2;schwach humos;1;frei / arm;2;6;41;1;lehmiger Sand;3.02;0.23;0 - 30 cm;3.8;18.9;14.9;1.1;16;60.1;6;41;1.5;-;1.5;humusarm;1;frei / arm;1.5;6;41;1;lehmiger Sand;0.77;0.93;30 - 60 cm;3.9;20;3.8;4.7;8.5;33.1;6;51;1.5;-;1.5;humusarm;2;skeletthaltig;1.5;6;51;9;sandiger Schluff;0.41;0.77;60 - 90 cm;3.2;20.9;2.1;3.9;5.9;19.3;112.5
518834;;120152;101WW259469T3empfohlen;;17;12015203;12.05.2025;31;21;2;-;2;schwach humos;1;frei / arm;2;31;21;12;toniger Lehm;3.31;0.41;0 - 30 cm;3.8;18.3;16.2;2;18.2;68.2;36;31;1.5;-;1.5;humusarm;1;frei / arm;1.5;36;31;12;toniger Lehm;0.99;0.32;30 - 60 cm;3.9;18.3;4.9;1.6;6.4;25.1;46;21;2;-;2;schwach humos;2;skeletthaltig;2;46;21;11;lehmiger Ton;0.17;0.68;60 - 90 cm;3.2;27.7;1;3.7;4.7;15.2;108.6
518834;;120152;101WW259469T3hofduenger;;17;12015204;12.05.2025;46;31;1.5;-;1.5;humusarm;1;frei / arm;1.5;46;31;11;lehmiger Ton;2.67;0.2;0 - 30 cm;3.8;18.5;13.1;1;14.1;52.8;46;21;1.5;-;1.5;humusarm;1;frei / arm;1.5;46;21;11;lehmiger Ton;1;0.4;30 - 60 cm;3.9;21.9;5.1;2;7.2;27.9;16;31;1.5;-;1.5;humusarm;2;skeletthaltig;1.5;16;31;6;sandiger Lehm;0.24;0.8;60 - 90 cm;3.2;24.2;1.3;4.2;5.5;17.9;98.6
518834;;120149;704SM258472T1null;;17;12014901;12.05.2025;26;31;2;-;2;schwach humos;1;frei / arm;2;26;31;4;Lehm;3.13;0.13;0 - 30 cm;3.8;21.9;16;0.7;16.7;62.6;26;21;2;-;2;schwach humos;1;frei / arm;2;26;21;4;Lehm;1.44;0.33;30 - 60 cm;3.9;17.6;7;1.6;8.6;33.4;6;1;1;-;1;humusarm;3;skelettreich;1;6;1;1;lehmiger Sand;0.88;0.32;60 - 90 cm;2.4;13.4;4.1;1.5;5.5;13.5;109.4
518834;;120149;704SM258472T1ueblich;;17;12014902;12.05.2025;16;21;2.5;-;2.5;schwach humos;1;frei / arm;2.5;16;21;6;sandiger Lehm;2.85;0.13;0 - 30 cm;3.8;22;14.6;0.7;15.3;57.3;16;21;2;-;2;schwach humos;1;frei / arm;2;16;21;6;sandiger Lehm;1.5;0.27;30 - 60 cm;3.9;17.5;7.3;1.3;8.6;33.4;16;21;2.5;-;2.5;schwach humos;3;skelettreich;2.5;16;21;6;sandiger Lehm;0.81;0.41;60 - 90 cm;2.4;14.6;3.8;1.9;5.7;13.9;104.6
518834;;120149;704SM258472T1empfohlen;;17;12014903;12.05.2025;16;21;2.5;-;2.5;schwach humos;1;frei / arm;2.5;16;21;6;sandiger Lehm;2.47;0.31;0 - 30 cm;3.8;20.7;12.4;1.6;14;52.5;21;21;2;-;2;schwach humos;2;skeletthaltig;2;21;21;4;Lehm;1.22;0.42;30 - 60 cm;3.1;18;5.9;2;8;24.9;16;21;2;-;2;schwach humos;3;skelettreich;2;16;21;6;sandiger Lehm;0.71;0.41;60 - 90 cm;2.4;16.6;3.4;1.9;5.3;12.9;90.3
518834;OPTIFERT 25;119919;101WW259469T2hofduenger;;17;11991901;22.04.2025;11;31;4;-;4;schwach humos;1;frei / arm;4;11;31;7;stark lehmiger Sand;1.16;0.24;0 - 30 cm;3.8;21.9;5.9;1.2;7.2;26.9;11;41;4;-;4;schwach humos;1;frei / arm;4;11;41;7;stark lehmiger Sand;0.94;0.01;30 - 60 cm;3.9;22;4.8;0.1;4.9;19;11;31;3.5;-;3.5;schwach humos;2;skeletthaltig;3.5;11;31;7;stark lehmiger Sand;0.89;0.01;60 - 90 cm;3.2;24.4;4.7;0.1;4.8;15.4;61.3
518834;OPTIFERT 25;119919;101WW259469T2null;;17;11991902;22.04.2025;36;41;4;-;4;schwach humos;1;frei / arm;4;36;41;12;toniger Lehm;0.96;0.07;0 - 30 cm;3.8;22.3;4.9;0.4;5.3;19.9;36;41;4;-;4;schwach humos;1;frei / arm;4;36;41;12;toniger Lehm;0.8;0.01;30 - 60 cm;3.9;23.1;4.1;0.1;4.2;16.3;36;41;3.5;-;3.5;schwach humos;2;skeletthaltig;3.5;36;41;12;toniger Lehm;1.19;0.01;60 - 90 cm;3.2;24.9;6.4;0.1;6.4;20.8;57
518834;OPTIFERT 25;119919;101WW259469T2ueblich;;17;11991903;22.04.2025;31;41;3.5;-;3.5;schwach humos;1;frei / arm;3.5;31;41;12;toniger Lehm;0.88;0.07;0 - 30 cm;3.8;22.6;4.6;0.4;4.9;18.5;31;41;3.5;-;3.5;schwach humos;1;frei / arm;3.5;31;41;12;toniger Lehm;0.56;0.01;30 - 60 cm;3.9;24.4;3;0.1;3;11.7;26;31;3.5;-;3.5;schwach humos;2;skeletthaltig;3.5;26;31;4;Lehm;0.46;0.01;60 - 90 cm;3.2;22;2.4;0.1;2.4;7.8;38
518834;OPTIFERT 25;119919;101WW259469T2empfohlen;;17;11991904;22.04.2025;31;31;3.5;-;3.5;schwach humos;1;frei / arm;3.5;31;31;12;toniger Lehm;1.31;0.13;0 - 30 cm;3.8;22;6.7;0.7;7.4;27.7;31;31;3;-;3;schwach humos;1;frei / arm;3;31;31;12;toniger Lehm;0.82;0.01;30 - 60 cm;3.9;21.8;4.2;0.1;4.2;16.5;26;31;3;-;3;schwach humos;2;skeletthaltig;3;26;31;4;Lehm;0.85;0.01;60 - 90 cm;3.2;20.9;4.3;0.1;4.3;14;58.2
518834;;120148;705SM258479T1null;;17;12014801;12.05.2025;16;21;2.5;-;2.5;schwach humos;1;frei / arm;2.5;16;21;6;sandiger Lehm;2.66;0.01;0 - 30 cm;3.8;17.1;12.8;0;12.9;48.3;16;21;1;-;1;humusarm;1;frei / arm;1;16;21;6;sandiger Lehm;1.13;0.01;30 - 60 cm;3.9;13.9;5.3;0;5.3;20.7;26;31;0.5;-;0.5;humusarm;1;frei / arm;0.5;26;31;4;Lehm;0.67;0.01;60 - 90 cm;4.1;17.1;3.3;0;3.3;13.4;82.3
518834;;120148;705SM258479T1ueblich;;17;12014802;12.05.2025;16;21;2.5;-;2.5;schwach humos;1;frei / arm;2.5;16;21;6;sandiger Lehm;2.71;0.01;0 - 30 cm;3.8;14.6;12.7;0;12.7;47.8;31;31;1;-;1;humusarm;1;frei / arm;1;31;31;12;toniger Lehm;1.05;0.01;30 - 60 cm;3.9;18.9;5.2;0;5.2;20.4;21;31;0.5;-;0.5;humusarm;1;frei / arm;0.5;21;31;4;Lehm;0.71;0.01;60 - 90 cm;4.1;16.3;3.4;0;3.5;14;82.2
518834;;120148;705SM258479T1empfohlen;;17;12014803;12.05.2025;16;21;2.5;-;2.5;schwach humos;1;frei / arm;2.5;16;21;6;sandiger Lehm;2.57;0.01;0 - 30 cm;3.8;15.2;12.1;0;12.2;45.6;21;31;0.5;-;0.5;humusarm;1;frei / arm;0.5;21;31;4;Lehm;1.07;0.01;30 - 60 cm;3.9;16.1;5.1;0;5.2;20.1;31;31;0.5;-;0.5;humusarm;1;frei / arm;0.5;31;31;12;toniger Lehm;0.7;0.01;60 - 90 cm;4.1;16.9;3.4;0;3.4;13.8;79.6
518834;;120146;708SM256034T1null;;17;12014601;12.05.2025;16;21;2;-;2;schwach humos;1;frei / arm;2;16;21;6;sandiger Lehm;2.08;0.01;0 - 30 cm;3.8;23.3;10.9;0.1;10.9;40.9;16;31;2;-;2;schwach humos;1;frei / arm;2;16;31;6;sandiger Lehm;0.97;0.01;30 - 60 cm;3.9;18;4.7;0;4.8;18.7;16;31;1;-;1;humusarm;1;frei / arm;1;16;31;6;sandiger Lehm;0.78;0.01;60 - 90 cm;4.1;19.8;3.9;0;4;16;75.6
518834;;120146;708SM256034T1ueblich;;17;12014602;12.05.2025;16;21;2;-;2;schwach humos;1;frei / arm;2;16;21;6;sandiger Lehm;2.29;0.01;0 - 30 cm;3.8;25.1;12.2;0.1;12.3;46;16;21;2;-;2;schwach humos;1;frei / arm;2;16;21;6;sandiger Lehm;1.25;0.01;30 - 60 cm;3.9;20.2;6.3;0.1;6.3;24.7;21;31;0.5;-;0.5;humusarm;1;frei / arm;0.5;21;31;4;Lehm;0.79;0.01;60 - 90 cm;4.1;18.7;3.9;0;3.9;15.9;86.6
518834;;120146;708SM256034T1empfohlen;;17;12014603;12.05.2025;16;21;2;-;2;schwach humos;1;frei / arm;2;16;21;6;sandiger Lehm;1.87;0.01;0 - 30 cm;3.8;22.4;9.6;0.1;9.7;36.3;16;21;2;-;2;schwach humos;1;frei / arm;2;16;21;6;sandiger Lehm;1.03;0.01;30 - 60 cm;3.9;19;5.1;0;5.1;19.9;21;31;0.5;-;0.5;humusarm;3;skelettreich;0.5;21;31;4;Lehm;0.67;0.01;60 - 90 cm;2.4;19.2;3.3;0;3.4;8.2;64.4
518834;;120147;706SM254566T1null;;17;12014701;12.05.2025;11;31;2.5;-;2.5;schwach humos;1;frei / arm;2.5;11;31;7;stark lehmiger Sand;2.39;0.13;0 - 30 cm;3.8;16.1;11.4;0.6;12;45;16;31;2;-;2;schwach humos;2;skeletthaltig;2;16;31;6;sandiger Lehm;0.89;0.13;30 - 60 cm;3.1;11.4;4;0.6;4.6;14.3;16;21;2;-;2;schwach humos;2;skeletthaltig;2;16;21;6;sandiger Lehm;0.52;0.01;60 - 90 cm;3.2;12.9;2.4;0;2.4;7.9;67.2
518834;;120147;706SM254566T1ueblich;;17;12014702;12.05.2025;16;31;2.5;-;2.5;schwach humos;1;frei / arm;2.5;16;31;6;sandiger Lehm;0.88;0.19;0 - 30 cm;3.8;12.3;4;0.9;4.9;18.4;16;31;2.5;-;2.5;schwach humos;2;skeletthaltig;2.5;16;31;6;sandiger Lehm;2.17;0.06;30 - 60 cm;3.1;15.3;10.2;0.3;10.5;32.8;16;31;2;-;2;schwach humos;2;skeletthaltig;2;16;31;6;sandiger Lehm;0.53;0.01;60 - 90 cm;3.2;12.9;2.4;0;2.5;8.1;59.3
518834;;120147;706SM254566T1empfohlen;;17;12014703;12.05.2025;16;31;2.5;-;2.5;schwach humos;1;frei / arm;2.5;16;31;6;sandiger Lehm;2.14;0.08;0 - 30 cm;3.8;14.3;10;0.4;10.3;38.8;21;31;2;-;2;schwach humos;2;skeletthaltig;2;21;31;4;Lehm;0.92;0.07;30 - 60 cm;3.1;12.1;4.2;0.3;4.5;14.1;31;31;2;-;2;schwach humos;2;skeletthaltig;2;31;31;12;toniger Lehm;0.47;0.01;60 - 90 cm;3.2;15.4;2.2;0;2.3;7.3;60.2
518834;;120450;713SM251372T1null;10.05.2025;17;12045001;02.06.2025;6;31;16;-;16;humusreich;1;frei / arm;16;6;31;1;lehmiger Sand;8.08;0;0 - 30 cm;3;31.2;47;0;47;141;6;41;16;-;16;humusreich;1;frei / arm;16;6;41;1;lehmiger Sand;6.59;0.46;30 - 60 cm;3.8;52.4;55.4;3.9;59.2;225.1;6;41;16;-;16;humusreich;2;skeletthaltig;16;6;41;1;lehmiger Sand;2.72;0.4;60 - 90 cm;3.8;32.9;16.2;2.4;18.6;70.8;436.9
518834;;120451;711SM258507T1all;12.05.2025;17;12045101;02.06.2025;11;31;3;-;3;schwach humos;1;frei / arm;3;11;31;7;stark lehmiger Sand;2.61;0;0 - 30 cm;3.8;20.8;13.2;0;13.2;49.4;16;31;2;-;2;schwach humos;1;frei / arm;2;16;31;6;sandiger Lehm;0.48;0.03;30 - 60 cm;3.9;13.9;2.2;0.1;2.4;9.2;16;31;1;-;1;humusarm;2;skeletthaltig;1;16;31;6;sandiger Lehm;0.24;0.03;60 - 90 cm;3.2;12.5;1.1;0.1;1.2;3.9;62.5
518834;;120452;712KM251580T1null;15.05.2025;17;12045201;02.06.2025;11;21;2;-;2;schwach humos;1;frei / arm;2;11;21;7;stark lehmiger Sand;2.24;0.13;0 - 30 cm;3.8;16;10.7;0.6;11.3;42.4;16;31;2;-;2;schwach humos;2;skeletthaltig;2;16;31;6;sandiger Lehm;0.87;0.13;30 - 60 cm;3.1;14.2;4;0.6;4.7;14.6;16;31;2;-;2;schwach humos;3;skelettreich;2;16;31;6;sandiger Lehm;0.56;0.11;60 - 90 cm;2.4;15.4;2.7;0.5;3.2;7.7;64.7
518834;;120452;712KM251580T1ueblich;15.05.2025;17;12045202;02.06.2025;11;21;2;-;2;schwach humos;1;frei / arm;2;11;21;7;stark lehmiger Sand;2.47;0.12;0 - 30 cm;3.8;15.3;11.7;0.6;12.2;45.9;11;21;1.5;-;1.5;humusarm;2;skeletthaltig;1.5;11;21;7;stark lehmiger Sand;1.05;0.26;30 - 60 cm;3.1;14.2;4.9;1.2;6.1;19.1;11;21;1.5;-;1.5;humusarm;3;skelettreich;1.5;11;21;7;stark lehmiger Sand;0.69;0.18;60 - 90 cm;2.4;12.8;3.2;0.8;4;9.7;74.7
518834;;120453;709SM255706T1null;15.05.2025;17;12045301;02.06.2025;26;31;1.5;-;1.5;humusarm;1;frei / arm;1.5;26;31;4;Lehm;0.95;0.43;0 - 30 cm;3.8;22.6;4.9;2.2;7.1;26.6;26;31;1.5;-;1.5;humusarm;2;skeletthaltig;1.5;26;31;4;Lehm;0.35;0.05;30 - 60 cm;3.1;20.4;1.8;0.2;2;6.3;26;31;1;-;1;humusarm;2;skeletthaltig;1;26;31;4;Lehm;0.18;0.01;60 - 90 cm;3.2;18.6;0.9;0.1;1;3.1;36
518834;;120453;709SM255706T1ueblich;15.05.2025;17;12045302;02.06.2025;26;31;1.5;-;1.5;humusarm;1;frei / arm;1.5;26;31;4;Lehm;1.28;0.17;0 - 30 cm;3.8;23.6;6.7;0.9;7.6;28.4;26;31;1;-;1;humusarm;2;skeletthaltig;1;26;31;4;Lehm;0.39;0.05;30 - 60 cm;3.1;19.7;2;0.3;2.2;6.9;31;31;1;-;1;humusarm;2;skeletthaltig;1;31;31;12;toniger Lehm;0.12;0.01;60 - 90 cm;3.2;18.6;0.6;0;0.6;1.9;37.3
518834;;120453;709SM255706T1empfohlen;15.05.2025;17;12045303;02.06.2025;26;31;1.5;-;1.5;humusarm;1;frei / arm;1.5;26;31;4;Lehm;0.97;0.11;0 - 30 cm;3.8;21.5;4.9;0.6;5.5;20.6;31;31;1;-;1;humusarm;2;skeletthaltig;1;31;31;12;toniger Lehm;0.29;0;30 - 60 cm;3.1;18.4;1.4;0;1.4;4.5;31;31;1;-;1;humusarm;2;skeletthaltig;1;31;31;12;toniger Lehm;0.09;0.01;60 - 90 cm;3.2;19.4;0.4;0;0.5;1.5;26.6
518834;;120454;714KM251148T1null;15.05.2025;17;12045401;02.06.2025;26;21;2.5;-;2.5;schwach humos;1;frei / arm;2.5;26;21;4;Lehm;2.09;0.05;0 - 30 cm;3.8;18.3;10.2;0.2;10.4;39.1;26;21;2.5;-;2.5;schwach humos;2;skeletthaltig;2.5;26;21;4;Lehm;0.91;0;30 - 60 cm;3.1;14.4;4.2;0;4.2;13.2;26;11;2;-;2;schwach humos;2;skeletthaltig;2;26;11;4;Lehm;0.5;0;60 - 90 cm;3.2;12.4;2.3;0;2.3;7.4;59.7
518834;;120454;714KM251148T1ueblich;15.05.2025;17;12045402;02.06.2025;21;21;3;-;3;schwach humos;1;frei / arm;3;21;21;4;Lehm;3.06;0;0 - 30 cm;3.8;17.1;14.7;0;14.7;55.3;26;21;2.5;-;2.5;schwach humos;2;skeletthaltig;2.5;26;21;4;Lehm;1.42;0;30 - 60 cm;3.1;15.2;6.7;0;6.7;20.9;26;11;2;-;2;schwach humos;2;skeletthaltig;2;26;11;4;Lehm;1.11;0;60 - 90 cm;3.2;13.4;5.1;0;5.1;16.6;92.8
518834;;120454;714KM251148T1empfohlen;15.05.2025;17;12045403;02.06.2025;21;6;3.5;-;3.5;schwach humos;1;frei / arm;3.5;21;6;4;Lehm;4.27;0.05;0 - 30 cm;3.8;16.1;20.3;0.2;20.6;77.2;21;11;3.5;-;3.5;schwach humos;2;skeletthaltig;3.5;21;11;4;Lehm;2.23;0;30 - 60 cm;3.1;14.6;10.4;0;10.5;32.6;26;21;3;-;3;schwach humos;2;skeletthaltig;3;26;21;4;Lehm;1.12;0;60 - 90 cm;3.2;13.9;5.2;0;5.2;16.9;126.7
518834;;120458;701SM251485T1null;30.04.2025;17;12045801;03.06.2025;11;21;2;-;2;schwach humos;1;frei / arm;2;11;21;7;stark lehmiger Sand;0.74;0.06;0 - 30 cm;3.8;10.8;3.3;0.3;3.6;13.4;11;21;2;-;2;schwach humos;2;skeletthaltig;2;11;21;7;stark lehmiger Sand;0.33;0.02;30 - 60 cm;3.1;12.6;1.5;0.1;1.6;5;11;11;2.5;-;2.5;schwach humos;2;skeletthaltig;2.5;11;11;7;stark lehmiger Sand;2.16;0.25;60 - 90 cm;3.2;13.7;10;1.1;11.2;36.2;54.6
518834;;120458;701SM251485T1ueblich;30.04.2025;17;12045802;03.06.2025;16;21;2;-;2;schwach humos;1;frei / arm;2;16;21;6;sandiger Lehm;0.23;0.03;0 - 30 cm;3.8;12.4;1.1;0.1;1.2;4.5;11;21;1.5;-;1.5;humusarm;2;skeletthaltig;1.5;11;21;7;stark lehmiger Sand;0.95;0.06;30 - 60 cm;3.1;11.2;4.3;0.3;4.6;14.3;11;11;2.5;-;2.5;schwach humos;2;skeletthaltig;2.5;11;11;7;stark lehmiger Sand;2.7;0.62;60 - 90 cm;3.2;13.7;12.5;2.9;15.4;49.8;68.5
518834;;120458;701SM251485T1empfohlen;30.04.2025;17;12045803;03.06.2025;6;21;2.5;-;2.5;schwach humos;1;frei / arm;2.5;6;21;1;lehmiger Sand;3.46;0.21;0 - 30 cm;3.8;14.8;16.2;1;17.2;64.7;16;21;2;-;2;schwach humos;2;skeletthaltig;2;16;21;6;sandiger Lehm;1.02;0.08;30 - 60 cm;3.1;10.9;4.6;0.3;4.9;15.3;11;21;2;-;2;schwach humos;2;skeletthaltig;2;11;21;7;stark lehmiger Sand;0.64;0.06;60 - 90 cm;3.2;13.2;2.9;0.3;3.2;10.5;90.5
518834;;120459;702SM251725T1null;30.04.2025;17;12045901;03.06.2025;11;21;2.5;-;2.5;schwach humos;1;frei / arm;2.5;11;21;7;stark lehmiger Sand;2.44;0.12;0 - 30 cm;3.8;17.8;11.9;0.6;12.5;46.8;11;21;2.5;-;2.5;schwach humos;1;frei / arm;2.5;11;21;7;stark lehmiger Sand;1.06;0.05;30 - 60 cm;3.9;16.3;5.1;0.3;5.3;20.8;21;21;2;-;2;schwach humos;1;frei / arm;2;21;21;4;Lehm;0.28;0.02;60 - 90 cm;4.1;13.8;1.3;0.1;1.4;5.7;73.2
518834;;120459;702SM251725T1ueblich;30.04.2025;17;12045902;03.06.2025;11;21;2;-;2;schwach humos;1;frei / arm;2;11;21;7;stark lehmiger Sand;4.99;1.41;0 - 30 cm;3.8;14;23.2;6.6;29.8;111.6;6;11;1.5;-;1.5;humusarm;1;frei / arm;1.5;6;11;1;lehmiger Sand;1.08;0.03;30 - 60 cm;3.9;13;4.9;0.2;5.1;19.9;11;21;1.5;-;1.5;humusarm;1;frei / arm;1.5;11;21;7;stark lehmiger Sand;0.28;0.05;60 - 90 cm;4.1;13.4;1.3;0.2;1.5;6.1;137.6
518834;;120459;702SM251725T1empfohlen;30.04.2025;17;12045903;03.06.2025;11;21;2.5;-;2.5;schwach humos;1;frei / arm;2.5;11;21;7;stark lehmiger Sand;3.94;1.46;0 - 30 cm;3.8;16.9;18.9;7;26;97.4;11;21;1.5;-;1.5;humusarm;1;frei / arm;1.5;11;21;7;stark lehmiger Sand;0.95;0.03;30 - 60 cm;3.9;12;4.3;0.2;4.5;17.4;6;11;1.5;-;1.5;humusarm;3;skelettreich;1.5;6;11;1;lehmiger Sand;0.22;0.03;60 - 90 cm;2.4;14.7;1;0.1;1.2;2.8;117.7
518834;;120462;715SM258046T1null;27.05.2025;17;12046201;03.06.2025;21;41;6;-;6;humos;1;frei / arm;6;21;41;4;Lehm;5.9;0.1;0 - 30 cm;3.8;28.1;32.8;0.6;33.4;125.2;26;31;2.5;-;2.5;schwach humos;2;skeletthaltig;2.5;26;31;4;Lehm;1.96;0.02;30 - 60 cm;3.1;15.6;9.3;0.1;9.4;29.3;31;31;2;-;2;schwach humos;2;skeletthaltig;2;31;31;12;toniger Lehm;0.57;0.01;60 - 90 cm;3.2;9.4;2.5;0;2.6;8.3;162.7
518834;;120462;715SM258046T1ueblich;27.05.2025;17;12046202;03.06.2025;26;31;4;-;4;schwach humos;1;frei / arm;4;26;31;4;Lehm;5.73;0.06;0 - 30 cm;3.8;22.1;29.4;0.3;29.7;111.5;21;31;2.5;-;2.5;schwach humos;2;skeletthaltig;2.5;21;31;4;Lehm;2.33;0.05;30 - 60 cm;3.1;13.4;10.8;0.2;11;34.3;26;31;2;-;2;schwach humos;2;skeletthaltig;2;26;31;4;Lehm;0.42;0.05;60 - 90 cm;3.2;9.2;1.9;0.2;2.1;6.8;152.5
518834;;120462;715SM258046T1empfohlen;27.05.2025;17;12046203;03.06.2025;26;31;4;-;4;schwach humos;1;frei / arm;4;26;31;4;Lehm;3.97;0.02;0 - 30 cm;3.8;19.5;19.7;0.1;19.8;74.4;26;31;3;-;3;schwach humos;2;skeletthaltig;3;26;31;4;Lehm;1.86;0.02;30 - 60 cm;3.1;12.8;8.5;0.1;8.6;26.9;21;31;2;-;2;schwach humos;2;skeletthaltig;2;21;31;4;Lehm;0.51;0;60 - 90 cm;3.2;9.2;2.2;0;2.2;7.2;108.5
518834;OPTIFERT 25;120460;708SM256034T2null;26.05.2025;17;12046001;03.06.2025;26;31;2.5;-;2.5;schwach humos;1;frei / arm;2.5;26;31;4;Lehm;1.83;0.23;0 - 30 cm;3.8;21.6;9.3;1.2;10.5;39.3;26;21;2;-;2;schwach humos;1;frei / arm;2;26;21;4;Lehm;0.96;0.06;30 - 60 cm;3.9;19;4.7;0.3;5;19.6;31;26;2;-;2;schwach humos;1;frei / arm;2;31;26;12;toniger Lehm;0.69;0.08;60 - 90 cm;4.1;19;3.4;0.4;3.8;15.4;74.3
518834;OPTIFERT 25;120460;708SM256034T2ueblich;26.05.2025;17;12046002;03.06.2025;36;11;2;-;2;schwach humos;1;frei / arm;2;36;11;12;toniger Lehm;2.91;0.25;0 - 30 cm;3.8;23.1;15.2;1.3;16.4;61.7;41;21;2;-;2;schwach humos;1;frei / arm;2;41;21;11;lehmiger Ton;1.45;0.1;30 - 60 cm;3.9;19.3;7.2;0.5;7.7;30.1;41;21;2;-;2;schwach humos;1;frei / arm;2;41;21;11;lehmiger Ton;1.26;0.17;60 - 90 cm;4.1;19.8;6.3;0.8;7.1;28.7;120.5
518834;OPTIFERT 25;120460;708SM256034T2empfohlen;26.05.2025;17;12046003;03.06.2025;26;31;2;-;2;schwach humos;1;frei / arm;2;26;31;4;Lehm;2.5;0.29;0 - 30 cm;3.8;22.8;13;1.5;14.4;54.1;36;31;2;-;2;schwach humos;1;frei / arm;2;36;31;12;toniger Lehm;0.92;0.09;30 - 60 cm;3.9;19.2;4.6;0.4;5;19.5;46;31;2;-;2;schwach humos;1;frei / arm;2;46;31;11;lehmiger Ton;0.82;0.05;60 - 90 cm;4.1;18.8;4.1;0.2;4.3;17.4;91.1
518834;OPTIFERT 25;120461;707SM259469T2null;27.05.2025;17;12046101;03.06.2025;6;31;2;-;2;schwach humos;1;frei / arm;2;6;31;1;lehmiger Sand;3.04;0.3;0 - 30 cm;3.8;21.3;15.5;1.5;17;63.7;6;11;1.5;-;1.5;humusarm;1;frei / arm;1.5;6;11;1;lehmiger Sand;0.82;0.07;30 - 60 cm;3.9;17.3;3.9;0.3;4.3;16.6;6;11;1.5;-;1.5;humusarm;1;frei / arm;1.5;6;11;1;lehmiger Sand;0.53;0.01;60 - 90 cm;4.1;19.2;2.6;0.1;2.7;10.8;91.1
518834;OPTIFERT 25;120461;707SM259469T2ueblich;27.05.2025;17;12046102;03.06.2025;6;31;2;-;2;schwach humos;1;frei / arm;2;6;31;1;lehmiger Sand;4.02;0.51;0 - 30 cm;3.8;21.3;20.4;2.6;23;86.2;6;11;1.5;-;1.5;humusarm;1;frei / arm;1.5;6;11;1;lehmiger Sand;0.95;0.05;30 - 60 cm;3.9;18.1;4.6;0.2;4.9;19;6;11;1.5;-;1.5;humusarm;1;frei / arm;1.5;6;11;1;lehmiger Sand;0.65;0.03;60 - 90 cm;4.1;29.2;3.7;0.2;3.9;15.6;120.8
518834;OPTIFERT 25;120461;707SM259469T2empfohlen;27.05.2025;17;12046103;03.06.2025;6;31;2;-;2;schwach humos;1;frei / arm;2;6;31;1;lehmiger Sand;5.12;0.3;0 - 30 cm;3.8;20.7;25.8;1.5;27.3;102.4;6;11;1.5;-;1.5;humusarm;1;frei / arm;1.5;6;11;1;lehmiger Sand;1.36;0.08;30 - 60 cm;3.9;19.6;6.8;0.4;7.2;27.9;6;11;1.5;-;1.5;humusarm;1;frei / arm;1.5;6;11;1;lehmiger Sand;0.53;0.02;60 - 90 cm;4.1;21.1;2.7;0.1;2.8;11.3;141.6
518834;OPTIFERT 25;120461;707SM259469T2hofduenger;27.05.2025;17;12046104;03.06.2025;6;31;2;-;2;schwach humos;1;frei / arm;2;6;31;1;lehmiger Sand;4.17;0.36;0 - 30 cm;3.8;20.4;21;1.8;22.8;85.5;6;11;1.5;-;1.5;humusarm;1;frei / arm;1.5;6;11;1;lehmiger Sand;1.36;0.09;30 - 60 cm;3.9;16.9;6.6;0.4;7;27.3;6;11;1.5;-;1.5;humusarm;1;frei / arm;1.5;6;11;1;lehmiger Sand;0.26;0.05;60 - 90 cm;4.1;18.6;1.3;0.3;1.5;6.1;118.9
518834;OPTIFERT 25;120724;704SM258472T2null;05.06.2025;17;12072401;18.06.2025;16;31;2.5;-;2.5;schwach humos;1;frei / arm;2.5;16;31;6;sandiger Lehm;3.72;0.02;0 - 30 cm;3.8;21.3;18.9;0.1;19;71.2;16;21;2;-;2;schwach humos;1;frei / arm;2;16;21;6;sandiger Lehm;2.45;0.06;30 - 60 cm;3.9;17.6;11.9;0.3;12.2;47.5;16;21;2;-;2;schwach humos;2;skeletthaltig;2;16;21;6;sandiger Lehm;1.47;0.17;60 - 90 cm;3.2;14.4;6.9;0.8;7.7;24.8;143.5
518834;OPTIFERT 25;120724;704SM258472T2ueblich;05.06.2025;17;12072402;18.06.2025;11;31;2.5;-;2.5;schwach humos;1;frei / arm;2.5;11;31;7;stark lehmiger Sand;8.13;0.12;0 - 30 cm;3.8;22.4;41.9;0.6;42.5;159.5;16;31;2.5;-;2.5;schwach humos;1;frei / arm;2.5;16;31;6;sandiger Lehm;3.7;0.1;30 - 60 cm;3.9;18.7;18.2;0.5;18.7;72.8;11;11;2;-;2;schwach humos;3;skelettreich;2;11;11;7;stark lehmiger Sand;2.68;0.19;60 - 90 cm;2.4;15.3;12.7;0.9;13.5;32.9;265.2
518834;OPTIFERT 25;120724;704SM258472T2empfohlen;05.06.2025;17;12072403;18.06.2025;16;31;2.5;-;2.5;schwach humos;1;frei / arm;2.5;16;31;6;sandiger Lehm;4.79;0;0 - 30 cm;3.8;22.3;24.6;0;24.6;92.4;21;21;2.5;-;2.5;schwach humos;1;frei / arm;2.5;21;21;4;Lehm;2.61;0.02;30 - 60 cm;3.9;16.9;12.6;0.1;12.6;49.3;16;21;2.5;-;2.5;schwach humos;3;skelettreich;2.5;16;21;6;sandiger Lehm;1.39;0.18;60 - 90 cm;2.4;15.1;6.5;0.8;7.4;17.9;159.6
518834;OPTIFERT 25;120725;705SM258479T2null;05.06.2025;17;12072501;18.06.2025;11;21;2.5;-;2.5;schwach humos;1;frei / arm;2.5;11;21;7;stark lehmiger Sand;2.81;0.03;0 - 30 cm;3.8;14.7;13.2;0.1;13.3;49.8;6;11;2;-;2;schwach humos;1;frei / arm;2;6;11;1;lehmiger Sand;1.47;0.02;30 - 60 cm;3.9;14.6;6.9;0.1;7;27.4;11;31;0.5;-;0.5;humusarm;1;frei / arm;0.5;11;31;7;stark lehmiger Sand;1.25;0.06;60 - 90 cm;4.1;16.4;6;0.3;6.3;25.4;102.6
518834;OPTIFERT 25;120725;705SM258479T2ueblich;05.06.2025;17;12072502;18.06.2025;11;21;2.5;-;2.5;schwach humos;1;frei / arm;2.5;11;21;7;stark lehmiger Sand;6.34;0.03;0 - 30 cm;3.8;13.9;29.5;0.1;29.6;111.1;11;31;0.5;-;0.5;humusarm;1;frei / arm;0.5;11;31;7;stark lehmiger Sand;1.87;0.02;30 - 60 cm;3.9;14.2;8.7;0.1;8.8;34.2;11;41;0.5;-;0.5;humusarm;1;frei / arm;0.5;11;41;7;stark lehmiger Sand;0.97;0.08;60 - 90 cm;4.1;14.2;4.5;0.4;4.9;19.7;165
518834;OPTIFERT 25;120725;705SM258479T2empfohlen;05.06.2025;17;12072503;18.06.2025;16;21;2;-;2;schwach humos;1;frei / arm;2;16;21;6;sandiger Lehm;6.53;0.08;0 - 30 cm;3.8;14.1;30.4;0.4;30.8;115.4;16;21;1.5;-;1.5;humusarm;1;frei / arm;1.5;16;21;6;sandiger Lehm;2.1;0.09;30 - 60 cm;3.9;14.6;9.8;0.4;10.3;40;16;31;0.5;-;0.5;humusarm;1;frei / arm;0.5;16;31;6;sandiger Lehm;1.84;0.12;60 - 90 cm;4.1;15.9;8.7;0.5;9.3;37.6;192.9
518834;OPTIFERT 25;120722;713SM251372T2null;05.06.2025;17;12072201;18.06.2025;36;41;3.5;-;3.5;schwach humos;1;frei / arm;3.5;36;41;12;toniger Lehm;6.25;0.07;0 - 30 cm;3.8;27.2;34.3;0.4;34.7;130.1;36;41;3;-;3;schwach humos;1;frei / arm;3;36;41;12;toniger Lehm;8.47;0.48;30 - 60 cm;3.9;27.9;47;2.7;49.6;193.5;26;31;4;-;4;schwach humos;1;frei / arm;4;26;31;4;Lehm;12.09;0.56;60 - 90 cm;4.1;48.8;94.4;4.4;98.8;400;723.6
518834;OPTIFERT 25;120723;700KM258617T2null;05.06.2025;16;12072301;18.06.2025;6;31;2;-;2;schwach humos;1;frei / arm;2;6;31;1;lehmiger Sand;6.84;0.04;0 - 30 cm;3.8;23.1;35.6;0.2;35.8;134.2;6;31;0;-;0;humusarm;1;frei / arm;0;6;31;1;lehmiger Sand;3.22;0.06;30 - 60 cm;3.9;16.8;15.5;0.3;15.8;61.5;;;;;;;;;;;;;;;;;;;;;;;
518834;OPTIFERT 25;120723;700KM258617T2ueblich;05.06.2025;16;12072302;18.06.2025;6;41;3.5;-;3.5;schwach humos;1;frei / arm;3.5;6;41;1;lehmiger Sand;8.45;0.1;0 - 30 cm;3.8;26.1;45.8;0.5;46.3;173.7;6;31;1.5;-;1.5;humusarm;1;frei / arm;1.5;6;31;1;lehmiger Sand;4.5;0.18;30 - 60 cm;3.9;18.5;22.1;0.9;23;89.5;;;;;;;;;;;;;;;;;;;;;;;
518834;OPTIFERT 25;120723;700KM258617T2empfohlen;05.06.2025;16;12072303;18.06.2025;6;41;2;-;2;schwach humos;1;frei / arm;2;6;41;1;lehmiger Sand;5.88;0.02;0 - 30 cm;3.8;22.9;30.5;0.1;30.6;114.8;6;14;0.5;-;0.5;humusarm;1;frei / arm;0.5;6;14;1;lehmiger Sand;3.1;0.13;30 - 60 cm;3.9;18.9;15.3;0.6;15.9;62.1;;;;;;;;;;;;;;;;;;;;;;;
518834;OPTIFERT 25;120726;714KM251148T2null;09.06.2025;17;12072601;18.06.2025;11;31;3;-;3;schwach humos;2;skeletthaltig;3;11;31;7;stark lehmiger Sand;2.84;0.16;0 - 30 cm;3;18.9;14;0.8;14.8;44.3;6;21;2;-;2;schwach humos;2;skeletthaltig;2;6;21;1;lehmiger Sand;2.11;0.03;30 - 60 cm;3.1;15.2;9.9;0.2;10.1;31.5;11;31;1;-;1;humusarm;2;skeletthaltig;1;11;31;7;stark lehmiger Sand;1.32;0.07;60 - 90 cm;3.2;9.8;5.8;0.3;6.2;20;95.7
518834;OPTIFERT 25;120726;714KM251148T2ueblich;09.06.2025;17;12072602;18.06.2025;11;31;3;-;3;schwach humos;2;skeletthaltig;3;11;31;7;stark lehmiger Sand;2.9;0;0 - 30 cm;3;18.2;14.2;0;14.2;42.6;6;31;2;-;2;schwach humos;2;skeletthaltig;2;6;31;1;lehmiger Sand;2.42;0.07;30 - 60 cm;3.1;14.1;11.3;0.3;11.6;36.2;11;31;1;-;1;humusarm;2;skeletthaltig;1;11;31;7;stark lehmiger Sand;1.18;0.08;60 - 90 cm;3.2;13.8;5.5;0.4;5.8;18.9;97.7
518834;OPTIFERT 25;120726;714KM251148T2empfohlen;09.06.2025;17;12072603;18.06.2025;16;21;2.5;-;2.5;schwach humos;2;skeletthaltig;2.5;16;21;6;sandiger Lehm;4.69;0.09;0 - 30 cm;3;17.1;22.6;0.4;23;69.1;11;31;2;-;2;schwach humos;2;skeletthaltig;2;11;31;7;stark lehmiger Sand;3.97;0.13;30 - 60 cm;3.1;12.4;18.1;0.6;18.7;58.4;6;31;1;-;1;humusarm;2;skeletthaltig;1;6;31;1;lehmiger Sand;2.08;0.07;60 - 90 cm;3.2;11.3;9.4;0.3;9.7;31.5;159
518834;OPTIFERT 25;120728;702SM251725T3null;11.06.2025;17;12072801;18.06.2025;26;21;2;-;2;schwach humos;1;frei / arm;2;26;21;4;Lehm;2.28;0.3;0 - 30 cm;3.8;16.4;10.9;1.4;12.4;46.4;26;21;2;-;2;schwach humos;1;frei / arm;2;26;21;4;Lehm;1.3;0.1;30 - 60 cm;3.9;13.7;6;0.5;6.5;25.4;26;31;2;-;2;schwach humos;1;frei / arm;2;26;31;4;Lehm;0.97;0.14;60 - 90 cm;4.1;14.1;4.5;0.6;5.2;20.9;92.7
518834;OPTIFERT 25;120728;702SM251725T3ueblich;11.06.2025;17;12072802;18.06.2025;26;21;2;-;2;schwach humos;1;frei / arm;2;26;21;4;Lehm;2.25;0.37;0 - 30 cm;3.8;17.8;10.9;1.8;12.7;47.8;31;21;2;-;2;schwach humos;1;frei / arm;2;31;21;12;toniger Lehm;2.11;0.1;30 - 60 cm;3.9;13.6;9.8;0.4;10.2;39.8;21;21;2;-;2;schwach humos;1;frei / arm;2;21;21;4;Lehm;1.22;0.13;60 - 90 cm;4.1;15.7;5.8;0.6;6.4;25.9;113.5
518834;OPTIFERT 25;120728;702SM251725T3empfohlen;11.06.2025;17;12072803;18.06.2025;21;21;2;-;2;schwach humos;1;frei / arm;2;21;21;4;Lehm;3.14;0.24;0 - 30 cm;3.8;19.4;15.6;1.2;16.8;62.9;26;21;2;-;2;schwach humos;1;frei / arm;2;26;21;4;Lehm;2.39;0.07;30 - 60 cm;3.9;13.8;11.1;0.3;11.4;44.5;16;11;2;-;2;schwach humos;3;skelettreich;2;16;11;6;sandiger Lehm;1.14;0.14;60 - 90 cm;2.4;14.3;5.3;0.7;6;14.5;121.9
518834;OPTIFERT 25;120729;701SM251485T2null;12.06.2025;17;12072901;18.06.2025;21;11;3;-;3;schwach humos;1;frei / arm;3;21;11;4;Lehm;1.29;0.16;0 - 30 cm;3.8;15.3;6.1;0.8;6.8;25.6;26;21;2;-;2;schwach humos;1;frei / arm;2;26;21;4;Lehm;0.81;0.14;30 - 60 cm;3.9;12.5;3.7;0.7;4.4;17;26;11;2;-;2;schwach humos;1;frei / arm;2;26;11;4;Lehm;0.59;0.17;60 - 90 cm;4.1;13.3;2.7;0.8;3.5;14;56.7
518834;OPTIFERT 25;120729;701SM251485T2ueblich;12.06.2025;17;12072902;18.06.2025;26;11;2.5;-;2.5;schwach humos;1;frei / arm;2.5;26;11;4;Lehm;4.82;0.37;0 - 30 cm;3.8;17.7;23.4;1.8;25.2;94.6;26;21;2.5;-;2.5;schwach humos;1;frei / arm;2.5;26;21;4;Lehm;1.59;0.09;30 - 60 cm;3.9;12.6;7.3;0.4;7.7;29.9;26;21;2;-;2;schwach humos;1;frei / arm;2;26;21;4;Lehm;1.13;0.14;60 - 90 cm;4.1;13.8;5.2;0.6;5.9;23.8;148.2
518834;OPTIFERT 25;120729;701SM251485T2empfohlen;12.06.2025;17;12072903;18.06.2025;21;11;3.5;-;3.5;schwach humos;1;frei / arm;3.5;21;11;4;Lehm;3.84;0.27;0 - 30 cm;3.8;16.4;18.4;1.3;19.7;73.8;26;21;3;-;3;schwach humos;1;frei / arm;3;26;21;4;Lehm;1.84;0.12;30 - 60 cm;3.9;13.6;8.5;0.5;9.1;35.4;31;11;3;-;3;schwach humos;1;frei / arm;3;31;11;12;toniger Lehm;0.96;0.14;60 - 90 cm;4.1;14.2;4.5;0.6;5.1;20.7;130
518834;OPTIFERT 25;120727;712KM251580T2null;11.06.2025;17;12072701;18.06.2025;11;21;2;-;2;schwach humos;1;frei / arm;2;11;21;7;stark lehmiger Sand;1.42;0.16;0 - 30 cm;3.8;14.6;6.7;0.8;7.4;27.9;31;11;1.5;-;1.5;humusarm;1;frei / arm;1.5;31;11;12;toniger Lehm;0.73;0.05;30 - 60 cm;3.9;15.2;3.4;0.3;3.7;14.4;36;21;1.5;-;1.5;humusarm;1;frei / arm;1.5;36;21;12;toniger Lehm;0.54;0.01;60 - 90 cm;4.1;18.7;2.7;0;2.7;11;53.2
518834;OPTIFERT 25;120727;712KM251580T2ueblich;11.06.2025;17;12072702;18.06.2025;11;21;2;-;2;schwach humos;1;frei / arm;2;11;21;7;stark lehmiger Sand;4.97;0.51;0 - 30 cm;3.8;16.2;23.7;2.4;26.1;98;11;11;2;-;2;schwach humos;1;frei / arm;2;11;11;7;stark lehmiger Sand;2.2;0.12;30 - 60 cm;3.9;13.5;10.2;0.5;10.7;41.8;11;11;1.5;-;1.5;humusarm;1;frei / arm;1.5;11;11;7;stark lehmiger Sand;1.22;0.06;60 - 90 cm;4.1;14;5.7;0.3;6;24.1;164
518834;OPTIFERT 25;120727;712KM251580T2empfohlen;11.06.2025;17;12072703;18.06.2025;11;6;1.5;-;1.5;humusarm;1;frei / arm;1.5;11;6;7;stark lehmiger Sand;4.16;0.25;0 - 30 cm;3.8;16.1;19.8;1.2;21;78.9;11;6;1.5;-;1.5;humusarm;1;frei / arm;1.5;11;6;7;stark lehmiger Sand;2.88;0.01;30 - 60 cm;3.9;13.9;13.4;0;13.4;52.2;31;21;1.5;-;1.5;humusarm;1;frei / arm;1.5;31;21;12;toniger Lehm;1.4;0.01;60 - 90 cm;4.1;16.6;6.7;0;6.8;27.5;158.6
518834;OPTIFERT 25;120730;698KM253206T2null;12.06.2025;17;12073001;18.06.2025;6;11;1.5;-;1.5;humusarm;1;frei / arm;1.5;6;11;1;lehmiger Sand;8.67;0.31;0 - 30 cm;3.8;16.1;41.3;1.5;42.8;160.6;11;11;1.5;-;1.5;humusarm;1;frei / arm;1.5;11;11;7;stark lehmiger Sand;2.57;0.09;30 - 60 cm;3.9;15;12.1;0.4;12.5;48.8;11;11;1.5;-;1.5;humusarm;1;frei / arm;1.5;11;11;7;stark lehmiger Sand;2.18;0.04;60 - 90 cm;4.1;14.9;10.2;0.2;10.4;42.1;251.5
518834;OPTIFERT 25;120730;698KM253206T2ueblich;12.06.2025;17;12073002;18.06.2025;11;21;2.5;-;2.5;schwach humos;1;frei / arm;2.5;11;21;7;stark lehmiger Sand;2.02;0.23;0 - 30 cm;3.8;16.8;9.7;1.1;10.8;40.6;16;11;1.5;-;1.5;humusarm;2;skeletthaltig;1.5;16;11;6;sandiger Lehm;1.47;0.07;30 - 60 cm;3.9;15.5;6.9;0.3;7.3;28.4;11;21;1.5;-;1.5;humusarm;2;skeletthaltig;1.5;11;21;7;stark lehmiger Sand;1.33;0;60 - 90 cm;4.1;15.4;6.3;0;6.3;25.6;94.6
518834;OPTIFERT 25;120730;698KM253206T2empfohlen;12.06.2025;17;12073003;18.06.2025;11;11;1.5;-;1.5;humusarm;1;frei / arm;1.5;11;11;7;stark lehmiger Sand;4.09;0.37;0 - 30 cm;3.8;16.7;19.6;1.8;21.4;80.3;11;11;1.5;-;1.5;humusarm;1;frei / arm;1.5;11;11;7;stark lehmiger Sand;2.18;0.14;30 - 60 cm;3.9;15.3;10.3;0.7;11;42.7;16;21;1.5;-;1.5;humusarm;1;frei / arm;1.5;16;21;6;sandiger Lehm;1.65;0.05;60 - 90 cm;4.1;14.1;7.7;0.3;7.9;32.2;155.2
518834;OPTIFERT 25;120879;711SM258507T2null;12.06.2025;17;12087901;01.07.2025;11;31;3;-;3;schwach humos;1;frei / arm;3;11;31;7;stark lehmiger Sand;4.28;0;0 - 30 cm;3.8;22.1;22;0;22;82.4;11;31;2.5;-;2.5;schwach humos;1;frei / arm;2.5;11;31;7;stark lehmiger Sand;1.77;0;30 - 60 cm;3.9;16.9;8.5;0;8.5;33.2;16;11;2;-;2;schwach humos;2;skeletthaltig;2;16;11;6;sandiger Lehm;0.61;0;60 - 90 cm;3.2;16.9;2.9;0;2.9;9.5;125.1
518834;OPTIFERT 25;120879;711SM258507T2ueblich;12.06.2025;17;12087902;01.07.2025;21;31;3;-;3;schwach humos;1;frei / arm;3;21;31;4;Lehm;7.38;0.01;0 - 30 cm;3.8;21.4;37.6;0;37.6;141.1;16;21;2;-;2;schwach humos;1;frei / arm;2;16;21;6;sandiger Lehm;1.42;0.01;30 - 60 cm;3.9;16.4;6.8;0;6.8;26.5;16;31;2;-;2;schwach humos;2;skeletthaltig;2;16;31;6;sandiger Lehm;0.96;0;60 - 90 cm;3.2;17.3;4.6;0;4.6;15;182.6
518834;OPTIFERT 25;120879;711SM258507T2empfohlen;12.06.2025;17;12087903;01.07.2025;21;11;4;-;4;schwach humos;1;frei / arm;4;21;11;4;Lehm;7.16;0.01;0 - 30 cm;3.8;23.5;37.5;0;37.5;140.7;26;21;2.5;-;2.5;schwach humos;1;frei / arm;2.5;26;21;4;Lehm;1.31;0.03;30 - 60 cm;3.9;18.3;6.4;0.1;6.5;25.5;21;21;2;-;2;schwach humos;2;skeletthaltig;2;21;21;4;Lehm;1.05;0.02;60 - 90 cm;3.2;17.2;5.1;0.1;5.2;16.8;183
518834;OPTIFERT 25;120894;715SM258046T2null;19.06.2025;17;12089401;01.07.2025;16;31;5;-;5;humos;1;frei / arm;5;16;31;6;sandiger Lehm;9.08;0;0 - 30 cm;3.8;16;43.2;0;43.2;162.1;11;31;2;-;2;schwach humos;1;frei / arm;2;11;31;7;stark lehmiger Sand;2.14;0.03;30 - 60 cm;3.9;10.3;9.5;0.1;9.6;37.6;11;41;1.5;-;1.5;humusarm;1;frei / arm;1.5;11;41;7;stark lehmiger Sand;0.86;0.01;60 - 90 cm;4.1;8.6;3.8;0;3.8;15.3;215
518834;OPTIFERT 25;120894;715SM258046T2ueblich;19.06.2025;17;12089402;01.07.2025;16;41;4;-;4;schwach humos;1;frei / arm;4;16;41;6;sandiger Lehm;7.03;0;0 - 30 cm;3.8;18.9;34.6;0;34.6;129.9;16;51;2;-;2;schwach humos;1;frei / arm;2;16;51;5;lehmiger Schluff;3.1;0.03;30 - 60 cm;3.9;9.8;13.7;0.1;13.9;54.1;11;61;1;-;1;humusarm;1;frei / arm;1;11;61;5;lehmiger Schluff;1.51;0.01;60 - 90 cm;4.1;17;7.3;0.1;7.4;29.8;213.8
518834;OPTIFERT 25;120894;715SM258046T2empfohlen;19.06.2025;17;12089403;01.07.2025;21;31;3;-;3;schwach humos;1;frei / arm;3;21;31;4;Lehm;6.36;0.2;0 - 30 cm;3.8;17.9;31;1;31.9;119.7;31;41;2.5;-;2.5;schwach humos;1;frei / arm;2.5;31;41;12;toniger Lehm;4.04;0.08;30 - 60 cm;3.9;11.9;18.3;0.3;18.7;72.9;16;41;1.5;-;1.5;humusarm;1;frei / arm;1.5;16;41;6;sandiger Lehm;2.16;0.01;60 - 90 cm;4.1;7.4;9.3;0;9.4;38;230.6
518834;OPTIFERT 25;120895;709SM255706T2null;20.06.2025;17;12089501;01.07.2025;11;31;1.5;-;1.5;humusarm;1;frei / arm;1.5;11;31;7;stark lehmiger Sand;5.94;0.09;0 - 30 cm;3.8;18.4;29.1;0.4;29.5;110.6;26;21;1.5;-;1.5;humusarm;2;skeletthaltig;1.5;26;21;4;Lehm;0.97;0;30 - 60 cm;3.1;16;4.6;0;4.6;14.5;31;11;1.5;-;1.5;humusarm;2;skeletthaltig;1.5;31;11;12;toniger Lehm;0.39;0;60 - 90 cm;3.2;17.3;1.9;0;1.9;6.1;131.2
518834;OPTIFERT 25;120895;709SM255706T2ueblich;20.06.2025;17;12089502;01.07.2025;31;41;2;-;2;schwach humos;1;frei / arm;2;31;41;12;toniger Lehm;21.78;2.13;0 - 30 cm;3.8;17.7;105.9;10.3;116.2;435.7;36;41;2;-;2;schwach humos;2;skeletthaltig;2;36;41;12;toniger Lehm;1.75;0.1;30 - 60 cm;3.1;18;8.5;0.5;9;28.1;41;31;1.5;-;1.5;humusarm;2;skeletthaltig;1.5;41;31;11;lehmiger Ton;0.67;0;60 - 90 cm;3.2;19.4;3.3;0;3.3;10.8;474.6
518834;OPTIFERT 25;120895;709SM255706T2empfohlen;20.06.2025;17;12089503;01.07.2025;11;31;1.5;-;1.5;humusarm;1;frei / arm;1.5;11;31;7;stark lehmiger Sand;26.54;11.7;0 - 30 cm;3.8;16.3;126.8;55.9;182.7;685.3;26;31;1.5;-;1.5;humusarm;2;skeletthaltig;1.5;26;31;4;Lehm;12.96;3.49;30 - 60 cm;3.1;19.1;64.1;17.3;81.4;253.9;26;11;1.5;-;1.5;humusarm;2;skeletthaltig;1.5;26;11;4;Lehm;2.9;0.57;60 - 90 cm;3.2;18.7;14.3;2.8;17.1;55.3;994.5
518834;OPTIFERT 25;120957;699KM251562T2null;12.06.2025;17;12095701;08.07.2025;36;41;2;-;2;schwach humos;1;frei / arm;2;36;41;12;toniger Lehm;3.93;0;0 - 30 cm;3.8;21.8;20.1;0;20.1;75.4;36;41;1.5;-;1.5;humusarm;1;frei / arm;1.5;36;41;12;toniger Lehm;2.65;0.03;30 - 60 cm;3.9;22.8;13.7;0.1;13.9;54.1;36;41;1.5;-;1.5;humusarm;1;frei / arm;1.5;36;41;12;toniger Lehm;1.38;0.02;60 - 90 cm;4.1;22.4;7.1;0.1;7.2;29.3;158.8
518834;OPTIFERT 25;120957;699KM251562T2ueblich;12.06.2025;17;12095702;08.07.2025;36;51;2;-;2;schwach humos;1;frei / arm;2;36;51;13;toniger Schluff;4.02;0;0 - 30 cm;3.8;21.4;20.5;0;20.5;76.8;31;31;2;-;2;schwach humos;1;frei / arm;2;31;31;12;toniger Lehm;2.89;0.01;30 - 60 cm;3.9;19.9;14.4;0;14.5;56.4;26;21;2;-;2;schwach humos;1;frei / arm;2;26;21;4;Lehm;1.41;0.02;60 - 90 cm;4.1;21.5;7.2;0.1;7.3;29.5;162.7
518834;OPTIFERT 25;120957;699KM251562T2empfohlen;12.06.2025;17;12095703;08.07.2025;36;41;2;-;2;schwach humos;1;frei / arm;2;36;41;12;toniger Lehm;4.71;0;0 - 30 cm;3.8;21.1;23.8;0;23.9;89.5;31;31;2;-;2;schwach humos;1;frei / arm;2;31;31;12;toniger Lehm;3.24;0.01;30 - 60 cm;3.9;21.9;16.6;0.1;16.7;64.9;31;31;2;-;2;schwach humos;1;frei / arm;2;31;31;12;toniger Lehm;1.3;0.01;60 - 90 cm;4.1;20.5;6.5;0.1;6.6;26.7;181.1
518834;OPTIFERT 25;121045;706SM254566T2null;02.07.2025;17;12104501;15.07.2025;11;31;2.5;-;2.5;schwach humos;1;frei / arm;2.5;11;31;7;stark lehmiger Sand;4.51;0.62;0 - 30 cm;3.8;9.6;20;2.8;22.7;85.2;11;21;2.5;-;2.5;schwach humos;1;frei / arm;2.5;11;21;7;stark lehmiger Sand;1.85;0.26;30 - 60 cm;3.9;12;8.4;1.2;9.6;37.3;26;31;2.5;-;2.5;schwach humos;1;frei / arm;2.5;26;31;4;Lehm;0.65;0.08;60 - 90 cm;4.1;14.3;3;0.4;3.4;13.9;136.4
518834;OPTIFERT 25;121045;706SM254566T2ueblich;02.07.2025;17;12104502;15.07.2025;11;21;2.5;-;2.5;schwach humos;1;frei / arm;2.5;11;21;7;stark lehmiger Sand;11.67;1.57;0 - 30 cm;3.8;8.8;51.1;6.9;58;217.7;16;21;2.5;-;2.5;schwach humos;1;frei / arm;2.5;16;21;6;sandiger Lehm;2.88;0.39;30 - 60 cm;3.9;12.2;13.1;1.8;14.9;58.2;21;31;2.5;-;2.5;schwach humos;1;frei / arm;2.5;21;31;4;Lehm;3.6;0.27;60 - 90 cm;4.1;15.8;17.1;1.3;18.4;74.5;350.3
518834;OPTIFERT 25;121045;706SM254566T2empfohlen;02.07.2025;17;12104503;15.07.2025;16;21;3;-;3;schwach humos;1;frei / arm;3;16;21;6;sandiger Lehm;7.37;0.86;0 - 30 cm;3.8;9.3;32.5;3.8;36.3;136;21;21;2.5;-;2.5;schwach humos;1;frei / arm;2.5;21;21;4;Lehm;2.35;0.24;30 - 60 cm;3.9;12;10.7;1.1;11.8;46.1;16;21;2.5;-;2.5;schwach humos;1;frei / arm;2.5;16;21;6;sandiger Lehm;1.74;0.26;60 - 90 cm;4.1;16.1;8.3;1.2;9.5;38.6;220.7
518834;OPTIFERT 25;121047;703SM258356T2null;25.06.2025;17;12104701;15.07.2025;31;31;3;-;3;schwach humos;1;frei / arm;3;31;31;12;toniger Lehm;3.4;0.08;0 - 30 cm;3.8;22.2;17.4;0.4;17.8;66.9;31;31;2;-;2;schwach humos;2;skeletthaltig;2;31;31;12;toniger Lehm;1.29;0.08;30 - 60 cm;3.1;20.3;6.5;0.4;6.8;21.4;31;31;2;-;2;schwach humos;2;skeletthaltig;2;31;31;12;toniger Lehm;0.52;0.07;60 - 90 cm;3.2;20.4;2.6;0.3;2.9;9.5;97.7
518834;OPTIFERT 25;121047;703SM258356T2ueblich;25.06.2025;17;12104702;15.07.2025;36;31;3.5;-;3.5;schwach humos;1;frei / arm;3.5;36;31;12;toniger Lehm;3.24;0.07;0 - 30 cm;3.8;24.5;17.2;0.4;17.5;65.8;36;11;2;-;2;schwach humos;2;skeletthaltig;2;36;11;12;toniger Lehm;1.66;0.08;30 - 60 cm;3.1;20.2;8.3;0.4;8.7;27.1;31;31;2;-;2;schwach humos;2;skeletthaltig;2;31;31;12;toniger Lehm;0.9;0.08;60 - 90 cm;3.2;18.2;4.4;0.4;4.8;15.5;108.4
518834;OPTIFERT 25;121047;703SM258356T2empfohlen;25.06.2025;17;12104703;15.07.2025;31;21;2.5;-;2.5;schwach humos;1;frei / arm;2.5;31;21;12;toniger Lehm;3.11;0.18;0 - 30 cm;3.8;24.6;16.5;0.9;17.5;65.5;31;11;2;-;2;schwach humos;2;skeletthaltig;2;31;11;12;toniger Lehm;1.18;0.09;30 - 60 cm;3.1;23.6;6.2;0.5;6.7;20.8;36;11;2;-;2;schwach humos;2;skeletthaltig;2;36;11;12;toniger Lehm;0.96;0.24;60 - 90 cm;3.2;20.3;4.8;1.2;6;19.6;105.8
518834;OPTIFERT 25;121048;707SM259469T1null;02.05.2025;17;12104801;15.07.2025;6;41;2;-;2;schwach humos;1;frei / arm;2;6;41;1;lehmiger Sand;2.05;0.87;0 - 30 cm;3.8;19.3;10.2;4.3;14.5;54.2;6;41;1.5;-;1.5;humusarm;1;frei / arm;1.5;6;41;1;lehmiger Sand;0.27;0.16;30 - 60 cm;3.9;16.2;1.3;0.7;2;8;6;31;1.5;-;1.5;humusarm;1;frei / arm;1.5;6;31;1;lehmiger Sand;1.01;0.12;60 - 90 cm;4.1;17.4;4.9;0.6;5.5;22.1;84.3
518834;OPTIFERT 25;121048;707SM259469T1ueblich;02.05.2025;17;12104802;15.07.2025;6;41;2.5;-;2.5;schwach humos;1;frei / arm;2.5;6;41;1;lehmiger Sand;2.07;0.69;0 - 30 cm;3.8;18.6;10.2;3.4;13.6;50.8;6;31;1.5;-;1.5;humusarm;1;frei / arm;1.5;6;31;1;lehmiger Sand;0.31;0.22;30 - 60 cm;3.9;16.6;1.5;1.1;2.6;9.9;6;31;1.5;-;1.5;humusarm;1;frei / arm;1.5;6;31;1;lehmiger Sand;0.67;0.11;60 - 90 cm;4.1;18.6;3.3;0.5;3.8;15.4;76.2
518834;OPTIFERT 25;121048;707SM259469T1empfohlen;02.05.2025;17;12104803;15.07.2025;6;41;2;-;2;schwach humos;1;frei / arm;2;6;41;1;lehmiger Sand;1.92;0.54;0 - 30 cm;3.8;18.9;9.4;2.7;12.1;45.4;6;31;1.5;-;1.5;humusarm;1;frei / arm;1.5;6;31;1;lehmiger Sand;0.23;0.19;30 - 60 cm;3.9;15.7;1.1;0.9;2;7.7;6;31;1.5;-;1.5;humusarm;1;frei / arm;1.5;6;31;1;lehmiger Sand;0.47;0.1;60 - 90 cm;4.1;20.2;2.4;0.5;2.9;11.7;64.8
518834;OPTIFERT 25;121048;707SM259469T1hofduenger;02.05.2025;17;12104804;15.07.2025;6;41;2.5;-;2.5;schwach humos;1;frei / arm;2.5;6;41;1;lehmiger Sand;2.61;1.58;0 - 30 cm;3.8;15.2;12.3;7.4;19.7;74;1;11;0.5;-;0.5;humusarm;1;frei / arm;0.5;1;11;3;Sand;0.27;0.17;30 - 60 cm;3.9;13.3;1.2;0.8;2;7.9;1;11;0.5;-;0.5;humusarm;1;frei / arm;0.5;1;11;3;Sand;0.4;0.15;60 - 90 cm;4.1;14.3;1.9;0.7;2.6;10.4;92.3
518834;OPTIFERT 25;121049;707SM259469T2null_ZR;27.05.2025;17;12104901;15.07.2025;6;31;2;-;2;schwach humos;1;frei / arm;2;6;31;1;lehmiger Sand;4.25;0.54;0 - 30 cm;3.8;20.4;21.3;2.7;24.1;90.3;6;31;1.5;-;1.5;humusarm;1;frei / arm;1.5;6;31;1;lehmiger Sand;0.77;0.2;30 - 60 cm;3.9;17.2;3.7;0.9;4.7;18.2;6;31;1.5;-;1.5;humusarm;1;frei / arm;1.5;6;31;1;lehmiger Sand;0.81;0.13;60 - 90 cm;4.1;19.1;4;0.6;4.7;18.9;127.3
518834;OPTIFERT 25;121049;707SM259469T2ueblich_ZR;27.05.2025;17;12104902;15.07.2025;6;41;2.5;-;2.5;schwach humos;1;frei / arm;2.5;6;41;1;lehmiger Sand;3.2;0.72;0 - 30 cm;3.8;21.1;16.2;3.7;19.8;74.4;6;31;1.5;-;1.5;humusarm;1;frei / arm;1.5;6;31;1;lehmiger Sand;0.58;0.19;30 - 60 cm;3.9;18.6;2.8;0.9;3.8;14.8;6;31;1.5;-;1.5;humusarm;1;frei / arm;1.5;6;31;1;lehmiger Sand;0.57;0.17;60 - 90 cm;4.1;19.2;2.8;0.8;3.7;14.8;104
518834;OPTIFERT 25;121049;707SM259469T2empfohlen_ZR;27.05.2025;17;12104903;15.07.2025;6;41;2.5;-;2.5;schwach humos;1;frei / arm;2.5;6;41;1;lehmiger Sand;3.5;0.54;0 - 30 cm;3.8;18.2;17.1;2.6;19.7;74.1;6;31;2;-;2;schwach humos;1;frei / arm;2;6;31;1;lehmiger Sand;0.72;0.2;30 - 60 cm;3.9;20.7;3.7;1;4.7;18.2;6;41;2;-;2;schwach humos;1;frei / arm;2;6;41;1;lehmiger Sand;0.85;0.14;60 - 90 cm;4.1;22.2;4.4;0.7;5.1;20.7;113
518834;OPTIFERT 25;121049;707SM259469T2hofduenger_ZR;27.05.2025;17;12104904;15.07.2025;6;31;2.5;-;2.5;schwach humos;1;frei / arm;2.5;6;31;1;lehmiger Sand;3.3;0.32;0 - 30 cm;3.8;18.7;16.2;1.6;17.8;66.9;6;31;2;-;2;schwach humos;1;frei / arm;2;6;31;1;lehmiger Sand;0.57;0.34;30 - 60 cm;3.9;16.9;2.7;1.6;4.4;17.1;6;31;1.5;-;1.5;humusarm;1;frei / arm;1.5;6;31;1;lehmiger Sand;0.32;0.13;60 - 90 cm;4.1;17.5;1.5;0.6;2.2;8.9;92.8
518834;OPTIFERT 25;121634;707SM259469T2.5null;23.07.2025;17;12163401;02.09.2025;6;41;3;-;3;schwach humos;1;frei / arm;3;6;41;1;lehmiger Sand;0.74;0.67;0 - 30 cm;3.8;22.5;3.8;3.5;7.3;27.3;6;31;2;-;2;schwach humos;1;frei / arm;2;6;31;1;lehmiger Sand;0.31;0.13;30 - 60 cm;3.9;20.2;1.5;0.6;2.2;8.5;6;31;2;-;2;schwach humos;1;frei / arm;2;6;31;1;lehmiger Sand;0;0.09;60 - 90 cm;4.1;20.6;0;0.5;0.5;1.9;37.7
518834;OPTIFERT 25;121634;707SM259469T2.5ueblich;23.07.2025;17;12163402;02.09.2025;6;31;3;-;3;schwach humos;1;frei / arm;3;6;31;1;lehmiger Sand;1.5;0.81;0 - 30 cm;3.8;22.1;7.7;4.2;11.9;44.5;6;31;2.5;-;2.5;schwach humos;1;frei / arm;2.5;6;31;1;lehmiger Sand;0.71;0.15;30 - 60 cm;3.9;21.1;3.6;0.8;4.4;17;6;31;2.5;-;2.5;schwach humos;1;frei / arm;2.5;6;31;1;lehmiger Sand;0;0.14;60 - 90 cm;4.1;21.5;0;0.7;0.7;2.9;64.5
518834;OPTIFERT 25;121634;707SM259469T2.5empfohlen;23.07.2025;17;12163403;02.09.2025;6;41;3;-;3;schwach humos;1;frei / arm;3;6;41;1;lehmiger Sand;0.73;0.66;0 - 30 cm;3.8;21.9;3.7;3.4;7.1;26.7;6;31;2;-;2;schwach humos;1;frei / arm;2;6;31;1;lehmiger Sand;0.35;0.15;30 - 60 cm;3.9;19.4;1.7;0.7;2.5;9.6;6;31;2.5;-;2.5;schwach humos;1;frei / arm;2.5;6;31;1;lehmiger Sand;0;0.12;60 - 90 cm;4.1;21.1;0;0.6;0.6;2.5;38.7
518834;OPTIFERT 25;121635;101WW259469T4null;23.07.2025;17;12163501;02.09.2025;11;31;3.5;-;3.5;schwach humos;1;frei / arm;3.5;11;31;7;stark lehmiger Sand;1.99;0.03;0 - 30 cm;3.8;24.2;10.5;0.2;10.7;40;6;41;2;-;2;schwach humos;1;frei / arm;2;6;41;1;lehmiger Sand;0.04;0.08;30 - 60 cm;3.9;21.6;0.2;0.4;0.6;2.3;6;41;2;-;2;schwach humos;2;skeletthaltig;2;6;41;1;lehmiger Sand;0;0.05;60 - 90 cm;3.2;24.3;0;0.2;0.2;0.8;43.2
518834;OPTIFERT 25;121635;101WW259469T4ueblich;23.07.2025;17;12163502;02.09.2025;6;41;3;-;3;schwach humos;1;frei / arm;3;6;41;1;lehmiger Sand;1.6;0.14;0 - 30 cm;3.8;24.8;8.5;0.7;9.2;34.6;6;41;2;-;2;schwach humos;1;frei / arm;2;6;41;1;lehmiger Sand;0;0.1;30 - 60 cm;3.9;24.2;0;0.5;0.5;2;6;31;2;-;2;schwach humos;2;skeletthaltig;2;6;31;1;lehmiger Sand;0;0.12;60 - 90 cm;3.2;32.5;0;0.7;0.7;2.2;38.8
518834;OPTIFERT 25;121635;101WW259469T4empfohlen;23.07.2025;17;12163503;02.09.2025;6;41;3;-;3;schwach humos;1;frei / arm;3;6;41;1;lehmiger Sand;1.71;0.09;0 - 30 cm;3.8;21.8;8.7;0.4;9.2;34.4;6;41;2;-;2;schwach humos;1;frei / arm;2;6;41;1;lehmiger Sand;0;0.08;30 - 60 cm;3.9;25.5;0;0.4;0.4;1.7;6;31;1.5;-;1.5;humusarm;2;skeletthaltig;1.5;6;31;1;lehmiger Sand;0;0.13;60 - 90 cm;3.2;24.2;0;0.7;0.7;2.3;38.3
518834;OPTIFERT 25;121635;101WW259469T4hofduenger;23.07.2025;17;12163504;02.09.2025;6;41;3;-;3;schwach humos;1;frei / arm;3;6;41;1;lehmiger Sand;2.1;0.56;0 - 30 cm;3.8;22.9;10.9;2.9;13.8;51.8;6;41;2;-;2;schwach humos;1;frei / arm;2;6;41;1;lehmiger Sand;0;0.07;30 - 60 cm;3.9;99;0.4;29.6;30;117;6;31;2;-;2;schwach humos;2;skeletthaltig;2;6;31;1;lehmiger Sand;0;0.16;60 - 90 cm;3.2;26.1;0;0.9;0.9;2.8;171.6
518834;OPTIFERT 25;121636;707SM259469T2.5null_ZR;23.07.2025;17;12163601;02.09.2025;6;31;3;-;3;schwach humos;1;frei / arm;3;6;31;1;lehmiger Sand;0.66;0.75;0 - 30 cm;3.8;21.5;3.4;3.8;7.2;26.9;6;11;2;-;2;schwach humos;1;frei / arm;2;6;11;1;lehmiger Sand;0;0.1;30 - 60 cm;3.9;19.5;0;0.5;0.5;2;6;11;2;-;2;schwach humos;1;frei / arm;2;6;11;1;lehmiger Sand;0;0.08;60 - 90 cm;4.1;21.4;0;0.4;0.4;1.7;30.5
518834;OPTIFERT 25;121636;707SM259469T2.5ueblich_ZR;23.07.2025;17;12163602;02.09.2025;6;31;3;-;3;schwach humos;1;frei / arm;3;6;31;1;lehmiger Sand;1;0.79;0 - 30 cm;3.8;21.4;5.1;4;9.2;34.3;6;31;2.5;-;2.5;schwach humos;1;frei / arm;2.5;6;31;1;lehmiger Sand;0;0.17;30 - 60 cm;3.9;21.7;0;0.9;0.9;3.5;6;11;2.5;-;2.5;schwach humos;1;frei / arm;2.5;6;11;1;lehmiger Sand;0;0.08;60 - 90 cm;4.1;21.2;0;0.4;0.4;1.7;39.5
518834;OPTIFERT 25;121636;707SM259469T2.5empfohlen_ZR;23.07.2025;17;12163603;02.09.2025;6;31;2.5;-;2.5;schwach humos;1;frei / arm;2.5;6;31;1;lehmiger Sand;1.15;0.9;0 - 30 cm;3.8;20.9;5.8;4.5;10.3;38.8;6;11;2;-;2;schwach humos;1;frei / arm;2;6;11;1;lehmiger Sand;0;0.19;30 - 60 cm;3.9;18.6;0;0.9;1;3.7;6;11;2.5;-;2.5;schwach humos;1;frei / arm;2.5;6;11;1;lehmiger Sand;0;0.12;60 - 90 cm;4.1;21.8;0;0.6;0.6;2.5;45
518834;OPTIFERT 25;122186;702SM251725T3null;16.09.2025;17;12218601;28.10.2025;11;21;3;-;3;schwach humos;1;frei / arm;3;11;21;7;stark lehmiger Sand;1.62;0.67;0 - 30 cm;3.8;19;8;3.3;11.3;42.5;11;31;2.5;-;2.5;schwach humos;1;frei / arm;2.5;11;31;7;stark lehmiger Sand;0.12;0.07;30 - 60 cm;3.9;15.6;0.6;0.3;0.9;3.5;16;21;2;-;2;schwach humos;1;frei / arm;2;16;21;6;sandiger Lehm;0;0.12;60 - 90 cm;4.1;14.8;0;0.6;0.6;2.4;48.4
518834;OPTIFERT 25;122186;702SM251725T3ueblich;16.09.2025;17;12218602;28.10.2025;11;21;2;-;2;schwach humos;1;frei / arm;2;11;21;7;stark lehmiger Sand;0.31;0.15;0 - 30 cm;3.8;13.2;1.4;0.7;2.1;7.9;11;31;2.5;-;2.5;schwach humos;1;frei / arm;2.5;11;31;7;stark lehmiger Sand;0.38;0.09;30 - 60 cm;3.9;15.1;1.8;0.4;2.2;8.7;11;21;2.5;-;2.5;schwach humos;1;frei / arm;2.5;11;21;7;stark lehmiger Sand;1.83;0.37;60 - 90 cm;4.1;17.7;8.9;1.8;10.7;43.3;59.9
518834;OPTIFERT 25;122186;702SM251725T3empfohlen;16.09.2025;17;12218603;28.10.2025;11;21;2.5;-;2.5;schwach humos;1;frei / arm;2.5;11;21;7;stark lehmiger Sand;1.33;0.51;0 - 30 cm;3.8;19.6;6.6;2.5;9.1;34.2;11;21;2;-;2;schwach humos;1;frei / arm;2;11;21;7;stark lehmiger Sand;0;0.06;30 - 60 cm;3.9;14.5;0;0.3;0.3;1.1;11;31;2;-;2;schwach humos;3;skelettreich;2;11;31;7;stark lehmiger Sand;0;0.04;60 - 90 cm;2.4;15.4;0;0.2;0.2;0.5;35.8
518834;OPTIFERT 25;121967;704SM258472T3null;19.09.2025;17;12196701;06.10.2025;31;41;3;-;3;schwach humos;1;frei / arm;3;31;41;12;toniger Lehm;1.97;0.04;0 - 30 cm;3.8;20.4;9.9;0.2;10.1;37.8;26;41;2.5;-;2.5;schwach humos;2;skeletthaltig;2.5;26;41;4;Lehm;1.45;0.09;30 - 60 cm;3.1;16.8;7;0.4;7.4;23.1;;;;;;;;;;;;;;;;;;;;;;;
518834;OPTIFERT 25;121967;704SM258472T3ueblich;19.09.2025;17;12196702;06.10.2025;26;41;2;-;2;schwach humos;1;frei / arm;2;26;41;4;Lehm;3.33;0.04;0 - 30 cm;3.8;21.2;16.9;0.2;17.1;64.3;16;31;2;-;2;schwach humos;1;frei / arm;2;16;31;6;sandiger Lehm;1.68;0.08;30 - 60 cm;3.9;18.7;8.3;0.4;8.7;33.8;26;21;2;-;2;schwach humos;2;skeletthaltig;2;26;21;4;Lehm;0.89;0.09;60 - 90 cm;3.2;16.4;4.3;0.4;4.7;15.3;113.3
518834;OPTIFERT 25;121967;704SM258472T3empfohlen;19.09.2025;17;12196703;06.10.2025;31;41;2;-;2;schwach humos;1;frei / arm;2;31;41;12;toniger Lehm;2.24;0.06;0 - 30 cm;3.8;20.9;11.3;0.3;11.6;43.7;26;41;2;-;2;schwach humos;2;skeletthaltig;2;26;41;4;Lehm;1.17;0.06;30 - 60 cm;3.1;17.9;5.7;0.3;6;18.7;;;;;;;;;;;;;;;;;;;;;;;
518834;OPTIFERT 25;122177;708SM256034T3null;01.10.2025;17;12217701;28.10.2025;36;41;1.5;-;1.5;humusarm;1;frei / arm;1.5;36;41;12;toniger Lehm;2.28;0.26;0 - 30 cm;3.8;22.6;11.8;1.4;13.1;49.3;41;41;1.5;-;1.5;humusarm;1;frei / arm;1.5;41;41;11;lehmiger Ton;0.27;0.04;30 - 60 cm;3.9;18.9;1.3;0.2;1.5;6;31;41;1.5;-;1.5;humusarm;1;frei / arm;1.5;31;41;12;toniger Lehm;0;0.03;60 - 90 cm;4.1;17.7;0;0.1;0.1;0.6;55.8
518834;OPTIFERT 25;122177;708SM256034T3ueblich;01.10.2025;17;12217702;28.10.2025;31;41;2;-;2;schwach humos;1;frei / arm;2;31;41;12;toniger Lehm;2.36;0.48;0 - 30 cm;3.8;22.3;12.1;2.5;14.6;54.7;36;41;1.5;-;1.5;humusarm;1;frei / arm;1.5;36;41;12;toniger Lehm;0.34;0.11;30 - 60 cm;3.9;17.4;1.7;0.5;2.2;8.5;36;41;1.5;-;1.5;humusarm;1;frei / arm;1.5;36;41;12;toniger Lehm;0.1;0.05;60 - 90 cm;4.1;17;0.5;0.2;0.7;3;66.1
518834;OPTIFERT 25;122177;708SM256034T3empfohlen;01.10.2025;17;12217703;28.10.2025;31;41;2;-;2;schwach humos;1;frei / arm;2;31;41;12;toniger Lehm;2.18;0.25;0 - 30 cm;3.8;22.5;11.2;1.3;12.5;47;31;41;1.5;-;1.5;humusarm;1;frei / arm;1.5;31;41;12;toniger Lehm;0.41;0.08;30 - 60 cm;3.9;19;2;0.4;2.4;9.4;36;31;1.5;-;1.5;humusarm;1;frei / arm;1.5;36;31;12;toniger Lehm;0;0.04;60 - 90 cm;4.1;19.5;0;0.2;0.2;0.8;57.3
518834;OPTIFERT 25;122185;701SM251485T3null;01.10.2025;17;12218501;28.10.2025;6;11;3;-;3;schwach humos;1;frei / arm;3;6;11;1;lehmiger Sand;0.52;0.56;0 - 30 cm;3.8;13.1;2.4;2.6;5;18.6;6;11;2.5;-;2.5;schwach humos;1;frei / arm;2.5;6;11;1;lehmiger Sand;0;0.13;30 - 60 cm;3.9;14.1;0;0.6;0.6;2.4;11;11;2;-;2;schwach humos;1;frei / arm;2;11;11;7;stark lehmiger Sand;0;0.08;60 - 90 cm;4.1;15.3;0;0.4;0.4;1.5;22.6
518834;OPTIFERT 25;122185;701SM251485T3ueblich;01.10.2025;17;12218502;28.10.2025;6;11;2.5;-;2.5;schwach humos;1;frei / arm;2.5;6;11;1;lehmiger Sand;1.12;0.4;0 - 30 cm;3.8;16.1;5.3;1.9;7.2;27.1;11;21;2;-;2;schwach humos;1;frei / arm;2;11;21;7;stark lehmiger Sand;0.2;0.09;30 - 60 cm;3.9;13.7;0.9;0.4;1.3;5.2;16;21;2;-;2;schwach humos;1;frei / arm;2;16;21;6;sandiger Lehm;0;0.05;60 - 90 cm;4.1;14.3;0;0.2;0.3;1;33.3
518834;OPTIFERT 25;122185;701SM251485T3empfohlen;01.10.2025;17;12218503;28.10.2025;6;11;3.5;-;3.5;schwach humos;1;frei / arm;3.5;6;11;1;lehmiger Sand;1.01;0.5;0 - 30 cm;3.8;17.1;4.9;2.4;7.3;27.3;16;21;2.5;-;2.5;schwach humos;1;frei / arm;2.5;16;21;6;sandiger Lehm;0.13;0.12;30 - 60 cm;3.9;13.8;0.6;0.5;1.1;4.4;11;21;2;-;2;schwach humos;1;frei / arm;2;11;21;7;stark lehmiger Sand;0;0.06;60 - 90 cm;4.1;15;0;0.3;0.3;1.1;32.8
518834;OPTIFERT 25;122178;709SM255706T3null;03.10.2025;17;12217801;28.10.2025;26;41;1.5;-;1.5;humusarm;1;frei / arm;1.5;26;41;4;Lehm;2.43;0.11;0 - 30 cm;3.8;24.7;12.9;0.6;13.5;50.5;36;31;1.5;-;1.5;humusarm;2;skeletthaltig;1.5;36;31;12;toniger Lehm;0.43;0.05;30 - 60 cm;3.1;17.7;2.1;0.2;2.3;7.3;26;31;1.5;-;1.5;humusarm;2;skeletthaltig;1.5;26;31;4;Lehm;0;0.01;60 - 90 cm;3.2;9.5;0;0.1;0.1;0.2;57.9
518834;OPTIFERT 25;122178;709SM255706T3ueblich;03.10.2025;17;12217802;28.10.2025;26;31;2;-;2;schwach humos;2;skeletthaltig;2;26;31;4;Lehm;7.67;0.04;0 - 30 cm;3;22.9;39.8;0.2;40;120;36;31;1;-;1;humusarm;2;skeletthaltig;1;36;31;12;toniger Lehm;2.43;0.03;30 - 60 cm;3.1;18.5;11.9;0.1;12;37.6;36;31;1;-;1;humusarm;2;skeletthaltig;1;36;31;12;toniger Lehm;0.71;0.04;60 - 90 cm;3.2;19.4;3.5;0.2;3.7;11.9;169.5
518834;OPTIFERT 25;122178;709SM255706T3empfohlen;03.10.2025;17;12217803;28.10.2025;31;31;2;-;2;schwach humos;1;frei / arm;2;31;31;12;toniger Lehm;3.24;0.05;0 - 30 cm;3.8;23;16.8;0.3;17.1;64.2;36;31;1.5;-;1.5;humusarm;1;frei / arm;1.5;36;31;12;toniger Lehm;0.74;0.08;30 - 60 cm;3.9;20.4;3.7;0.4;4.1;16.1;36;31;1;-;1;humusarm;2;skeletthaltig;1;36;31;12;toniger Lehm;0;0.02;60 - 90 cm;3.2;19.2;0;0.1;0.1;0.4;80.7
518834;OPTIFERT 25;121971;705SM258479T3null;04.10.2025;17;12197101;07.10.2025;16;21;2;-;2;schwach humos;1;frei / arm;2;16;21;6;sandiger Lehm;0.82;0.11;0 - 30 cm;3.8;16.8;4;0.5;4.5;16.9;16;21;2;-;2;schwach humos;1;frei / arm;2;16;11;6;sandiger Lehm;0.17;0.1;30 - 60 cm;3.9;15.7;0.8;0.5;1.3;5;21;41;1;-;2;schwach humos;1;frei / arm;2;16;21;6;sandiger Lehm;0.09;0.08;60 - 90 cm;4.1;17.7;0.4;0.4;0.8;3.3;21.9
518834;OPTIFERT 25;121971;705SM258479T3ueblich;04.10.2025;17;12197102;07.10.2025;26;31;2;-;2;schwach humos;1;frei / arm;2;26;31;4;Lehm;1.29;0.08;0 - 30 cm;3.8;16.6;6.2;0.4;6.5;24.5;26;31;2;-;2;schwach humos;1;frei / arm;2;26;31;4;Lehm;0.39;0.13;30 - 60 cm;3.9;16.2;1.9;0.6;2.5;9.6;31;31;1;-;1;humusarm;1;frei / arm;1;31;31;12;toniger Lehm;0.09;0.07;60 - 90 cm;4.1;17.7;0.4;0.4;0.8;3.2;37.4
518834;OPTIFERT 25;121971;705SM258479T3empfohlen;04.10.2025;17;12197103;07.10.2025;26;31;2;-;2;schwach humos;1;frei / arm;2;26;31;4;Lehm;0.73;0.18;0 - 30 cm;3.8;17.2;3.5;0.9;4.4;16.4;26;31;2;-;2;schwach humos;1;frei / arm;2;26;31;4;Lehm;0.13;0.1;30 - 60 cm;3.9;16.6;0.6;0.5;1.1;4.2;31;31;2;-;2;schwach humos;1;frei / arm;2;31;31;12;toniger Lehm;0.1;0.09;60 - 90 cm;4.1;17.5;0.5;0.4;0.9;3.7;24.3
518834;OPTIFERT 25;122034;707SM259469T3null_ZR;09.10.2025;17;12203401;14.10.2025;31;41;4;-;4;schwach humos;1;frei / arm;4;31;41;12;toniger Lehm;1.67;0.35;0 - 30 cm;3.8;21.2;8.5;1.8;10.2;38.3;31;51;4;-;4;schwach humos;1;frei / arm;4;31;51;13;toniger Schluff;0.32;0.09;30 - 60 cm;3.9;17.9;1.5;0.4;2;7.7;26;41;4;-;4;schwach humos;1;frei / arm;4;26;41;4;Lehm;0.16;0.05;60 - 90 cm;4.1;19.7;0.8;0.2;1;4.2;50.2
518834;OPTIFERT 25;122034;707SM259469T3ueblich_ZR;09.10.2025;17;12203402;14.10.2025;21;41;4;-;4;schwach humos;1;frei / arm;4;21;41;4;Lehm;3.28;0.29;0 - 30 cm;3.8;20.6;16.5;1.5;18;67.5;16;41;4;-;4;schwach humos;1;frei / arm;4;16;41;6;sandiger Lehm;0.63;0.08;30 - 60 cm;3.9;17.2;3.1;0.4;3.4;13.3;11;31;4;-;4;schwach humos;1;frei / arm;4;11;31;7;stark lehmiger Sand;0.64;0.06;60 - 90 cm;4.1;21.8;3.3;0.3;3.6;14.5;95.4
518834;OPTIFERT 25;122034;707SM259469T3empfohlen_ZR;09.10.2025;17;12203403;14.10.2025;21;41;4;-;4;schwach humos;1;frei / arm;4;21;41;4;Lehm;2.31;0.27;0 - 30 cm;3.8;19;11.4;1.3;12.7;47.7;26;41;4;-;4;schwach humos;1;frei / arm;4;26;41;4;Lehm;0.71;0.09;30 - 60 cm;3.9;16.9;3.4;0.4;3.8;15;26;41;4;-;4;schwach humos;1;frei / arm;4;26;41;4;Lehm;0.42;0.06;60 - 90 cm;4.1;18.8;2.1;0.3;2.4;9.5;72.2
518834;OPTIFERT 25;122036;707SM259469T3null;09.10.2025;17;12203601;14.10.2025;16;51;4.5;-;4.5;schwach humos;1;frei / arm;4.5;16;51;5;lehmiger Schluff;1.08;0.51;0 - 30 cm;3.8;20.6;5.4;2.5;8;29.9;16;41;4.5;-;4.5;schwach humos;1;frei / arm;4.5;16;41;6;sandiger Lehm;0.35;0.12;30 - 60 cm;3.9;20.4;1.8;0.6;2.3;9.1;16;41;4.5;-;4.5;schwach humos;1;frei / arm;4.5;16;41;6;sandiger Lehm;0.38;0.06;60 - 90 cm;4.1;20.8;1.9;0.3;2.2;9.1;48.1
518834;OPTIFERT 25;122036;707SM259469T3ueblich;09.10.2025;17;12203602;14.10.2025;16;51;4.5;-;4.5;schwach humos;1;frei / arm;4.5;16;51;5;lehmiger Schluff;1.59;0.45;0 - 30 cm;3.8;21.5;8.1;2.3;10.4;39;11;41;4.5;-;4.5;schwach humos;1;frei / arm;4.5;11;41;7;stark lehmiger Sand;0.46;0.09;30 - 60 cm;3.9;19.1;2.3;0.4;2.7;10.6;16;41;4.5;-;4.5;schwach humos;1;frei / arm;4.5;16;41;6;sandiger Lehm;0.28;0.05;60 - 90 cm;4.1;20.3;1.4;0.2;1.6;6.6;56.3
518834;OPTIFERT 25;122036;707SM259469T3empfohlen;09.10.2025;17;12203603;14.10.2025;16;51;4.5;-;4.5;schwach humos;1;frei / arm;4.5;16;51;5;lehmiger Schluff;1.58;0.41;0 - 30 cm;3.8;21.4;8;2.1;10.1;38;16;41;4.5;-;4.5;schwach humos;1;frei / arm;4.5;16;41;6;sandiger Lehm;0.64;0.1;30 - 60 cm;3.9;16.1;3.1;0.5;3.5;13.7;11;51;4.5;-;4.5;schwach humos;1;frei / arm;4.5;11;51;5;lehmiger Schluff;0.32;0.09;60 - 90 cm;4.1;19.5;1.6;0.5;2.1;8.4;60.1
518834;OPTIFERT 25;122037;706SM254566T3null;10.10.2025;16;12203701;14.10.2025;26;31;3;-;3;schwach humos;1;frei / arm;3;26;31;4;Lehm;2.51;0.33;0 - 30 cm;3.8;18.7;12.3;1.6;13.9;52.3;11;11;2.5;-;2.5;schwach humos;2;skeletthaltig;2.5;11;11;7;stark lehmiger Sand;0.8;0.15;30 - 60 cm;3.1;15.7;3.8;0.7;4.5;14.2;66.5;;;;;;;;;;;;;;;;;;;;;;
518834;OPTIFERT 25;122037;706SM254566T3ueblich;10.10.2025;16;12203702;14.10.2025;11;21;3;-;3;schwach humos;1;frei / arm;3;11;21;7;stark lehmiger Sand;3.61;0.58;0 - 30 cm;3.8;20.2;18.1;2.9;21;78.7;21;21;3;-;3;schwach humos;2;skeletthaltig;3;21;21;4;Lehm;1.57;0.18;30 - 60 cm;3.1;15.8;7.5;0.9;8.3;26;104.6;;;;;;;;;;;;;;;;;;;;;;
518834;OPTIFERT 25;122037;706SM254566T3empfohlen;10.10.2025;16;12203703;14.10.2025;16;21;2.5;-;2.5;schwach humos;1;frei / arm;2.5;16;21;6;sandiger Lehm;2.75;0.34;0 - 30 cm;3.8;19.3;13.6;1.7;15.3;57.3;21;21;2;-;2;schwach humos;2;skeletthaltig;2;21;21;4;Lehm;1.01;0.13;30 - 60 cm;3.1;15.9;4.8;0.6;5.4;16.9;74.2;;;;;;;;;;;;;;;;;;;;;;
518834;OPTIFERT 25;122180;699KM251562T3null;15.10.2025;17;12218001;28.10.2025;31;41;1;-;1;humusarm;1;frei / arm;1;31;41;12;toniger Lehm;1.41;0.05;0 - 30 cm;3.8;23.8;7.4;0.2;7.6;28.6;31;41;1.5;-;1.5;humusarm;2;skeletthaltig;1.5;31;41;12;toniger Lehm;1.13;0.12;30 - 60 cm;3.1;22.7;5.8;0.6;6.5;20.1;26;31;1;-;1;humusarm;2;skeletthaltig;1;26;31;4;Lehm;0;0.01;60 - 90 cm;3.2;21.1;0;0.1;0.1;0.2;49
518834;OPTIFERT 25;122180;699KM251562T3ueblich;15.10.2025;17;12218002;28.10.2025;36;41;2;-;2;schwach humos;1;frei / arm;2;36;41;12;toniger Lehm;4.79;0;0 - 30 cm;3.8;22.5;24.7;0;24.7;92.7;36;21;1.5;-;1.5;humusarm;2;skeletthaltig;1.5;36;21;12;toniger Lehm;3.35;0;30 - 60 cm;3.1;22.1;17.2;0;17.2;53.7;31;21;1.5;-;1.5;humusarm;2;skeletthaltig;1.5;31;21;12;toniger Lehm;0.43;0.03;60 - 90 cm;3.2;19.9;2.1;0.1;2.3;7.4;153.7
518834;OPTIFERT 25;122180;699KM251562T3empfohlen;15.10.2025;17;12218003;28.10.2025;46;31;1;-;1;humusarm;1;frei / arm;1;46;31;11;lehmiger Ton;4.43;0;0 - 30 cm;3.8;22.4;22.8;0;22.8;85.5;46;41;1;-;1;humusarm;2;skeletthaltig;1;46;41;11;lehmiger Ton;1.45;0.01;30 - 60 cm;3.1;20.2;7.3;0;7.3;22.9;46;41;1;-;1;humusarm;2;skeletthaltig;1;46;41;11;lehmiger Ton;0.21;0.02;60 - 90 cm;3.2;21;1.1;0.1;1.2;3.9;112.3
518834;OPTIFERT 25;122181;715SM258046T3null;16.10.2025;17;12218101;28.10.2025;6;41;10;-;10;humusreich;1;frei / arm;10;6;41;1;lehmiger Sand;6.17;0;0 - 30 cm;3.8;35.9;38.5;0;38.6;144.6;6;51;0.5;-;0.5;humusarm;2;skeletthaltig;0.5;6;51;9;sandiger Schluff;1.03;0.02;30 - 60 cm;3.1;11;4.6;0.1;4.7;14.7;6;41;0.5;-;0.5;humusarm;2;skeletthaltig;0.5;6;41;1;lehmiger Sand;0.55;0;60 - 90 cm;3.2;9.6;2.4;0;2.4;7.9;167.2
518834;OPTIFERT 25;122181;715SM258046T3ueblich;16.10.2025;17;12218102;28.10.2025;6;41;10;-;10;humusreich;1;frei / arm;10;6;41;1;lehmiger Sand;5.08;0.01;0 - 30 cm;3.8;20.2;25.5;0.1;25.5;95.7;6;51;0.5;-;0.5;humusarm;2;skeletthaltig;0.5;6;51;9;sandiger Schluff;0.39;0;30 - 60 cm;3.1;28.9;2.2;0;2.2;6.8;6;51;0.5;-;0.5;humusarm;2;skeletthaltig;0.5;6;51;9;sandiger Schluff;0.88;0;60 - 90 cm;3.2;8.3;3.8;0;3.8;12.4;114.9
518834;OPTIFERT 25;122181;715SM258046T3empfohlen;16.10.2025;17;12218103;28.10.2025;6;41;5;-;5;humos;1;frei / arm;5;6;41;1;lehmiger Sand;5.6;0.05;0 - 30 cm;3.8;27.3;30.8;0.3;31.1;116.6;6;41;0.5;-;0.5;humusarm;2;skeletthaltig;0.5;6;41;1;lehmiger Sand;0.9;0.03;30 - 60 cm;3.1;10.3;4;0.1;4.1;12.9;6;51;0.5;-;0.5;humusarm;2;skeletthaltig;0.5;6;51;9;sandiger Schluff;0.21;0.02;60 - 90 cm;3.2;7.9;0.9;0.1;1;3.2;132.6
518834;OPTIFERT 25;122309;711SM258507T3null;16.10.2025;17;12230901;04.11.2025;16;31;3;-;3;schwach humos;1;frei / arm;3;16;31;6;sandiger Lehm;2.54;0.04;0 - 30 cm;3.8;22.5;13.1;0.2;13.3;49.8;21;31;2;+;2;schwach humos;1;frei / arm;2;21;31;4;Lehm;0.91;0.06;30 - 60 cm;3.9;18.5;4.4;0.3;4.8;18.6;26;31;1.5;+;1.5;humusarm;1;frei / arm;1.5;26;31;4;Lehm;0.61;0.03;60 - 90 cm;4.1;19.1;3;0.1;3.1;12.7;81
518834;OPTIFERT 25;122309;711SM258507T3ueblich;16.10.2025;17;12230902;04.11.2025;16;31;3.5;-;3.5;schwach humos;1;frei / arm;3.5;16;31;6;sandiger Lehm;4.37;0.03;0 - 30 cm;3.8;21.7;22.3;0.1;22.5;84.2;21;31;1.5;+;1.5;humusarm;1;frei / arm;1.5;21;31;4;Lehm;1.36;0.05;30 - 60 cm;3.9;16.4;6.5;0.2;6.7;26.2;11;41;0.5;+;0.5;humusarm;1;frei / arm;0.5;11;41;7;stark lehmiger Sand;0.03;0.88;60 - 90 cm;4.1;16;0.1;4.2;4.3;17.5;128
518834;OPTIFERT 25;122309;711SM258507T3empfohlen;16.10.2025;17;12230903;04.11.2025;16;41;3.5;-;3.5;schwach humos;1;frei / arm;3.5;16;41;6;sandiger Lehm;4.36;0.03;0 - 30 cm;3.8;24;22.9;0.2;23.1;86.6;26;31;2;+;2;schwach humos;1;frei / arm;2;26;31;4;Lehm;1.27;0.06;30 - 60 cm;3.9;18.7;6.2;0.3;6.5;25.5;31;31;1;+;1;humusarm;1;frei / arm;1;31;31;12;toniger Lehm;0.72;0.05;60 - 90 cm;4.1;17.1;3.5;0.2;3.7;15;127.1
518834;OPTIFERT 25;122802;700KM258617T3null;07.11.2025;16;12280201;15.12.2025;11;41;3.5;-;3.5;schwach humos;1;frei / arm;3.5;11;41;7;stark lehmiger Sand;2.49;0.08;0 - 30 cm;3.8;28.4;13.9;0.4;14.4;53.8;11;61;0.5;-;0.5;humusarm;2;skeletthaltig;0.5;11;61;5;lehmiger Schluff;0.86;0.19;30 - 60 cm;3.1;19.7;4.3;1;5.2;16.4;;;;;;;;;;;;;;;;;;;;;;;70.2
518834;OPTIFERT 25;122802;700KM258617T3ueblich;07.11.2025;16;12280202;15.12.2025;11;41;5;-;5;humos;1;frei / arm;5;11;41;7;stark lehmiger Sand;2.72;0.13;0 - 30 cm;3.8;29;15.3;0.7;16.1;60.3;11;51;0.5;-;0.5;humusarm;2;skeletthaltig;0.5;11;51;5;lehmiger Schluff;1.08;0.37;30 - 60 cm;3.1;19.5;5.4;1.9;7.2;22.5;;;;;;;;;;;;;;;;;;;;;;;82.8
518834;OPTIFERT 25;122802;700KM258617T3empfohlen;07.11.2025;16;12280203;15.12.2025;6;51;3.5;-;3.5;schwach humos;1;frei / arm;3.5;6;51;9;sandiger Schluff;2.43;0.19;0 - 30 cm;3.8;26.3;13.2;1;14.2;53.4;11;51;0.5;-;0.5;humusarm;2;skeletthaltig;0.5;11;51;5;lehmiger Schluff;0.8;0.43;30 - 60 cm;3.1;16.4;3.8;2;5.9;18.4;;;;;;;;;;;;;;;;;;;;;;;71.7
518834;OPTIFERT 25;122803;698KM253206T3null;01.12.2025;17;12280301;15.12.2025;11;21;2.5;-;2.5;schwach humos;1;frei / arm;2.5;11;21;7;stark lehmiger Sand;0.81;0.25;0 - 30 cm;3.8;17.8;3.9;1.2;5.2;19.4;16;21;2.5;-;2.5;schwach humos;1;frei / arm;2.5;16;21;6;sandiger Lehm;1.22;0.2;30 - 60 cm;3.9;16.2;5.8;0.9;6.7;26.3;11;31;2;-;2;schwach humos;1;frei / arm;2;11;31;7;stark lehmiger Sand;0.85;0.2;60 - 90 cm;4.1;15.4;4;0.9;4.9;20;65.7
518834;OPTIFERT 25;122803;698KM253206T3ueblich;01.12.2025;17;12280302;15.12.2025;16;21;2;-;2;schwach humos;1;frei / arm;2;16;21;6;sandiger Lehm;0.8;1.39;0 - 30 cm;3.8;19.3;4;6.9;10.9;40.8;11;21;2;-;2;schwach humos;1;frei / arm;2;11;21;7;stark lehmiger Sand;1.29;0.35;30 - 60 cm;3.9;15;6.1;1.6;7.7;30.1;11;31;2;-;2;schwach humos;1;frei / arm;2;11;31;7;stark lehmiger Sand;0.58;0.17;60 - 90 cm;4.1;14.4;2.7;0.8;3.5;14.3;85.1
518834;OPTIFERT 25;122803;698KM253206T3empfohlen;01.12.2025;17;12280303;15.12.2025;11;21;3.5;-;3.5;schwach humos;1;frei / arm;3.5;11;21;7;stark lehmiger Sand;1.74;0.16;0 - 30 cm;3.8;20.3;8.7;0.8;9.5;35.7;16;21;3;-;3;schwach humos;1;frei / arm;3;16;21;6;sandiger Lehm;1.47;0.14;30 - 60 cm;3.9;16.8;7.1;0.7;7.7;30.2;11;21;2.5;-;2.5;schwach humos;1;frei / arm;2.5;11;21;7;stark lehmiger Sand;1.37;0.23;60 - 90 cm;4.1;17.3;6.6;1.1;7.7;31.3;97.2
518834;OPTIFERT 25;122807;712KM251580T3null;19.11.2025;17;12280701;16.12.2025;11;31;2;-;2;schwach humos;1;frei / arm;2;11;31;7;stark lehmiger Sand;1.49;0.22;0 - 30 cm;3.8;19;7.4;1.1;8.5;31.7;16;21;2;-;2;schwach humos;1;frei / arm;2;16;21;6;sandiger Lehm;0.69;0.11;30 - 60 cm;3.9;17.3;3.4;0.6;3.9;15.2;21;31;1.5;-;1.5;humusarm;1;frei / arm;1.5;21;31;4;Lehm;0.37;0.16;60 - 90 cm;4.1;17.1;1.8;0.8;2.6;10.5;57.5
518834;OPTIFERT 25;122807;712KM251580T3ueblich;19.11.2025;17;12280702;16.12.2025;11;21;2;-;2;schwach humos;1;frei / arm;2;11;21;7;stark lehmiger Sand;1.86;0.11;0 - 30 cm;3.8;17.1;9;0.5;9.5;35.6;16;31;2;-;2;schwach humos;1;frei / arm;2;16;31;6;sandiger Lehm;1.96;0.16;30 - 60 cm;3.9;16.5;9.4;0.7;10.1;39.5;16;31;2;-;2;schwach humos;1;frei / arm;2;16;31;6;sandiger Lehm;1.18;0.15;60 - 90 cm;4.1;16.8;5.7;0.7;6.4;25.8;100.9
518834;OPTIFERT 25;122807;712KM251580T3empfohlen;19.11.2025;17;12280703;16.12.2025;11;31;2.5;-;2.5;schwach humos;1;frei / arm;2.5;11;31;7;stark lehmiger Sand;1.87;0.2;0 - 30 cm;3.8;17;9;0.9;10;37.4;21;31;2;-;2;schwach humos;1;frei / arm;2;21;31;4;Lehm;1.48;0.26;30 - 60 cm;3.9;16.2;7.1;1.2;8.3;32.4;16;31;1;-;1;humusarm;1;frei / arm;1;16;31;6;sandiger Lehm;0.86;0.15;60 - 90 cm;4.1;18.5;4.2;0.7;4.9;19.9;89.7
518834;OPTIFERT 25;122808;714KM251148T3null;19.10.2025;17;12280801;16.12.2025;11;31;2.5;-;2.5;schwach humos;1;frei / arm;2.5;11;31;7;stark lehmiger Sand;1.76;0.18;0 - 30 cm;3.8;18.9;8.7;0.9;9.5;35.8;16;31;2;-;2;schwach humos;1;frei / arm;2;16;31;6;sandiger Lehm;0.63;0.16;30 - 60 cm;3.9;14;2.9;0.7;3.7;14.3;11;31;1;-;1;humusarm;1;frei / arm;1;11;31;7;stark lehmiger Sand;0.23;0.22;60 - 90 cm;4.1;11.7;1;1;2;8.2;58.4
518834;OPTIFERT 25;122808;714KM251148T3ueblich;19.10.2025;17;12280802;16.12.2025;16;31;2.5;-;2.5;schwach humos;1;frei / arm;2.5;16;31;6;sandiger Lehm;1.24;0.3;0 - 30 cm;3.8;18.7;6.1;1.5;7.6;28.4;11;21;2;-;2;schwach humos;1;frei / arm;2;11;21;7;stark lehmiger Sand;0.39;0.15;30 - 60 cm;3.9;16.6;1.9;0.7;2.6;10;21;31;2.5;-;2.5;schwach humos;1;frei / arm;2.5;21;31;4;Lehm;0.23;0.21;60 - 90 cm;4.1;12.9;1;1;2;8.1;46.5
518834;OPTIFERT 25;122808;714KM251148T3empfohlen;19.10.2025;17;12280803;16.12.2025;16;31;3;-;3;schwach humos;1;frei / arm;3;16;31;6;sandiger Lehm;1.13;0.29;0 - 30 cm;3.8;20.3;5.7;1.5;7.1;26.6;16;31;2.5;-;2.5;schwach humos;1;frei / arm;2.5;16;31;6;sandiger Lehm;0.64;0.16;30 - 60 cm;3.9;14;3;0.7;3.7;14.4;16;31;1.5;-;1.5;humusarm;1;frei / arm;1.5;16;31;6;sandiger Lehm;0.36;0.17;60 - 90 cm;4.1;12.9;1.7;0.8;2.4;9.8;50.9
518834;OPTIFERT 25;122809;713SM251372T3null;30.09.2025;17;12280901;16.12.2025;6;61;16;-;16;humusreich;1;frei / arm;16;6;61;9;sandiger Schluff;8.93;0.13;0 - 30 cm;3;34.5;54.5;0.8;55.3;166;6;61;16;-;16;humusreich;1;frei / arm;16;6;61;9;sandiger Schluff;10.9;0.27;30 - 60 cm;3.8;43.7;77.4;1.9;79.4;301.5;1;61;20;-;20;Humusboden;1;frei / arm;20;1;61;9;sandiger Schluff;10.08;0.5;60 - 90 cm;5.4;70.6;137;6.9;143.9;776.9;1244.4
