Probe/Parzelle;Wiederholung;TOC400;ROC Var B;TIC VarB;TOC Var B;HUM-TOC_B;Analyse
;;TOC 400, ROC, TIC;TOC 400, ROC, TIC;TOC 400, ROC, TIC;TOC 400, ROC, TIC;TOC 400, ROC, TIC;
;;Mass.-%;Mass.-%;Mass.-%;Mass.-%;Mass.-%;
007_8472null30;2.13;0.01;0.16;2.14;3.69;2.3;A
008_8472null60;1.24;0;0.04;1.24;2.14;1.28;A
009_8472empfohlen30;2.29;0.01;0.18;2.3;3.97;2.48;A
010_8472empfohlen60;1.51;0;0.08;1.51;2.6;1.59;A
011_8472ueblich30;2.2;0.01;0.23;2.21;3.81;2.44;A
012_8472ueblich60;1.26;0;0.06;1.26;2.18;1.32;A
013_8479null30;1.2;0;0.04;1.2;2.07;1.24;A
014_8479null60;0.34;0;0.06;0.34;0.59;0.4;A
015_8479empfohlen30;1.02;0;0;1.02;1.76;1.02;A
016_8479empfohlen60;0.36;0;0;0.36;0.62;0.36;A
017_8479ueblich30;1.26;0;0.92;1.26;2.18;2.18;A
018_8479ueblich60;0.28;0;2.7;0.28;0.48;2.98;A
019_8046null30;5.87;0.07;1.05;5.94;10.25;6.99;A
020_8046null60;1.77;0.02;4.84;1.79;3.09;6.63;A
021_8046empfohlen30;2.61;0.02;0.51;2.63;4.54;3.14;A
022_8046empfohlen60;0.83;0.01;4.39;0.84;1.45;5.23;A
023_8046ueblich30;2.68;0.03;0.61;2.71;4.67;3.32;A
024_8046ueblich60;1.1;0.01;3.02;1.11;1.91;4.13;A
025_8356null30;2.81;0.08;0.83;2.89;4.99;3.72;A
026_8356null60;0.73;0.17;2.18;0.9;1.55;3.08;A
027_8356empfohlen30;2.8;0.02;0.37;2.82;4.86;3.19;A
028_8356empfohlen60;0.58;0;0.66;0.58;1;1.24;A
029_8356ueblich30;1.6;0;0.16;1.6;2.76;1.76;A
030_8356ueblich60;0.47;0;0;0.47;0.81;0.47;A
031_3206null30;1.29;0;0.04;1.29;2.23;1.33;A
032_3206null60;0.39;0;0;0.39;0.67;0.39;A
033_3206empfohlen30;1.22;0;0.02;1.22;2.11;1.24;A
034_3206empfohlen60;0.31;0;0;0.31;0.54;0.31;A
035_3206ueblich30;1.25;0;0.03;1.25;2.16;1.28;A
036_3206ueblich60;0.27;0;0.01;0.27;0.47;0.28;A
037_1725null30;1.21;0;0.01;1.21;2.09;1.22;A
038_1725null60;0.32;0;0;0.32;0.55;0.32;A
039_1725empfohlen30;1.43;0;0.02;1.43;2.47;1.45;A
040_1725empfohlen60;0.46;0;0;0.46;0.8;0.46;A
041_1725ueblich30;1.37;0;0.02;1.37;2.36;1.39;A
042_1725ueblich60;0.52;0;0;0.52;0.9;0.52;A
043_1485null30;1.38;0;0;1.38;2.38;1.38;A
044_1485null60;0.49;0;0;0.49;0.85;0.49;A
045_1485empfohlen30;1.71;0;0.04;1.71;2.95;1.75;A
046_1485empfohlen60;0.57;0;0;0.57;0.98;0.57;A
047_1485ueblich30;1.51;0;0.02;1.51;2.61;1.53;A
048_1485ueblich60;0.49;0;0;0.49;0.85;0.49;A
049_4566null30;1.03;0;0;1.03;1.78;1.03;A
050_4566null60;0.66;0;0;0.66;1.14;0.66;A
051_4566empfohlen30;1.33;0;0.03;1.33;2.29;1.36;A
052_4566empfohlen60;0.56;0;0;0.56;0.97;0.56;A
053_4566ueblich30;1.09;0;0.01;1.09;1.88;1.1;A
054_4566ueblich60;0.48;0;0;0.48;0.83;0.48;A
055_8507null30;2.09;0.01;0.15;2.1;3.62;2.25;A
056_8507null60;0.99;0;0;0.99;1.71;0.99;A
057_8507empfohlen30;3.22;0.03;0.3;3.25;5.61;3.55;A
058_8507empfohlen60;1.09;0;0.13;1.09;1.88;1.22;A
059_8507ueblich30;2.64;0.07;0.38;2.71;4.67;3.09;A
060_8507ueblich60;0.66;0;0.05;0.66;1.14;0.71;A
061_1580null30;1.1;0;0.01;1.1;1.9;1.11;B
062_1580null60;0.21;0;0;0.21;0.36;0.21;B
063_1580empfohlen30;1.21;0;0.01;1.21;2.09;1.22;B
064_1580empfohlen60;0.28;0;0;0.28;0.48;0.28;B
065_1580ueblich30;1.16;0;0.01;1.16;2;1.17;B
066_1580ueblich60;0.32;0;0;0.32;0.55;0.32;B
067_1372null30;2.11;0;2.53;2.11;3.64;4.64;B
068_1372null60;0.98;0;2.29;0.98;1.69;3.27;B
069_1372empfohlen30;3.72;0.04;2.4;3.76;6.49;6.16;B
070_1372empfohlen60;10.43;0.25;2.71;10.68;18.42;13.39;B
071_1372ueblich30;1.7;0;2.48;1.7;2.93;4.18;B
072_1372ueblich60;0.63;0;2.45;0.63;1.09;3.08;B
073_1148null30;1.75;0;1.41;1.75;3.02;3.16;B
074_1148null60;0.38;0;2.01;0.38;0.66;2.39;B
075_1148empfohlen30;1.57;0;1.32;1.57;2.71;2.89;B
076_1148empfohlen60;0.39;0;2.48;0.39;0.67;2.87;B
077_1148ueblich30;1.59;0;0.58;1.59;2.74;2.17;B
078_1148ueblich60;0.38;0;0.08;0.38;0.66;0.46;B
079_5706null30;2.33;0;0.08;2.33;4.02;2.41;B
080_5706null60;0.88;0;0;0.88;1.52;0.88;B
081_5706empfohlen30;1.96;0;0.06;1.96;3.38;2.02;B
082_5706empfohlen60;0.69;0;0;0.69;1.19;0.69;B
083_5706ueblich30;2.92;0;0.19;2.92;5.04;3.11;B
084_5706ueblich60;0.81;0;1.89;0.81;1.4;2.7;B
085_5725null30;2.22;0.05;0.67;2.27;3.92;2.94;B
086_5725null60;0.93;0;0.95;0.93;1.61;1.88;B
087_5725empfohlen30;3.39;0.02;0.46;3.41;5.88;3.87;B
088_5725empfohlen60;1.57;0;0.28;1.57;2.71;1.85;B
089_5725ueblich30;2.34;0;0.16;2.34;4.04;2.5;B
090_5725ueblich60;0.64;0;0.14;0.64;1.11;0.78;B
