"0","# Paket für robuste PCA (muss geladen sein)"
"0","library(rrcov)"
"0",""
"0","# 1. Datenvorbereitung (Nur vollständige Datensätze behalten)"
"0","df_pca <- df_final |> "
"0","  drop_na(NAG, GLS, MUP, MUX, Verfahren)"
"0",""
"0","# 2. Robuste PCA berechnen (scale = TRUE ist essenziell bei Enzymen!)"
"0","pca_rob <- PcaHubert(df_pca |> select(NAG, GLS, MUP, MUX), scale = TRUE)"
"0",""
"0","# 3. Scores (Koordinaten auf PC1/PC2) und erklärte Varianz extrahieren"
"0","df_pca <- df_pca |> "
"0","  mutate("
"0","    PC1 = getScores(pca_rob)[, 1],"
"0","    PC2 = getScores(pca_rob)[, 2]"
"0","  )"
"0",""
"0","eigenvals <- getEigenvalues(pca_rob)"
"0","var_pc1 <- round((eigenvals[1] / sum(eigenvals)) * 100, 1)"
"0","var_pc2 <- round((eigenvals[2] / sum(eigenvals)) * 100, 1)"
"0",""
"0","# 4. Der finale Biplot (Score-Plot)"
"0","ggplot(df_pca, aes(x = PC1, y = PC2, color = Verfahren)) +"
"0","  # Ursprungslinien zur Orientierung"
"0","  geom_hline(yintercept = 0, linetype = ""dashed"", color = ""gray70"") +"
"0","  geom_vline(xintercept = 0, linetype = ""dashed"", color = ""gray70"") +"
"0","  "
"0","  # Die Datenpunkte"
"0","  geom_point(size = 4, alpha = 0.8) +"
"0","  "
"0","  # Optik"
"0","  theme_minimal(base_size = 14) +"
"0","  theme("
"0","    panel.border = element_rect(color = ""black"", fill = NA, linewidth = 0.5),"
"0","    legend.position = ""right"""
"0","  ) +"
"0","  labs("
"0","    title = ""Biologisches Profil der Düngungsverfahren"","
"0","    subtitle = ""Robuste PCA der Digit Soil Sensordaten"","
"0","    x = paste0(""PC1 ("", var_pc1, ""%) - Index der biol. Gesamtaktivität""),"
"0","    y = paste0(""PC2 ("", var_pc2, ""%) - Enzymatischer Shift""),"
"0","    color = ""Düngung"""
"0","  )"
