id_lysi,date,volume,PN
1,2024-09-10,16.44,2024_PN01
2,2024-09-10,11.31,2024_PN01
3,2024-09-10,17.47,2024_PN01
4,2024-09-10,12.13,2024_PN01
5,2024-09-10,14.51,2024_PN01
6,2024-09-10,12.88,2024_PN01
7,2024-09-10,16.25,2024_PN01
8,2024-09-10,16.85,2024_PN01
9,2024-09-10,16.63,2024_PN01
10,2024-09-10,10.83,2024_PN01
11,2024-09-10,16.58,2024_PN01
12,2024-09-10,15.47,2024_PN01
13,2024-09-10,18.66,2024_PN01
14,2024-09-10,9.6,2024_PN01
15,2024-09-10,15.42,2024_PN01
16,2024-09-10,9.91,2024_PN01
17,2024-09-10,14.41,2024_PN01
18,2024-09-10,12.03,2024_PN01
19,2024-09-10,16.84,2024_PN01
20,2024-09-10,13.3,2024_PN01
21,2024-09-10,14.48,2024_PN01
22,2024-09-10,12.24,2024_PN01
23,2024-09-10,16.8,2024_PN01
24,2024-09-10,12.13,2024_PN01
25,2024-09-10,15.97,2024_PN01
26,2024-09-10,3.51,2024_PN01
27,2024-09-10,14.75,2024_PN01
28,2024-09-10,6.93,2024_PN01
29,2024-09-10,0.86,2024_PN01
30,2024-09-10,16.66,2024_PN01
31,2024-09-10,17.69,2024_PN01
32,2024-09-10,15.12,2024_PN01
1,2024-09-24,7.93,2024_PN02
2,2024-09-24,7.71,2024_PN02
3,2024-09-24,8.66,2024_PN02
4,2024-09-24,8.14,2024_PN02
5,2024-09-24,8.46,2024_PN02
6,2024-09-24,7.4,2024_PN02
7,2024-09-24,8.39,2024_PN02
8,2024-09-24,8.31,2024_PN02
9,2024-09-24,8.6,2024_PN02
10,2024-09-24,8.07,2024_PN02
11,2024-09-24,8.02,2024_PN02
12,2024-09-24,8.29,2024_PN02
13,2024-09-24,9.09,2024_PN02
14,2024-09-24,8.35,2024_PN02
15,2024-09-24,9.27,2024_PN02
16,2024-09-24,10.06,2024_PN02
17,2024-09-24,7.29,2024_PN02
18,2024-09-24,8.32,2024_PN02
19,2024-09-24,8.55,2024_PN02
20,2024-09-24,8.29,2024_PN02
21,2024-09-24,8.74,2024_PN02
22,2024-09-24,6.97,2024_PN02
23,2024-09-24,8.75,2024_PN02
24,2024-09-24,7.81,2024_PN02
25,2024-09-24,8.73,2024_PN02
26,2024-09-24,7.41,2024_PN02
27,2024-09-24,7.31,2024_PN02
28,2024-09-24,7.41,2024_PN02
29,2024-09-24,0.36,2024_PN02
30,2024-09-24,8.44,2024_PN02
31,2024-09-24,8.75,2024_PN02
32,2024-09-24,7.07,2024_PN02
1,2024-10-11,18.58,2024_PN03
2,2024-10-11,18.92,2024_PN03
3,2024-10-11,18.53,2024_PN03
4,2024-10-11,20.37,2024_PN03
5,2024-10-11,16.21,2024_PN03
6,2024-10-11,17.75,2024_PN03
7,2024-10-11,17.58,2024_PN03
8,2024-10-11,20.1,2024_PN03
9,2024-10-11,18.72,2024_PN03
10,2024-10-11,20.06,2024_PN03
11,2024-10-11,16.92,2024_PN03
12,2024-10-11,19.84,2024_PN03
13,2024-10-11,18.14,2024_PN03
14,2024-10-11,19.89,2024_PN03
15,2024-10-11,17.56,2024_PN03
16,2024-10-11,19.89,2024_PN03
17,2024-10-11,16.12,2024_PN03
18,2024-10-11,20.79,2024_PN03
19,2024-10-11,18.12,2024_PN03
20,2024-10-11,19.74,2024_PN03
21,2024-10-11,18.22,2024_PN03
22,2024-10-11,15.71,2024_PN03
23,2024-10-11,18.02,2024_PN03
24,2024-10-11,19.06,2024_PN03
25,2024-10-11,18,2024_PN03
26,2024-10-11,18.22,2024_PN03
27,2024-10-11,15.5,2024_PN03
28,2024-10-11,18.02,2024_PN03
29,2024-10-11,9.16,2024_PN03
30,2024-10-11,20.54,2024_PN03
31,2024-10-11,19.64,2024_PN03
32,2024-10-11,18.25,2024_PN03
1,2024-10-25,9.2,2024_PN04
2,2024-10-25,9.58,2024_PN04
3,2024-10-25,9.4,2024_PN04
4,2024-10-25,9.86,2024_PN04
5,2024-10-25,8.54,2024_PN04
6,2024-10-25,9.47,2024_PN04
7,2024-10-25,9.2,2024_PN04
8,2024-10-25,9.77,2024_PN04
9,2024-10-25,9.68,2024_PN04
10,2024-10-25,10.21,2024_PN04
11,2024-10-25,9.13,2024_PN04
12,2024-10-25,10.05,2024_PN04
13,2024-10-25,9.23,2024_PN04
14,2024-10-25,10.08,2024_PN04
15,2024-10-25,9.34,2024_PN04
16,2024-10-25,9.68,2024_PN04
17,2024-10-25,9.22,2024_PN04
18,2024-10-25,9.94,2024_PN04
19,2024-10-25,9.43,2024_PN04
20,2024-10-25,8.93,2024_PN04
21,2024-10-25,9.11,2024_PN04
22,2024-10-25,9.78,2024_PN04
23,2024-10-25,9.36,2024_PN04
24,2024-10-25,9.57,2024_PN04
25,2024-10-25,8.82,2024_PN04
26,2024-10-25,9.9,2024_PN04
27,2024-10-25,8.89,2024_PN04
28,2024-10-25,9.27,2024_PN04
29,2024-10-25,5.18,2024_PN04
30,2024-10-25,9.96,2024_PN04
31,2024-10-25,10.02,2024_PN04
32,2024-10-25,8.3,2024_PN04
1,2024-11-05,2.03,2024_PN05
2,2024-11-05,1.77,2024_PN05
3,2024-11-05,1.86,2024_PN05
4,2024-11-05,1.5,2024_PN05
5,2024-11-05,2.38,2024_PN05
6,2024-11-05,1.77,2024_PN05
7,2024-11-05,1.7,2024_PN05
8,2024-11-05,1.61,2024_PN05
9,2024-11-05,2.39,2024_PN05
10,2024-11-05,1.71,2024_PN05
11,2024-11-05,2.25,2024_PN05
12,2024-11-05,1.78,2024_PN05
13,2024-11-05,2.22,2024_PN05
14,2024-11-05,1.61,2024_PN05
15,2024-11-05,2.17,2024_PN05
16,2024-11-05,1.69,2024_PN05
17,2024-11-05,2.38,2024_PN05
18,2024-11-05,NA,2024_PN05
19,2024-11-05,2.19,2024_PN05
20,2024-11-05,1.61,2024_PN05
21,2024-11-05,2,2024_PN05
22,2024-11-05,1.52,2024_PN05
23,2024-11-05,2.07,2024_PN05
24,2024-11-05,1.75,2024_PN05
25,2024-11-05,2.16,2024_PN05
26,2024-11-05,1.29,2024_PN05
27,2024-11-05,1.94,2024_PN05
28,2024-11-05,1.46,2024_PN05
29,2024-11-05,0.9,2024_PN05
30,2024-11-05,1.7,2024_PN05
31,2024-11-05,1.69,2024_PN05
32,2024-11-05,1.4,2024_PN05
1,2024-11-20,1.2,2024_PN06
2,2024-11-20,0.65,2024_PN06
3,2024-11-20,0.18,2024_PN06
4,2024-11-20,0.35,2024_PN06
5,2024-11-20,1.13,2024_PN06
6,2024-11-20,0.56,2024_PN06
7,2024-11-20,0.42,2024_PN06
8,2024-11-20,0.27,2024_PN06
9,2024-11-20,1.4,2024_PN06
10,2024-11-20,0.47,2024_PN06
11,2024-11-20,1.33,2024_PN06
12,2024-11-20,0.61,2024_PN06
13,2024-11-20,1.13,2024_PN06
14,2024-11-20,0.47,2024_PN06
15,2024-11-20,1.1,2024_PN06
16,2024-11-20,0.54,2024_PN06
17,2024-11-20,1.15,2024_PN06
18,2024-11-20,2.53,2024_PN06
19,2024-11-20,1.2,2024_PN06
20,2024-11-20,0.5,2024_PN06
21,2024-11-20,1.09,2024_PN06
22,2024-11-20,0.51,2024_PN06
23,2024-11-20,1.04,2024_PN06
24,2024-11-20,0.64,2024_PN06
25,2024-11-20,0.99,2024_PN06
26,2024-11-20,0.48,2024_PN06
27,2024-11-20,0.92,2024_PN06
28,2024-11-20,0.7,2024_PN06
29,2024-11-20,0.68,2024_PN06
30,2024-11-20,0.78,2024_PN06
31,2024-11-20,1.74,2024_PN06
32,2024-11-20,0.43,2024_PN06
1,2024-12-04,12.61,2024_PN07
2,2024-12-04,14.36,2024_PN07
3,2024-12-04,11.465,2024_PN07
4,2024-12-04,15.33,2024_PN07
5,2024-12-04,14.31,2024_PN07
6,2024-12-04,16.035,2024_PN07
7,2024-12-04,12.86,2024_PN07
8,2024-12-04,14.835,2024_PN07
9,2024-12-04,16.125,2024_PN07
10,2024-12-04,16.495,2024_PN07
11,2024-12-04,15.62,2024_PN07
12,2024-12-04,17.04,2024_PN07
13,2024-12-04,15.14,2024_PN07
14,2024-12-04,16.36,2024_PN07
15,2024-12-04,15.14,2024_PN07
16,2024-12-04,16.095,2024_PN07
17,2024-12-04,15.3,2024_PN07
18,2024-12-04,17.375,2024_PN07
19,2024-12-04,15.71,2024_PN07
20,2024-12-04,16.88,2024_PN07
21,2024-12-04,15.605,2024_PN07
22,2024-12-04,15.73,2024_PN07
23,2024-12-04,15.15,2024_PN07
24,2024-12-04,15.075,2024_PN07
25,2024-12-04,14.065,2024_PN07
26,2024-12-04,15.01,2024_PN07
27,2024-12-04,13.41,2024_PN07
28,2024-12-04,14.9,2024_PN07
29,2024-12-04,13.815,2024_PN07
30,2024-12-04,14.63,2024_PN07
31,2024-12-04,14.17,2024_PN07
32,2024-12-04,13.99,2024_PN07
1,2024-12-16,9.37,2024_PN08
2,2024-12-16,9.3,2024_PN08
3,2024-12-16,9.03,2024_PN08
4,2024-12-16,10.55,2024_PN08
5,2024-12-16,10.98,2024_PN08
6,2024-12-16,11.19,2024_PN08
7,2024-12-16,9.35,2024_PN08
8,2024-12-16,9.88,2024_PN08
9,2024-12-16,12.08,2024_PN08
10,2024-12-16,11.71,2024_PN08
11,2024-12-16,12.42,2024_PN08
12,2024-12-16,12.19,2024_PN08
13,2024-12-16,10.64,2024_PN08
14,2024-12-16,11.72,2024_PN08
15,2024-12-16,11.45,2024_PN08
16,2024-12-16,11.5,2024_PN08
17,2024-12-16,11.5,2024_PN08
18,2024-12-16,13.1,2024_PN08
19,2024-12-16,12.11,2024_PN08
20,2024-12-16,12.63,2024_PN08
21,2024-12-16,13,2024_PN08
22,2024-12-16,10.88,2024_PN08
23,2024-12-16,11.22,2024_PN08
24,2024-12-16,10.89,2024_PN08
25,2024-12-16,11.14,2024_PN08
26,2024-12-16,10.62,2024_PN08
27,2024-12-16,10.88,2024_PN08
28,2024-12-16,10.53,2024_PN08
29,2024-12-16,10.55,2024_PN08
30,2024-12-16,10.21,2024_PN08
31,2024-12-16,12.78,2024_PN08
32,2024-12-16,11.35,2024_PN08
1,2024-12-31,8.62,2024_PN09
2,2024-12-31,9.09,2024_PN09
3,2024-12-31,7.88,2024_PN09
4,2024-12-31,10.18,2024_PN09
5,2024-12-31,11.03,2024_PN09
6,2024-12-31,10.88,2024_PN09
7,2024-12-31,9.88,2024_PN09
8,2024-12-31,10.75,2024_PN09
9,2024-12-31,11.7,2024_PN09
10,2024-12-31,11.45,2024_PN09
11,2024-12-31,13.59,2024_PN09
12,2024-12-31,11.51,2024_PN09
13,2024-12-31,11.27,2024_PN09
14,2024-12-31,13.29,2024_PN09
15,2024-12-31,13.64,2024_PN09
16,2024-12-31,12.05,2024_PN09
17,2024-12-31,13.17,2024_PN09
18,2024-12-31,13.43,2024_PN09
19,2024-12-31,11.17,2024_PN09
20,2024-12-31,12.01,2024_PN09
21,2024-12-31,12.67,2024_PN09
22,2024-12-31,10.47,2024_PN09
23,2024-12-31,11.17,2024_PN09
24,2024-12-31,10.5,2024_PN09
25,2024-12-31,10.58,2024_PN09
26,2024-12-31,10.06,2024_PN09
27,2024-12-31,10.41,2024_PN09
28,2024-12-31,10.46,2024_PN09
29,2024-12-31,10.48,2024_PN09
30,2024-12-31,10.93,2024_PN09
31,2024-12-31,12.36,2024_PN09
32,2024-12-31,10.84,2024_PN09
1,2025-01-07,16.1,2025_PN00
2,2025-01-07,19.01,2025_PN00
3,2025-01-07,14.93,2025_PN00
4,2025-01-07,22.12,2025_PN00
5,2025-01-07,18.53,2025_PN00
6,2025-01-07,17.45,2025_PN00
7,2025-01-07,12.58,2025_PN00
8,2025-01-07,14.02,2025_PN00
9,2025-01-07,15.77,2025_PN00
10,2025-01-07,15.23,2025_PN00
11,2025-01-07,19.73,2025_PN00
12,2025-01-07,20.21,2025_PN00
13,2025-01-07,18.7,2025_PN00
14,2025-01-07,22.6,2025_PN00
15,2025-01-07,22.16,2025_PN00
16,2025-01-07,19.61,2025_PN00
17,2025-01-07,17.87,2025_PN00
18,2025-01-07,17.52,2025_PN00
19,2025-01-07,16.32,2025_PN00
20,2025-01-07,15.27,2025_PN00
21,2025-01-07,22.58,2025_PN00
22,2025-01-07,17.55,2025_PN00
23,2025-01-07,19.49,2025_PN00
24,2025-01-07,19.05,2025_PN00
25,2025-01-07,17.77,2025_PN00
26,2025-01-07,17.41,2025_PN00
27,2025-01-07,16.37,2025_PN00
28,2025-01-07,16.37,2025_PN00
29,2025-01-07,18.81,2025_PN00
30,2025-01-07,17.68,2025_PN00
31,2025-01-07,20.52,2025_PN00
32,2025-01-07,19.26,2025_PN00
1,2025-01-14,5.03,2025_PN01
2,2025-01-14,8.08,2025_PN01
3,2025-01-14,4.84,2025_PN01
4,2025-01-14,6.3,2025_PN01
5,2025-01-14,6.28,2025_PN01
6,2025-01-14,6.6,2025_PN01
7,2025-01-14,4.61,2025_PN01
8,2025-01-14,6.03,2025_PN01
9,2025-01-14,6.02,2025_PN01
10,2025-01-14,6.46,2025_PN01
11,2025-01-14,6.42,2025_PN01
12,2025-01-14,5.98,2025_PN01
13,2025-01-14,6.32,2025_PN01
14,2025-01-14,6.56,2025_PN01
15,2025-01-14,6.07,2025_PN01
16,2025-01-14,6.75,2025_PN01
17,2025-01-14,6.81,2025_PN01
18,2025-01-14,7.83,2025_PN01
19,2025-01-14,6.78,2025_PN01
20,2025-01-14,7.41,2025_PN01
21,2025-01-14,6.35,2025_PN01
22,2025-01-14,6.45,2025_PN01
23,2025-01-14,6.5,2025_PN01
24,2025-01-14,6.42,2025_PN01
25,2025-01-14,6.5,2025_PN01
26,2025-01-14,6.67,2025_PN01
27,2025-01-14,6.22,2025_PN01
28,2025-01-14,6.05,2025_PN01
29,2025-01-14,5.78,2025_PN01
30,2025-01-14,5.8,2025_PN01
31,2025-01-14,6.24,2025_PN01
32,2025-01-14,5.64,2025_PN01
1,2025-01-28,10.98,2025_PN02
2,2025-01-28,10.67,2025_PN02
3,2025-01-28,9.12,2025_PN02
4,2025-01-28,11.1,2025_PN02
5,2025-01-28,12.22,2025_PN02
6,2025-01-28,10.78,2025_PN02
7,2025-01-28,9.38,2025_PN02
8,2025-01-28,10.46,2025_PN02
9,2025-01-28,11.87,2025_PN02
10,2025-01-28,11.03,2025_PN02
11,2025-01-28,10.95,2025_PN02
12,2025-01-28,10.92,2025_PN02
13,2025-01-28,11.86,2025_PN02
14,2025-01-28,11.36,2025_PN02
15,2025-01-28,10.93,2025_PN02
16,2025-01-28,11.34,2025_PN02
17,2025-01-28,11.18,2025_PN02
18,2025-01-28,12.37,2025_PN02
19,2025-01-28,12.07,2025_PN02
20,2025-01-28,12.08,2025_PN02
21,2025-01-28,12.01,2025_PN02
22,2025-01-28,10.68,2025_PN02
23,2025-01-28,11.84,2025_PN02
24,2025-01-28,11.24,2025_PN02
25,2025-01-28,11.55,2025_PN02
26,2025-01-28,10.73,2025_PN02
27,2025-01-28,10.63,2025_PN02
28,2025-01-28,10.85,2025_PN02
29,2025-01-28,11.32,2025_PN02
30,2025-01-28,11.21,2025_PN02
31,2025-01-28,12.38,2025_PN02
32,2025-01-28,10.89,2025_PN02
1,2025-02-11,2.92,2025_PN03
2,2025-02-11,4.57,2025_PN03
3,2025-02-11,1.54,2025_PN03
4,2025-02-11,4.26,2025_PN03
5,2025-02-11,3.86,2025_PN03
6,2025-02-11,4.05,2025_PN03
7,2025-02-11,1.42,2025_PN03
8,2025-02-11,4.69,2025_PN03
9,2025-02-11,4.05,2025_PN03
10,2025-02-11,5,2025_PN03
11,2025-02-11,3.97,2025_PN03
12,2025-02-11,4.89,2025_PN03
13,2025-02-11,4.08,2025_PN03
14,2025-02-11,4.75,2025_PN03
15,2025-02-11,4.1,2025_PN03
16,2025-02-11,4.63,2025_PN03
17,2025-02-11,4.35,2025_PN03
18,2025-02-11,3.91,2025_PN03
19,2025-02-11,3.98,2025_PN03
20,2025-02-11,5.11,2025_PN03
21,2025-02-11,3.98,2025_PN03
22,2025-02-11,4.22,2025_PN03
23,2025-02-11,4.13,2025_PN03
24,2025-02-11,4.82,2025_PN03
25,2025-02-11,4.28,2025_PN03
26,2025-02-11,4.77,2025_PN03
27,2025-02-11,4.07,2025_PN03
28,2025-02-11,4.56,2025_PN03
29,2025-02-11,3.38,2025_PN03
30,2025-02-11,4.25,2025_PN03
31,2025-02-11,3.36,2025_PN03
32,2025-02-11,3.55,2025_PN03
1,2025-02-25,5.56,2025_PN04
2,2025-02-25,5.91,2025_PN04
3,2025-02-25,3.31,2025_PN04
4,2025-02-25,5.94,2025_PN04
5,2025-02-25,5.7,2025_PN04
6,2025-02-25,5.31,2025_PN04
7,2025-02-25,3.02,2025_PN04
8,2025-02-25,5.66,2025_PN04
9,2025-02-25,5.99,2025_PN04
10,2025-02-25,6.02,2025_PN04
11,2025-02-25,5.38,2025_PN04
12,2025-02-25,6.02,2025_PN04
13,2025-02-25,5.87,2025_PN04
14,2025-02-25,5.97,2025_PN04
15,2025-02-25,5.93,2025_PN04
16,2025-02-25,5.97,2025_PN04
17,2025-02-25,5.53,2025_PN04
18,2025-02-25,6.14,2025_PN04
19,2025-02-25,5.93,2025_PN04
20,2025-02-25,6.12,2025_PN04
21,2025-02-25,6.05,2025_PN04
22,2025-02-25,5.41,2025_PN04
23,2025-02-25,6.01,2025_PN04
24,2025-02-25,5.98,2025_PN04
25,2025-02-25,5.87,2025_PN04
26,2025-02-25,5.94,2025_PN04
27,2025-02-25,5.17,2025_PN04
28,2025-02-25,5.88,2025_PN04
29,2025-02-25,5.56,2025_PN04
30,2025-02-25,5.93,2025_PN04
31,2025-02-25,5.99,2025_PN04
32,2025-02-25,5.46,2025_PN04
1,2025-03-11,1.14,2025_PN05
2,2025-03-11,0.87,2025_PN05
3,2025-03-11,0,2025_PN05
4,2025-03-11,0.72,2025_PN05
5,2025-03-11,1.27,2025_PN05
6,2025-03-11,0.81,2025_PN05
7,2025-03-11,0,2025_PN05
8,2025-03-11,0.67,2025_PN05
9,2025-03-11,1.42,2025_PN05
10,2025-03-11,0.93,2025_PN05
11,2025-03-11,1.39,2025_PN05
12,2025-03-11,0.91,2025_PN05
13,2025-03-11,1.33,2025_PN05
14,2025-03-11,0.85,2025_PN05
15,2025-03-11,1.31,2025_PN05
16,2025-03-11,0.88,2025_PN05
17,2025-03-11,1.39,2025_PN05
18,2025-03-11,0.87,2025_PN05
19,2025-03-11,1.29,2025_PN05
20,2025-03-11,0.84,2025_PN05
21,2025-03-11,1.32,2025_PN05
22,2025-03-11,0.8,2025_PN05
23,2025-03-11,1.32,2025_PN05
24,2025-03-11,1.02,2025_PN05
25,2025-03-11,1.3,2025_PN05
26,2025-03-11,0.73,2025_PN05
27,2025-03-11,1.27,2025_PN05
28,2025-03-11,0.88,2025_PN05
29,2025-03-11,1.15,2025_PN05
30,2025-03-11,1.03,2025_PN05
31,2025-03-11,1.19,2025_PN05
32,2025-03-11,0.73,2025_PN05
1,2025-03-25,0.82,2025_PN06
2,2025-03-25,0.0600000000000001,2025_PN06
3,2025-03-25,0.01,2025_PN06
4,2025-03-25,0.23,2025_PN06
5,2025-03-25,0.82,2025_PN06
6,2025-03-25,0.19,2025_PN06
7,2025-03-25,0.01,2025_PN06
8,2025-03-25,0.3,2025_PN06
9,2025-03-25,1.01,2025_PN06
10,2025-03-25,0.0600000000000001,2025_PN06
11,2025-03-25,1,2025_PN06
12,2025-03-25,0.63,2025_PN06
13,2025-03-25,0.78,2025_PN06
14,2025-03-25,0.37,2025_PN06
15,2025-03-25,0.76,2025_PN06
16,2025-03-25,0.38,2025_PN06
17,2025-03-25,0.9,2025_PN06
18,2025-03-25,0.13,2025_PN06
19,2025-03-25,0.78,2025_PN06
20,2025-03-25,0.0700000000000001,2025_PN06
21,2025-03-25,0.93,2025_PN06
22,2025-03-25,0.15,2025_PN06
23,2025-03-25,0.87,2025_PN06
24,2025-03-25,0.47,2025_PN06
25,2025-03-25,0.77,2025_PN06
26,2025-03-25,0.03,2025_PN06
27,2025-03-25,0.91,2025_PN06
28,2025-03-25,0.85,2025_PN06
29,2025-03-25,0.85,2025_PN06
30,2025-03-25,0.96,2025_PN06
31,2025-03-25,0.74,2025_PN06
32,2025-03-25,0.0600000000000001,2025_PN06
1,2025-04-08,1,2025_PN07
2,2025-04-08,0.05,2025_PN07
3,2025-04-08,0,2025_PN07
4,2025-04-08,0.26,2025_PN07
5,2025-04-08,0.15,2025_PN07
6,2025-04-08,0.05,2025_PN07
7,2025-04-08,0,2025_PN07
8,2025-04-08,0.38,2025_PN07
9,2025-04-08,0.65,2025_PN07
10,2025-04-08,0.33,2025_PN07
11,2025-04-08,0.46,2025_PN07
12,2025-04-08,0.85,2025_PN07
13,2025-04-08,0.19,2025_PN07
14,2025-04-08,0.5,2025_PN07
15,2025-04-08,0.13,2025_PN07
16,2025-04-08,0.37,2025_PN07
17,2025-04-08,0.31,2025_PN07
18,2025-04-08,0.23,2025_PN07
19,2025-04-08,0.17,2025_PN07
20,2025-04-08,0.02,2025_PN07
21,2025-04-08,0.34,2025_PN07
22,2025-04-08,0.0900000000000001,2025_PN07
23,2025-04-08,NA,2025_PN07
24,2025-04-08,0.78,2025_PN07
25,2025-04-08,0.23,2025_PN07
26,2025-04-08,0,2025_PN07
27,2025-04-08,NA,2025_PN07
28,2025-04-08,1.45,2025_PN07
29,2025-04-08,0.71,2025_PN07
30,2025-04-08,NA,2025_PN07
31,2025-04-08,NA,2025_PN07
32,2025-04-08,0.01,2025_PN07
1,2025-04-22,0,2025_PN08
2,2025-04-22,0,2025_PN08
3,2025-04-22,0,2025_PN08
4,2025-04-22,0,2025_PN08
5,2025-04-22,0,2025_PN08
6,2025-04-22,0,2025_PN08
7,2025-04-22,0.01,2025_PN08
8,2025-04-22,0,2025_PN08
9,2025-04-22,0,2025_PN08
10,2025-04-22,0,2025_PN08
11,2025-04-22,0.01,2025_PN08
12,2025-04-22,0,2025_PN08
13,2025-04-22,0,2025_PN08
14,2025-04-22,0,2025_PN08
15,2025-04-22,0,2025_PN08
16,2025-04-22,0,2025_PN08
17,2025-04-22,0,2025_PN08
18,2025-04-22,0.01,2025_PN08
19,2025-04-22,0,2025_PN08
20,2025-04-22,0.02,2025_PN08
21,2025-04-22,0,2025_PN08
22,2025-04-22,0.01,2025_PN08
23,2025-04-22,0.01,2025_PN08
24,2025-04-22,0,2025_PN08
25,2025-04-22,0,2025_PN08
26,2025-04-22,0,2025_PN08
27,2025-04-22,0.01,2025_PN08
28,2025-04-22,0,2025_PN08
29,2025-04-22,0.01,2025_PN08
30,2025-04-22,0.02,2025_PN08
31,2025-04-22,0,2025_PN08
32,2025-04-22,0,2025_PN08
1,2025-05-06,NA,2025_PN09
2,2025-05-06,NA,2025_PN09
3,2025-05-06,NA,2025_PN09
4,2025-05-06,NA,2025_PN09
5,2025-05-06,NA,2025_PN09
6,2025-05-06,NA,2025_PN09
7,2025-05-06,NA,2025_PN09
8,2025-05-06,NA,2025_PN09
9,2025-05-06,NA,2025_PN09
10,2025-05-06,NA,2025_PN09
11,2025-05-06,NA,2025_PN09
12,2025-05-06,NA,2025_PN09
13,2025-05-06,NA,2025_PN09
14,2025-05-06,NA,2025_PN09
15,2025-05-06,NA,2025_PN09
16,2025-05-06,NA,2025_PN09
17,2025-05-06,NA,2025_PN09
18,2025-05-06,NA,2025_PN09
19,2025-05-06,NA,2025_PN09
20,2025-05-06,NA,2025_PN09
21,2025-05-06,NA,2025_PN09
22,2025-05-06,NA,2025_PN09
23,2025-05-06,NA,2025_PN09
24,2025-05-06,NA,2025_PN09
25,2025-05-06,NA,2025_PN09
26,2025-05-06,NA,2025_PN09
27,2025-05-06,NA,2025_PN09
28,2025-05-06,NA,2025_PN09
29,2025-05-06,NA,2025_PN09
30,2025-05-06,NA,2025_PN09
31,2025-05-06,NA,2025_PN09
32,2025-05-06,NA,2025_PN09
1,2025-05-20,NA,2025_PN10
2,2025-05-20,NA,2025_PN10
3,2025-05-20,NA,2025_PN10
4,2025-05-20,NA,2025_PN10
5,2025-05-20,NA,2025_PN10
6,2025-05-20,NA,2025_PN10
7,2025-05-20,NA,2025_PN10
8,2025-05-20,NA,2025_PN10
9,2025-05-20,NA,2025_PN10
10,2025-05-20,NA,2025_PN10
11,2025-05-20,NA,2025_PN10
12,2025-05-20,NA,2025_PN10
13,2025-05-20,NA,2025_PN10
14,2025-05-20,NA,2025_PN10
15,2025-05-20,NA,2025_PN10
16,2025-05-20,NA,2025_PN10
17,2025-05-20,NA,2025_PN10
18,2025-05-20,NA,2025_PN10
19,2025-05-20,NA,2025_PN10
20,2025-05-20,NA,2025_PN10
21,2025-05-20,NA,2025_PN10
22,2025-05-20,NA,2025_PN10
23,2025-05-20,NA,2025_PN10
24,2025-05-20,NA,2025_PN10
25,2025-05-20,NA,2025_PN10
26,2025-05-20,NA,2025_PN10
27,2025-05-20,NA,2025_PN10
28,2025-05-20,NA,2025_PN10
29,2025-05-20,NA,2025_PN10
30,2025-05-20,NA,2025_PN10
31,2025-05-20,NA,2025_PN10
32,2025-05-20,NA,2025_PN10
1,2025-06-03,NA,2025_PN11
2,2025-06-03,NA,2025_PN11
3,2025-06-03,NA,2025_PN11
4,2025-06-03,NA,2025_PN11
5,2025-06-03,NA,2025_PN11
6,2025-06-03,NA,2025_PN11
7,2025-06-03,NA,2025_PN11
8,2025-06-03,NA,2025_PN11
9,2025-06-03,NA,2025_PN11
10,2025-06-03,NA,2025_PN11
11,2025-06-03,NA,2025_PN11
12,2025-06-03,NA,2025_PN11
13,2025-06-03,NA,2025_PN11
14,2025-06-03,NA,2025_PN11
15,2025-06-03,NA,2025_PN11
16,2025-06-03,NA,2025_PN11
17,2025-06-03,NA,2025_PN11
18,2025-06-03,NA,2025_PN11
19,2025-06-03,NA,2025_PN11
20,2025-06-03,NA,2025_PN11
21,2025-06-03,NA,2025_PN11
22,2025-06-03,NA,2025_PN11
23,2025-06-03,NA,2025_PN11
24,2025-06-03,NA,2025_PN11
25,2025-06-03,NA,2025_PN11
26,2025-06-03,NA,2025_PN11
27,2025-06-03,NA,2025_PN11
28,2025-06-03,NA,2025_PN11
29,2025-06-03,NA,2025_PN11
30,2025-06-03,NA,2025_PN11
31,2025-06-03,NA,2025_PN11
32,2025-06-03,NA,2025_PN11
1,2025-06-17,NA,2025_PN12
2,2025-06-17,NA,2025_PN12
3,2025-06-17,NA,2025_PN12
4,2025-06-17,NA,2025_PN12
5,2025-06-17,NA,2025_PN12
6,2025-06-17,NA,2025_PN12
7,2025-06-17,NA,2025_PN12
8,2025-06-17,NA,2025_PN12
9,2025-06-17,NA,2025_PN12
10,2025-06-17,NA,2025_PN12
11,2025-06-17,NA,2025_PN12
12,2025-06-17,NA,2025_PN12
13,2025-06-17,NA,2025_PN12
14,2025-06-17,NA,2025_PN12
15,2025-06-17,NA,2025_PN12
16,2025-06-17,NA,2025_PN12
17,2025-06-17,NA,2025_PN12
18,2025-06-17,NA,2025_PN12
19,2025-06-17,NA,2025_PN12
20,2025-06-17,NA,2025_PN12
21,2025-06-17,NA,2025_PN12
22,2025-06-17,NA,2025_PN12
23,2025-06-17,NA,2025_PN12
24,2025-06-17,NA,2025_PN12
25,2025-06-17,NA,2025_PN12
26,2025-06-17,NA,2025_PN12
27,2025-06-17,NA,2025_PN12
28,2025-06-17,NA,2025_PN12
29,2025-06-17,NA,2025_PN12
30,2025-06-17,NA,2025_PN12
31,2025-06-17,NA,2025_PN12
32,2025-06-17,NA,2025_PN12
1,2025-07-01,NA,2025_PN13
2,2025-07-01,NA,2025_PN13
3,2025-07-01,NA,2025_PN13
4,2025-07-01,NA,2025_PN13
5,2025-07-01,NA,2025_PN13
6,2025-07-01,NA,2025_PN13
7,2025-07-01,NA,2025_PN13
8,2025-07-01,NA,2025_PN13
9,2025-07-01,NA,2025_PN13
10,2025-07-01,NA,2025_PN13
11,2025-07-01,NA,2025_PN13
12,2025-07-01,NA,2025_PN13
13,2025-07-01,NA,2025_PN13
14,2025-07-01,NA,2025_PN13
15,2025-07-01,NA,2025_PN13
16,2025-07-01,NA,2025_PN13
17,2025-07-01,NA,2025_PN13
18,2025-07-01,NA,2025_PN13
19,2025-07-01,NA,2025_PN13
20,2025-07-01,NA,2025_PN13
21,2025-07-01,NA,2025_PN13
22,2025-07-01,NA,2025_PN13
23,2025-07-01,NA,2025_PN13
24,2025-07-01,NA,2025_PN13
25,2025-07-01,NA,2025_PN13
26,2025-07-01,NA,2025_PN13
27,2025-07-01,NA,2025_PN13
28,2025-07-01,NA,2025_PN13
29,2025-07-01,NA,2025_PN13
30,2025-07-01,NA,2025_PN13
31,2025-07-01,NA,2025_PN13
32,2025-07-01,NA,2025_PN13
1,2025-07-15,NA,2025_PN14
2,2025-07-15,NA,2025_PN14
3,2025-07-15,NA,2025_PN14
4,2025-07-15,NA,2025_PN14
5,2025-07-15,NA,2025_PN14
6,2025-07-15,NA,2025_PN14
7,2025-07-15,NA,2025_PN14
8,2025-07-15,NA,2025_PN14
9,2025-07-15,NA,2025_PN14
10,2025-07-15,NA,2025_PN14
11,2025-07-15,NA,2025_PN14
12,2025-07-15,NA,2025_PN14
13,2025-07-15,NA,2025_PN14
14,2025-07-15,NA,2025_PN14
15,2025-07-15,NA,2025_PN14
16,2025-07-15,NA,2025_PN14
17,2025-07-15,NA,2025_PN14
18,2025-07-15,NA,2025_PN14
19,2025-07-15,NA,2025_PN14
20,2025-07-15,NA,2025_PN14
21,2025-07-15,NA,2025_PN14
22,2025-07-15,NA,2025_PN14
23,2025-07-15,NA,2025_PN14
24,2025-07-15,NA,2025_PN14
25,2025-07-15,NA,2025_PN14
26,2025-07-15,NA,2025_PN14
27,2025-07-15,NA,2025_PN14
28,2025-07-15,NA,2025_PN14
29,2025-07-15,NA,2025_PN14
30,2025-07-15,NA,2025_PN14
31,2025-07-15,NA,2025_PN14
32,2025-07-15,NA,2025_PN14
1,2025-07-29,2.63,2025_PN15
2,2025-07-29,4.19,2025_PN15
3,2025-07-29,3.74,2025_PN15
4,2025-07-29,0.75,2025_PN15
5,2025-07-29,3.15,2025_PN15
6,2025-07-29,1.39,2025_PN15
7,2025-07-29,5.33,2025_PN15
8,2025-07-29,2,2025_PN15
9,2025-07-29,4.35,2025_PN15
10,2025-07-29,1.63,2025_PN15
11,2025-07-29,1.85,2025_PN15
12,2025-07-29,0.71,2025_PN15
13,2025-07-29,2.2,2025_PN15
14,2025-07-29,0.27,2025_PN15
15,2025-07-29,2.39,2025_PN15
16,2025-07-29,NA,2025_PN15
17,2025-07-29,2.69,2025_PN15
18,2025-07-29,7.41,2025_PN15
19,2025-07-29,2.59,2025_PN15
20,2025-07-29,NA,2025_PN15
21,2025-07-29,3.71,2025_PN15
22,2025-07-29,NA,2025_PN15
23,2025-07-29,3.85,2025_PN15
24,2025-07-29,0.56,2025_PN15
25,2025-07-29,2.1,2025_PN15
26,2025-07-29,NA,2025_PN15
27,2025-07-29,4,2025_PN15
28,2025-07-29,NA,2025_PN15
29,2025-07-29,NA,2025_PN15
30,2025-07-29,NA,2025_PN15
31,2025-07-29,1.81,2025_PN15
32,2025-07-29,NA,2025_PN15
1,2025-08-12,3.07,2025_PN16
2,2025-08-12,8.7,2025_PN16
3,2025-08-12,2.4,2025_PN16
4,2025-08-12,9.73,2025_PN16
5,2025-08-12,3.75,2025_PN16
6,2025-08-12,8.78,2025_PN16
7,2025-08-12,3.66,2025_PN16
8,2025-08-12,9.35,2025_PN16
9,2025-08-12,2.92,2025_PN16
10,2025-08-12,8.89,2025_PN16
11,2025-08-12,1.21,2025_PN16
12,2025-08-12,8.55,2025_PN16
13,2025-08-12,2.56,2025_PN16
14,2025-08-12,11.03,2025_PN16
15,2025-08-12,6.16,2025_PN16
16,2025-08-12,3.25,2025_PN16
17,2025-08-12,3.18,2025_PN16
18,2025-08-12,8.22,2025_PN16
19,2025-08-12,2.81,2025_PN16
20,2025-08-12,6.15,2025_PN16
21,2025-08-12,3.29,2025_PN16
22,2025-08-12,7.09,2025_PN16
23,2025-08-12,3.76,2025_PN16
24,2025-08-12,10.53,2025_PN16
25,2025-08-12,2.91,2025_PN16
26,2025-08-12,8.51,2025_PN16
27,2025-08-12,3.57,2025_PN16
28,2025-08-12,7.72,2025_PN16
29,2025-08-12,0.44,2025_PN16
30,2025-08-12,7.19,2025_PN16
31,2025-08-12,4.93,2025_PN16
32,2025-08-12,6.8,2025_PN16
1,2025-08-26,0.48,2025_PN17
2,2025-08-26,3.85,2025_PN17
3,2025-08-26,1.89,2025_PN17
4,2025-08-26,3.81,2025_PN17
5,2025-08-26,1.92,2025_PN17
6,2025-08-26,2.03,2025_PN17
7,2025-08-26,NA,2025_PN17
8,2025-08-26,3.35,2025_PN17
9,2025-08-26,1.94,2025_PN17
10,2025-08-26,3.64,2025_PN17
11,2025-08-26,3.25,2025_PN17
12,2025-08-26,0.13,2025_PN17
13,2025-08-26,1.68,2025_PN17
14,2025-08-26,3.39,2025_PN17
15,2025-08-26,2.58,2025_PN17
16,2025-08-26,3.62,2025_PN17
17,2025-08-26,0.89,2025_PN17
18,2025-08-26,3.62,2025_PN17
19,2025-08-26,1.6,2025_PN17
20,2025-08-26,2.92,2025_PN17
21,2025-08-26,1.77,2025_PN17
22,2025-08-26,1.81,2025_PN17
23,2025-08-26,1.48,2025_PN17
24,2025-08-26,3.53,2025_PN17
25,2025-08-26,1.47,2025_PN17
26,2025-08-26,2.96,2025_PN17
27,2025-08-26,0.19,2025_PN17
28,2025-08-26,2.62,2025_PN17
29,2025-08-26,NA,2025_PN17
30,2025-08-26,3.38,2025_PN17
31,2025-08-26,2.66,2025_PN17
32,2025-08-26,2.4,2025_PN17
1,2025-09-09,4.23,2025_PN18
2,2025-09-09,8.64,2025_PN18
3,2025-09-09,7.96,2025_PN18
4,2025-09-09,9.95,2025_PN18
5,2025-09-09,7.42,2025_PN18
6,2025-09-09,7.15,2025_PN18
7,2025-09-09,7.74,2025_PN18
8,2025-09-09,10.29,2025_PN18
9,2025-09-09,6.9,2025_PN18
10,2025-09-09,9.37,2025_PN18
11,2025-09-09,4.41,2025_PN18
12,2025-09-09,7.31,2025_PN18
13,2025-09-09,6,2025_PN18
14,2025-09-09,9.01,2025_PN18
15,2025-09-09,8.67,2025_PN18
16,2025-09-09,2.61,2025_PN18
17,2025-09-09,6.09,2025_PN18
18,2025-09-09,8.59,2025_PN18
19,2025-09-09,6.1,2025_PN18
20,2025-09-09,7.7,2025_PN18
21,2025-09-09,7.85,2025_PN18
22,2025-09-09,7.1,2025_PN18
23,2025-09-09,7.48,2025_PN18
24,2025-09-09,10.29,2025_PN18
25,2025-09-09,6.74,2025_PN18
26,2025-09-09,9.07,2025_PN18
27,2025-09-09,4.52,2025_PN18
28,2025-09-09,6.99,2025_PN18
29,2025-09-09,6.28,2025_PN18
30,2025-09-09,8.65,2025_PN18
31,2025-09-09,7.55,2025_PN18
32,2025-09-09,7.47,2025_PN18
1,2025-09-23,NA,2025_PN19
2,2025-09-23,NA,2025_PN19
3,2025-09-23,0.24,2025_PN19
4,2025-09-23,0.9,2025_PN19
5,2025-09-23,0.33,2025_PN19
6,2025-09-23,0.0700000000000001,2025_PN19
7,2025-09-23,0.28,2025_PN19
8,2025-09-23,1.14,2025_PN19
9,2025-09-23,0.23,2025_PN19
10,2025-09-23,NA,2025_PN19
11,2025-09-23,0.21,2025_PN19
12,2025-09-23,NA,2025_PN19
13,2025-09-23,0.22,2025_PN19
14,2025-09-23,0.26,2025_PN19
15,2025-09-23,0.41,2025_PN19
16,2025-09-23,2.22,2025_PN19
17,2025-09-23,0.27,2025_PN19
18,2025-09-23,0.0899999999999999,2025_PN19
19,2025-09-23,0.28,2025_PN19
20,2025-09-23,NA,2025_PN19
21,2025-09-23,0.34,2025_PN19
22,2025-09-23,0.05,2025_PN19
23,2025-09-23,0.38,2025_PN19
24,2025-09-23,1.22,2025_PN19
25,2025-09-23,0.32,2025_PN19
26,2025-09-23,0.32,2025_PN19
27,2025-09-23,0.14,2025_PN19
28,2025-09-23,NA,2025_PN19
29,2025-09-23,0.12,2025_PN19
30,2025-09-23,0.2,2025_PN19
31,2025-09-23,0.15,2025_PN19
32,2025-09-23,NA,2025_PN19
1,2025-10-07,NA,2025_PN20
2,2025-10-07,NA,2025_PN20
3,2025-10-07,NA,2025_PN20
4,2025-10-07,3.62,2025_PN20
5,2025-10-07,NA,2025_PN20
6,2025-10-07,NA,2025_PN20
7,2025-10-07,0.27,2025_PN20
8,2025-10-07,5.96,2025_PN20
9,2025-10-07,NA,2025_PN20
10,2025-10-07,0.89,2025_PN20
11,2025-10-07,NA,2025_PN20
12,2025-10-07,NA,2025_PN20
13,2025-10-07,NA,2025_PN20
14,2025-10-07,NA,2025_PN20
15,2025-10-07,NA,2025_PN20
16,2025-10-07,0.18,2025_PN20
17,2025-10-07,NA,2025_PN20
18,2025-10-07,NA,2025_PN20
19,2025-10-07,NA,2025_PN20
20,2025-10-07,NA,2025_PN20
21,2025-10-07,NA,2025_PN20
22,2025-10-07,NA,2025_PN20
23,2025-10-07,NA,2025_PN20
24,2025-10-07,6.74,2025_PN20
25,2025-10-07,NA,2025_PN20
26,2025-10-07,1.58,2025_PN20
27,2025-10-07,NA,2025_PN20
28,2025-10-07,NA,2025_PN20
29,2025-10-07,NA,2025_PN20
30,2025-10-07,NA,2025_PN20
31,2025-10-07,NA,2025_PN20
32,2025-10-07,NA,2025_PN20
1,2025-10-21,NA,2025_PN21
2,2025-10-21,NA,2025_PN21
3,2025-10-21,NA,2025_PN21
4,2025-10-21,0.13,2025_PN21
5,2025-10-21,NA,2025_PN21
6,2025-10-21,NA,2025_PN21
7,2025-10-21,NA,2025_PN21
8,2025-10-21,NA,2025_PN21
9,2025-10-21,NA,2025_PN21
10,2025-10-21,NA,2025_PN21
11,2025-10-21,NA,2025_PN21
12,2025-10-21,NA,2025_PN21
13,2025-10-21,NA,2025_PN21
14,2025-10-21,NA,2025_PN21
15,2025-10-21,NA,2025_PN21
16,2025-10-21,0.13,2025_PN21
17,2025-10-21,NA,2025_PN21
18,2025-10-21,NA,2025_PN21
19,2025-10-21,NA,2025_PN21
20,2025-10-21,NA,2025_PN21
21,2025-10-21,NA,2025_PN21
22,2025-10-21,NA,2025_PN21
23,2025-10-21,NA,2025_PN21
24,2025-10-21,0.29,2025_PN21
25,2025-10-21,NA,2025_PN21
26,2025-10-21,NA,2025_PN21
27,2025-10-21,NA,2025_PN21
28,2025-10-21,NA,2025_PN21
29,2025-10-21,NA,2025_PN21
30,2025-10-21,NA,2025_PN21
31,2025-10-21,NA,2025_PN21
32,2025-10-21,NA,2025_PN21
1,2025-11-04,3.47,2025_PN22
2,2025-11-04,15.57,2025_PN22
3,2025-11-04,10.11,2025_PN22
4,2025-11-04,17.09,2025_PN22
5,2025-11-04,11.42,2025_PN22
6,2025-11-04,10.34,2025_PN22
7,2025-11-04,8.86,2025_PN22
8,2025-11-04,17.16,2025_PN22
9,2025-11-04,7.73,2025_PN22
10,2025-11-04,17.53,2025_PN22
11,2025-11-04,6.01,2025_PN22
12,2025-11-04,12.74,2025_PN22
13,2025-11-04,8.76,2025_PN22
14,2025-11-04,16,2025_PN22
15,2025-11-04,12.96,2025_PN22
16,2025-11-04,12,2025_PN22
17,2025-11-04,6.84,2025_PN22
18,2025-11-04,17.16,2025_PN22
19,2025-11-04,7.13,2025_PN22
20,2025-11-04,11.27,2025_PN22
21,2025-11-04,9.56,2025_PN22
22,2025-11-04,13.42,2025_PN22
23,2025-11-04,11.62,2025_PN22
24,2025-11-04,19.35,2025_PN22
25,2025-11-04,7.9,2025_PN22
26,2025-11-04,18.01,2025_PN22
27,2025-11-04,5.15,2025_PN22
28,2025-11-04,12.71,2025_PN22
29,2025-11-04,9.5,2025_PN22
30,2025-11-04,15.09,2025_PN22
31,2025-11-04,13.38,2025_PN22
32,2025-11-04,12.23,2025_PN22
1,2025-11-18,0.19,2025_PN23
2,2025-11-18,1.23,2025_PN23
3,2025-11-18,0.97,2025_PN23
4,2025-11-18,1.23,2025_PN23
5,2025-11-18,1.32,2025_PN23
6,2025-11-18,0.94,2025_PN23
7,2025-11-18,0.19,2025_PN23
8,2025-11-18,0.66,2025_PN23
9,2025-11-18,1,2025_PN23
10,2025-11-18,1.35,2025_PN23
11,2025-11-18,0.72,2025_PN23
12,2025-11-18,0.99,2025_PN23
13,2025-11-18,1.14,2025_PN23
14,2025-11-18,1.17,2025_PN23
15,2025-11-18,1.3,2025_PN23
16,2025-11-18,4.2,2025_PN23
17,2025-11-18,1,2025_PN23
18,2025-11-18,1.28,2025_PN23
19,2025-11-18,0.78,2025_PN23
20,2025-11-18,1.02,2025_PN23
21,2025-11-18,1.02,2025_PN23
22,2025-11-18,1.08,2025_PN23
23,2025-11-18,1.2,2025_PN23
24,2025-11-18,1.64,2025_PN23
25,2025-11-18,2.16,2025_PN23
26,2025-11-18,1.36,2025_PN23
27,2025-11-18,0.73,2025_PN23
28,2025-11-18,0.84,2025_PN23
29,2025-11-18,0.34,2025_PN23
30,2025-11-18,1.07,2025_PN23
31,2025-11-18,1,2025_PN23
32,2025-11-18,0.54,2025_PN23
1,2025-12-02,9.96,2025_PN24
2,2025-12-02,14.15,2025_PN24
3,2025-12-02,9.19,2025_PN24
4,2025-12-02,15.38,2025_PN24
5,2025-12-02,12.77,2025_PN24
6,2025-12-02,13.33,2025_PN24
7,2025-12-02,8.62,2025_PN24
8,2025-12-02,14.01,2025_PN24
9,2025-12-02,13.5,2025_PN24
10,2025-12-02,14.87,2025_PN24
11,2025-12-02,12.22,2025_PN24
12,2025-12-02,14.3,2025_PN24
13,2025-12-02,13.24,2025_PN24
14,2025-12-02,15.83,2025_PN24
15,2025-12-02,13.42,2025_PN24
16,2025-12-02,1.48,2025_PN24
17,2025-12-02,13.49,2025_PN24
18,2025-12-02,14.85,2025_PN24
19,2025-12-02,14.23,2025_PN24
20,2025-12-02,14.9,2025_PN24
21,2025-12-02,13.36,2025_PN24
22,2025-12-02,13.53,2025_PN24
23,2025-12-02,13.02,2025_PN24
24,2025-12-02,14.64,2025_PN24
25,2025-12-02,14.58,2025_PN24
26,2025-12-02,14.67,2025_PN24
27,2025-12-02,11.93,2025_PN24
28,2025-12-02,13.79,2025_PN24
29,2025-12-02,12.41,2025_PN24
30,2025-12-02,15.43,2025_PN24
31,2025-12-02,13.45,2025_PN24
32,2025-12-02,12.98,2025_PN24
1,2025-12-08,3.24,2025_PN25
2,2025-12-08,4.68,2025_PN25
3,2025-12-08,2.97,2025_PN25
4,2025-12-08,4.86,2025_PN25
5,2025-12-08,5.11,2025_PN25
6,2025-12-08,5.28,2025_PN25
7,2025-12-08,3.07,2025_PN25
8,2025-12-08,5.29,2025_PN25
9,2025-12-08,5.15,2025_PN25
10,2025-12-08,5.62,2025_PN25
11,2025-12-08,5.21,2025_PN25
12,2025-12-08,4.9,2025_PN25
13,2025-12-08,5.36,2025_PN25
14,2025-12-08,5.56,2025_PN25
15,2025-12-08,5.55,2025_PN25
16,2025-12-08,2.72,2025_PN25
17,2025-12-08,4.79,2025_PN25
18,2025-12-08,5.44,2025_PN25
19,2025-12-08,5.16,2025_PN25
20,2025-12-08,4.88,2025_PN25
21,2025-12-08,5.54,2025_PN25
22,2025-12-08,5.18,2025_PN25
23,2025-12-08,5.11,2025_PN25
24,2025-12-08,5.68,2025_PN25
25,2025-12-08,5.15,2025_PN25
26,2025-12-08,5.32,2025_PN25
27,2025-12-08,4.97,2025_PN25
28,2025-12-08,4.84,2025_PN25
29,2025-12-08,4.78,2025_PN25
30,2025-12-08,5.44,2025_PN25
31,2025-12-08,5.82,2025_PN25
32,2025-12-08,5.8,2025_PN25
1,2025-12-16,2.93,2025_PN26
2,2025-12-16,3.84,2025_PN26
3,2025-12-16,1.63,2025_PN26
4,2025-12-16,4.04,2025_PN26
5,2025-12-16,4.11,2025_PN26
6,2025-12-16,3.54,2025_PN26
7,2025-12-16,1.84,2025_PN26
8,2025-12-16,3.83,2025_PN26
9,2025-12-16,3.93,2025_PN26
10,2025-12-16,3.88,2025_PN26
11,2025-12-16,3.85,2025_PN26
12,2025-12-16,3.98,2025_PN26
13,2025-12-16,3.88,2025_PN26
14,2025-12-16,4.18,2025_PN26
15,2025-12-16,3.861,2025_PN26
16,2025-12-16,22.51,2025_PN26
17,2025-12-16,4.18,2025_PN26
18,2025-12-16,3.27,2025_PN26
19,2025-12-16,4.12,2025_PN26
20,2025-12-16,4.15,2025_PN26
21,2025-12-16,3.96,2025_PN26
22,2025-12-16,3.6,2025_PN26
23,2025-12-16,3.9,2025_PN26
24,2025-12-16,4.79,2025_PN26
25,2025-12-16,4.3,2025_PN26
26,2025-12-16,4.17,2025_PN26
27,2025-12-16,3.79,2025_PN26
28,2025-12-16,3.74,2025_PN26
29,2025-12-16,3.17,2025_PN26
30,2025-12-16,3.93,2025_PN26
31,2025-12-16,3.75,2025_PN26
32,2025-12-16,3.4,2025_PN26
1,2025-12-30,NA,2025_PN27
2,2025-12-30,NA,2025_PN27
3,2025-12-30,NA,2025_PN27
4,2025-12-30,NA,2025_PN27
5,2025-12-30,NA,2025_PN27
6,2025-12-30,NA,2025_PN27
7,2025-12-30,NA,2025_PN27
8,2025-12-30,NA,2025_PN27
9,2025-12-30,NA,2025_PN27
10,2025-12-30,NA,2025_PN27
11,2025-12-30,NA,2025_PN27
12,2025-12-30,NA,2025_PN27
13,2025-12-30,NA,2025_PN27
14,2025-12-30,NA,2025_PN27
15,2025-12-30,NA,2025_PN27
16,2025-12-30,NA,2025_PN27
17,2025-12-30,NA,2025_PN27
18,2025-12-30,NA,2025_PN27
19,2025-12-30,NA,2025_PN27
20,2025-12-30,NA,2025_PN27
21,2025-12-30,NA,2025_PN27
22,2025-12-30,NA,2025_PN27
23,2025-12-30,NA,2025_PN27
24,2025-12-30,NA,2025_PN27
25,2025-12-30,NA,2025_PN27
26,2025-12-30,NA,2025_PN27
27,2025-12-30,NA,2025_PN27
28,2025-12-30,NA,2025_PN27
29,2025-12-30,NA,2025_PN27
30,2025-12-30,NA,2025_PN27
31,2025-12-30,NA,2025_PN27
32,2025-12-30,NA,2025_PN27
