id_lysi,date,NO3_N,NH4_N,SO4_S
1,2025-12-08,0.3,0.12,10.06
2,2025-12-08,0.11,0.69,1.25
3,2025-12-08,52.05,1.12,5.23
4,2025-12-08,6.44,0.15,4.51
5,2025-12-08,2.71,0.25,5.93
6,2025-12-08,0.18,0.25,2.73
7,2025-12-08,1.96,1.47,5.35
8,2025-12-08,0.63,0.43,3
9,2025-12-08,2.82,0.03,9.26
10,2025-12-08,0.37,0.1,4.59
11,2025-12-08,3.51,0.01,8.78
12,2025-12-08,0.22,0,6.84
13,2025-12-08,0.49,0.07,11.82
14,2025-12-08,20.39,0,6.55
15,2025-12-08,1.52,0.03,6.59
16,2025-12-08,10.44,0,5.59
17,2025-12-08,16.98,0.08,8.26
18,2025-12-08,0.39,1.02,2.97
19,2025-12-08,9.4,0.19,0
20,2025-12-08,0.25,0.56,0
21,2025-12-08,2.21,0.22,0
22,2025-12-08,0.09,0.42,0
23,2025-12-08,0.61,0.07,4.79
24,2025-12-08,NA,NA,NA
25,2025-12-08,7.64,0,10.95
26,2025-12-08,0.4,0,5.52
27,2025-12-08,1.87,0,9.36
28,2025-12-08,0.65,0,7.13
29,2025-12-08,0.72,0,13.38
30,2025-12-08,6.01,0,3.62
31,2025-12-08,NA,NA,NA
32,2025-12-08,0.73,0,4.47
1,2025-08-20,NA,NA,NA
2,2025-08-20,NA,NA,NA
3,2025-08-20,NA,NA,NA
4,2025-08-20,NA,NA,NA
5,2025-08-20,NA,NA,NA
6,2025-08-20,NA,NA,NA
7,2025-08-20,NA,NA,NA
8,2025-08-20,NA,NA,NA
9,2025-08-20,118.08,1.67,NA
10,2025-08-20,54.41,2.01,NA
11,2025-08-20,215.55,2.81,NA
12,2025-08-20,161.91,1.04,NA
13,2025-08-20,246.72,2.51,NA
14,2025-08-20,82.2,1.89,NA
15,2025-08-20,88.31,1.03,NA
16,2025-08-20,67.89,0.4,NA
17,2025-08-20,182.27,3.87,NA
18,2025-08-20,47.9,2.97,NA
19,2025-08-20,151.56,0.83,NA
20,2025-08-20,56.85,0.58,NA
21,2025-08-20,285.65,1.87,NA
22,2025-08-20,58.02,0.37,NA
23,2025-08-20,141.11,0.64,NA
24,2025-08-20,69.62,0.59,NA
25,2025-08-20,131.94,0.31,NA
26,2025-08-20,77.17,0.41,NA
27,2025-08-20,165.88,0.76,NA
28,2025-08-20,104.42,0.5,NA
29,2025-08-20,166.18,1.11,NA
30,2025-08-20,75.57,0.41,NA
31,2025-08-20,69.92,0.69,NA
32,2025-08-20,85.98,0.64,NA
1,2025-08-27,NA,NA,NA
2,2025-08-27,NA,NA,NA
3,2025-08-27,NA,NA,NA
4,2025-08-27,NA,NA,NA
5,2025-08-27,NA,NA,NA
6,2025-08-27,NA,NA,NA
7,2025-08-27,NA,NA,NA
8,2025-08-27,NA,NA,NA
9,2025-08-27,137.08,0.12,NA
10,2025-08-27,86.75,0.71,NA
11,2025-08-27,172.01,0.52,NA
12,2025-08-27,108.95,0.85,NA
13,2025-08-27,164.95,1.7,NA
14,2025-08-27,87.24,0.76,NA
15,2025-08-27,108.73,0.6,NA
16,2025-08-27,74.7,0.54,NA
17,2025-08-27,188.56,1.77,NA
18,2025-08-27,63.05,1.21,NA
19,2025-08-27,183.49,0.64,NA
20,2025-08-27,89.05,0.3,NA
21,2025-08-27,158.18,0.23,NA
22,2025-08-27,82.43,0.26,NA
23,2025-08-27,167.84,0.18,NA
24,2025-08-27,NA,NA,NA
25,2025-08-27,158.5,0.06,NA
26,2025-08-27,101.95,0.18,NA
27,2025-08-27,148.61,0.24,NA
28,2025-08-27,123.46,0.36,NA
29,2025-08-27,183.49,0.25,NA
30,2025-08-27,96.94,0.14,NA
31,2025-08-27,102.86,0.04,NA
32,2025-08-27,97.21,0.32,NA
1,2025-09-03,NA,NA,NA
2,2025-09-03,NA,NA,NA
3,2025-09-03,NA,NA,NA
4,2025-09-03,NA,NA,NA
5,2025-09-03,NA,NA,NA
6,2025-09-03,NA,NA,NA
7,2025-09-03,NA,NA,NA
8,2025-09-03,NA,NA,NA
9,2025-09-03,150.81,0.02,NA
10,2025-09-03,100.08,0.63,NA
11,2025-09-03,107.88,1.18,NA
12,2025-09-03,91.82,0.47,NA
13,2025-09-03,145.63,1.72,NA
14,2025-09-03,78.04,0.57,NA
15,2025-09-03,109.5,0.55,NA
16,2025-09-03,61.9,0.24,NA
17,2025-09-03,NA,NA,NA
18,2025-09-03,NA,NA,NA
19,2025-09-03,NA,NA,NA
20,2025-09-03,NA,NA,NA
21,2025-09-03,NA,NA,NA
22,2025-09-03,NA,NA,NA
23,2025-09-03,NA,NA,NA
24,2025-09-03,NA,NA,NA
25,2025-09-03,173.1,0.04,NA
26,2025-09-03,109.94,0.17,NA
27,2025-09-03,175.1,0.25,NA
28,2025-09-03,151.32,0.43,NA
29,2025-09-03,181,0.23,NA
30,2025-09-03,100.08,0.16,NA
31,2025-09-03,112.68,0.11,NA
32,2025-09-03,136.28,0.06,NA
1,2025-09-05,NA,NA,NA
2,2025-09-05,NA,NA,NA
3,2025-09-05,NA,NA,NA
4,2025-09-05,NA,NA,NA
5,2025-09-05,NA,NA,NA
6,2025-09-05,NA,NA,NA
7,2025-09-05,NA,NA,NA
8,2025-09-05,NA,NA,NA
9,2025-09-05,NA,NA,NA
10,2025-09-05,NA,NA,NA
11,2025-09-05,NA,NA,NA
12,2025-09-05,NA,NA,NA
13,2025-09-05,NA,NA,NA
14,2025-09-05,NA,NA,NA
15,2025-09-05,NA,NA,NA
16,2025-09-05,NA,NA,NA
17,2025-09-05,73.99,1.18,NA
18,2025-09-05,68.78,2.07,NA
19,2025-09-05,106.24,0.63,NA
20,2025-09-05,104.28,1.46,NA
21,2025-09-05,93.64,0.31,NA
22,2025-09-05,112.53,0.41,NA
23,2025-09-05,127.72,0.1,NA
24,2025-09-05,NA,NA,NA
25,2025-09-05,NA,NA,NA
26,2025-09-05,NA,NA,NA
27,2025-09-05,NA,NA,NA
28,2025-09-05,NA,NA,NA
29,2025-09-05,NA,NA,NA
30,2025-09-05,NA,NA,NA
31,2025-09-05,NA,NA,NA
32,2025-09-05,NA,NA,NA
1,2025-09-10,NA,NA,NA
2,2025-09-10,NA,NA,NA
3,2025-09-10,NA,NA,NA
4,2025-09-10,NA,NA,NA
5,2025-09-10,NA,NA,NA
6,2025-09-10,NA,NA,NA
7,2025-09-10,NA,NA,NA
8,2025-09-10,NA,NA,NA
9,2025-09-10,45.34,0.04,NA
10,2025-09-10,59.13,0.7,NA
11,2025-09-10,59.88,0.43,NA
12,2025-09-10,13.35,0.5,NA
13,2025-09-10,32.62,2.21,NA
14,2025-09-10,27.2,0.51,NA
15,2025-09-10,40.72,0.63,NA
16,2025-09-10,24.2,0.24,NA
17,2025-09-10,36.84,0.67,NA
18,2025-09-10,71.9,1.88,NA
19,2025-09-10,38.86,0.42,NA
20,2025-09-10,71.04,1.07,NA
21,2025-09-10,56.77,0.36,NA
22,2025-09-10,70.3,0.58,NA
23,2025-09-10,57.64,0.14,NA
24,2025-09-10,241.5,1.7,NA
25,2025-09-10,107.31,0.85,NA
26,2025-09-10,83.27,0.2,NA
27,2025-09-10,113.1,0.59,NA
28,2025-09-10,95.32,0.95,NA
29,2025-09-10,104.6,0.23,NA
30,2025-09-10,70.3,0.22,NA
31,2025-09-10,61.36,0.32,NA
32,2025-09-10,59.75,0.23,NA
1,2025-09-12,NA,NA,NA
2,2025-09-12,NA,NA,NA
3,2025-09-12,NA,NA,NA
4,2025-09-12,NA,NA,NA
5,2025-09-12,NA,NA,NA
6,2025-09-12,NA,NA,NA
7,2025-09-12,NA,NA,NA
8,2025-09-12,NA,NA,NA
9,2025-09-12,3.67,0.03,NA
10,2025-09-12,41,0.35,NA
11,2025-09-12,21.1,0.27,NA
12,2025-09-12,1.02,0.23,NA
13,2025-09-12,5.06,1.36,NA
14,2025-09-12,8.85,0.14,NA
15,2025-09-12,8.23,0.19,NA
16,2025-09-12,8.65,0.12,NA
17,2025-09-12,16.39,0.19,NA
18,2025-09-12,33.55,1.71,NA
19,2025-09-12,7.47,0.19,NA
20,2025-09-12,12.53,0.49,NA
21,2025-09-12,31.56,0.17,NA
22,2025-09-12,80.56,0.36,NA
23,2025-09-12,29.37,0.04,NA
24,2025-09-12,85.29,0.69,NA
25,2025-09-12,53.51,0.04,NA
26,2025-09-12,45.42,0.13,NA
27,2025-09-12,72.72,0.22,NA
28,2025-09-12,54.73,0.43,NA
29,2025-09-12,81.19,0.09,NA
30,2025-09-12,18.91,0.06,NA
31,2025-09-12,20.52,0.09,NA
32,2025-09-12,17.87,0.05,NA
1,2025-09-16,NA,NA,NA
2,2025-09-16,NA,NA,NA
3,2025-09-16,NA,NA,NA
4,2025-09-16,NA,NA,NA
5,2025-09-16,NA,NA,NA
6,2025-09-16,NA,NA,NA
7,2025-09-16,NA,NA,NA
8,2025-09-16,NA,NA,NA
9,2025-09-16,0,0.04,NA
10,2025-09-16,22.63,0.41,NA
11,2025-09-16,11.81,0.69,NA
12,2025-09-16,0.24,0.47,NA
13,2025-09-16,4.84,1.72,NA
14,2025-09-16,1.02,0.14,NA
15,2025-09-16,0.93,0.07,NA
16,2025-09-16,1.48,0.12,NA
17,2025-09-16,6.15,0.51,NA
18,2025-09-16,23.47,2.34,NA
19,2025-09-16,4.1,1.07,NA
20,2025-09-16,3.2,0.56,NA
21,2025-09-16,8.55,0.5,NA
22,2025-09-16,33.27,0.38,NA
23,2025-09-16,8.45,0.16,NA
24,2025-09-16,91.72,0.26,NA
25,2025-09-16,23.37,0.2,NA
26,2025-09-16,57.43,0.11,NA
27,2025-09-16,47.16,1.2,NA
28,2025-09-16,34.36,0.74,NA
29,2025-09-16,57.26,0.24,NA
30,2025-09-16,25.27,0.1,NA
31,2025-09-16,2.03,0.21,NA
32,2025-09-16,3.04,0.16,NA
1,2025-09-25,NA,NA,NA
2,2025-09-25,NA,NA,NA
3,2025-09-25,NA,NA,NA
4,2025-09-25,NA,NA,NA
5,2025-09-25,NA,NA,NA
6,2025-09-25,NA,NA,NA
7,2025-09-25,NA,NA,NA
8,2025-09-25,NA,NA,NA
9,2025-09-25,0,0.03,28.87
10,2025-09-25,2.17,0,7.64
11,2025-09-25,0.48,0.09,33.67
12,2025-09-25,0.17,0,8.77
13,2025-09-25,0.64,0.84,34.7
14,2025-09-25,0.17,0.3,7.47
15,2025-09-25,0,0.02,14.31
16,2025-09-25,0,0.02,4.48
17,2025-09-25,0.38,0.39,29.27
18,2025-09-25,7.75,2.2,23.87
19,2025-09-25,0.12,0.24,12.16
20,2025-09-25,0,0.42,4.62
21,2025-09-25,0.22,0.17,14.92
22,2025-09-25,6.33,0.7,9.69
23,2025-09-25,0.09,0.06,7.68
24,2025-09-25,NA,NA,NA
25,2025-09-25,0,0.04,15.18
26,2025-09-25,9.19,0.12,16.47
27,2025-09-25,1.52,0,27.19
28,2025-09-25,3.85,0.25,21.95
29,2025-09-25,4.25,0.03,17.63
30,2025-09-25,1.23,0.07,4.77
31,2025-09-25,0,0,15.66
32,2025-09-25,0,0.01,21.4
1,2025-09-30,NA,NA,NA
2,2025-09-30,NA,NA,NA
3,2025-09-30,NA,NA,NA
4,2025-09-30,NA,NA,NA
5,2025-09-30,NA,NA,NA
6,2025-09-30,NA,NA,NA
7,2025-09-30,NA,NA,NA
8,2025-09-30,NA,NA,NA
9,2025-09-30,0.03,0.32,16.05
10,2025-09-30,0.26,0.54,6.84
11,2025-09-30,0.2,0.43,20.02
12,2025-09-30,0.09,0.45,6.35
13,2025-09-30,0.32,1.69,19.84
14,2025-09-30,0.06,0.38,5.59
15,2025-09-30,0.27,0.44,9.9
16,2025-09-30,0.12,0.36,5.64
17,2025-09-30,0.24,0.51,14.94
18,2025-09-30,1.55,3.54,12.44
19,2025-09-30,0.17,0.61,7.77
20,2025-09-30,0.21,1.38,4.65
21,2025-09-30,0.22,0.72,9.17
22,2025-09-30,1.14,1.1,6.86
23,2025-09-30,0.13,0.47,6.7
24,2025-09-30,73.22,1.57,14.8
25,2025-09-30,0.07,0.31,14.4
26,2025-09-30,0.47,0.34,9.7
27,2025-09-30,0.16,0.35,16.93
28,2025-09-30,0.11,0.38,12.63
29,2025-09-30,0.38,0.31,12.16
30,2025-09-30,0.15,0.34,8.05
31,2025-09-30,0.08,0.34,18.57
32,2025-09-30,0.06,0.34,11.74
1,2025-10-02,NA,NA,NA
2,2025-10-02,NA,NA,NA
3,2025-10-02,NA,NA,NA
4,2025-10-02,NA,NA,NA
5,2025-10-02,NA,NA,NA
6,2025-10-02,NA,NA,NA
7,2025-10-02,NA,NA,NA
8,2025-10-02,NA,NA,NA
9,2025-10-02,0.1,0.01,16.29
10,2025-10-02,0.11,0.09,5.32
11,2025-10-02,0.28,0.06,21.97
12,2025-10-02,0.4,0.21,6.23
13,2025-10-02,0.35,1.22,18.94
14,2025-10-02,0.23,0.05,4.98
15,2025-10-02,0.51,0.05,9.89
16,2025-10-02,0.3,0.03,4.04
17,2025-10-02,0.14,0.03,9.21
18,2025-10-02,0.36,0.3,17.52
19,2025-10-02,0.35,0.95,8
20,2025-10-02,0.37,2.66,5.15
21,2025-10-02,0.24,1.1,9.47
22,2025-10-02,0.57,1.51,6.54
23,2025-10-02,0.17,0.43,6.57
24,2025-10-02,NA,NA,NA
25,2025-10-02,0.18,0.01,12.59
26,2025-10-02,0.38,0.04,8.95
27,2025-10-02,0.22,0.04,18.85
28,2025-10-02,0.03,0.01,9.94
29,2025-10-02,0.01,0,10.44
30,2025-10-02,0.01,0,5.39
31,2025-10-02,NA,NA,NA
32,2025-10-02,0,0.01,5.94
1,2025-10-06,NA,NA,NA
2,2025-10-06,NA,NA,NA
3,2025-10-06,NA,NA,NA
4,2025-10-06,NA,NA,NA
5,2025-10-06,NA,NA,NA
6,2025-10-06,NA,NA,NA
7,2025-10-06,NA,NA,NA
8,2025-10-06,NA,NA,NA
9,2025-10-06,0.05,0.42,14.11
10,2025-10-06,0.16,0.4,4.9
11,2025-10-06,0.63,0.39,22.03
12,2025-10-06,4.06,0.57,10.16
13,2025-10-06,0.37,1.57,17.61
14,2025-10-06,0.27,0.32,4.53
15,2025-10-06,0.59,0.36,7.66
16,2025-10-06,0.27,0.3,3.13
17,2025-10-06,0.65,0.58,17.03
18,2025-10-06,0.99,5.16,10.48
19,2025-10-06,0.45,1.23,6.94
20,2025-10-06,0.26,2.82,3.79
21,2025-10-06,0.26,1.21,8.06
22,2025-10-06,0.57,1.7,4.92
23,2025-10-06,0.21,0.67,5.58
24,2025-10-06,NA,NA,NA
25,2025-10-06,0.21,0.3,11.64
26,2025-10-06,0.37,0.33,7.78
27,2025-10-06,0.23,0.37,16.19
28,2025-10-06,0.2,0.39,10.67
29,2025-10-06,0.55,0.28,10.37
30,2025-10-06,0.33,0.36,6.6
31,2025-10-06,0.17,0.32,13.07
32,2025-10-06,0.17,0.32,7.18
1,2025-10-08,NA,NA,NA
2,2025-10-08,NA,NA,NA
3,2025-10-08,NA,NA,NA
4,2025-10-08,NA,NA,NA
5,2025-10-08,NA,NA,NA
6,2025-10-08,NA,NA,NA
7,2025-10-08,NA,NA,NA
8,2025-10-08,NA,NA,NA
9,2025-10-08,0.03,0.18,17.32
10,2025-10-08,0.19,0.22,2.23
11,2025-10-08,0.39,0.15,22.9
12,2025-10-08,0.72,0.16,2.1
13,2025-10-08,1.03,0.9,21.74
14,2025-10-08,1.57,0.29,2.23
15,2025-10-08,0.12,0.2,5.99
16,2025-10-08,1.78,0.22,2.51
17,2025-10-08,1.93,0.55,12.98
18,2025-10-08,NA,NA,NA
19,2025-10-08,0.44,0.73,4.51
20,2025-10-08,NA,NA,NA
21,2025-10-08,0.33,1.07,5.94
22,2025-10-08,7.8,2.08,4.06
23,2025-10-08,0.49,0.46,4.23
24,2025-10-08,46.1,2.08,20.97
25,2025-10-08,2.11,0.16,8.91
26,2025-10-08,1.31,0.17,16.32
27,2025-10-08,0.23,0.16,20.42
28,2025-10-08,4.58,0.19,7.33
29,2025-10-08,0.53,0.18,7.65
30,2025-10-08,0.08,0.25,4.54
31,2025-10-08,0.08,0.26,21.5
32,2025-10-08,0,0.21,3.99
1,2025-10-10,NA,NA,NA
2,2025-10-10,NA,NA,NA
3,2025-10-10,NA,NA,NA
4,2025-10-10,NA,NA,NA
5,2025-10-10,NA,NA,NA
6,2025-10-10,NA,NA,NA
7,2025-10-10,NA,NA,NA
8,2025-10-10,NA,NA,NA
9,2025-10-10,0.1,0.04,13.39
10,2025-10-10,0.13,0.08,5.97
11,2025-10-10,0.91,0.25,23.75
12,2025-10-10,0.98,0.05,8.04
13,2025-10-10,1.11,0.78,18.61
14,2025-10-10,2.22,0.08,8.02
15,2025-10-10,0.56,0.08,10.74
16,2025-10-10,6.11,0.11,5.97
17,2025-10-10,2.15,0.16,13.29
18,2025-10-10,0.96,5.13,10.24
19,2025-10-10,0.6,0.82,7.35
20,2025-10-10,0.24,1.94,4.29
21,2025-10-10,0.42,1.5,9.57
22,2025-10-10,17.25,1.47,5.34
23,2025-10-10,0.66,0.67,7.19
24,2025-10-10,29.5,1.69,21.91
25,2025-10-10,3.9,0.06,13.66
26,2025-10-10,1.64,0.03,8.35
27,2025-10-10,0.33,0.09,19.38
28,2025-10-10,8.86,0.15,12.03
29,2025-10-10,1.06,0.02,11.46
30,2025-10-10,0.61,0.02,14.91
31,2025-10-10,NA,NA,NA
32,2025-10-10,0.42,0.05,5.61
1,2025-10-14,NA,NA,NA
2,2025-10-14,3.27,0.7,4.15
3,2025-10-14,3.88,0.23,12.06
4,2025-10-14,0.57,0.09,1.53
5,2025-10-14,0.91,0.22,8
6,2025-10-14,0.37,0.44,0.88
7,2025-10-14,NA,NA,NA
8,2025-10-14,0.95,0.43,3.33
9,2025-10-14,1.17,2.93,21.52
10,2025-10-14,0.28,0.27,7.96
11,2025-10-14,NA,NA,NA
12,2025-10-14,NA,NA,NA
13,2025-10-14,NA,NA,NA
14,2025-10-14,1.39,0.17,5.1
15,2025-10-14,NA,NA,NA
16,2025-10-14,6.26,0.05,4.5
17,2025-10-14,1.49,0.23,23.74
18,2025-10-14,NA,NA,NA
19,2025-10-14,0.5,0.79,4.61
20,2025-10-14,0.28,1.34,2.99
21,2025-10-14,NA,NA,NA
22,2025-10-14,13.11,1.12,4.31
23,2025-10-14,0.35,0.33,7.59
24,2025-10-14,NA,NA,NA
25,2025-10-14,1.44,0,15.9
26,2025-10-14,0.09,0,6.72
27,2025-10-14,NA,NA,NA
28,2025-10-14,4.46,0,14.05
29,2025-10-14,0.33,0,10.88
30,2025-10-14,0.11,0.01,5.8
31,2025-10-14,0.05,0.02,44.68
32,2025-10-14,0.07,0,5.5
1,2025-10-21,NA,NA,NA
2,2025-10-21,0.77,1.24,5.28
3,2025-10-21,2.49,0.71,12.54
4,2025-10-21,0.26,0.39,2.15
5,2025-10-21,0.53,1.07,9.46
6,2025-10-21,0.16,1.88,4.36
7,2025-10-21,NA,NA,NA
8,2025-10-21,0.17,0.54,3.83
9,2025-10-21,NA,NA,NA
10,2025-10-21,0.11,0.47,6.59
11,2025-10-21,0.21,0.83,31.93
12,2025-10-21,0.31,0.35,9.11
13,2025-10-21,NA,NA,NA
14,2025-10-21,0.19,0.29,5.59
15,2025-10-21,0.24,0.56,13.08
16,2025-10-21,6.56,0.28,5.24
17,2025-10-21,0.57,1.42,23.63
18,2025-10-21,0.67,6.78,10.2
19,2025-10-21,0.37,2.28,7.57
20,2025-10-21,0.24,3.45,5.28
21,2025-10-21,0.42,2.96,10.05
22,2025-10-21,3.63,1.61,5.86
23,2025-10-21,0.18,0.85,7.75
24,2025-10-21,NA,NA,NA
25,2025-10-21,0.08,0.47,14.65
26,2025-10-21,0.17,0.33,8.34
27,2025-10-21,0.38,1.54,27.37
28,2025-10-21,0.47,0.49,14.7
29,2025-10-21,0.21,0.29,12.19
30,2025-10-21,0.11,0.29,16.65
31,2025-10-21,0.09,0.4,15.03
32,2025-10-21,0.04,0.49,11.6
1,2025-10-28,0.47,0.7,12.06
2,2025-10-28,0.11,0.42,4.6
3,2025-10-28,1.75,0.42,9.84
4,2025-10-28,0.37,0.31,2.45
5,2025-10-28,0.9,0.4,7
6,2025-10-28,0.27,0.35,3.53
7,2025-10-28,9.61,1.53,13.07
8,2025-10-28,0.58,0.47,5.37
9,2025-10-28,0.1,0.31,12.55
10,2025-10-28,0.23,0.3,0
11,2025-10-28,0.47,0.3,17.06
12,2025-10-28,0.17,0.29,3.37
13,2025-10-28,0.32,1.18,20.45
14,2025-10-28,0.17,0.32,4.79
15,2025-10-28,0.74,0.31,8.84
16,2025-10-28,1.34,0.33,6.22
17,2025-10-28,0.63,0.34,8.25
18,2025-10-28,0.18,1.99,5.74
19,2025-10-28,0.31,0.38,2.93
20,2025-10-28,0.07,1.14,3.81
21,2025-10-28,0.3,0.43,5.31
22,2025-10-28,0.43,0.75,4.23
23,2025-10-28,0.42,0.34,5.52
24,2025-10-28,46.53,1.77,25.11
25,2025-10-28,0.47,0.34,9.7
26,2025-10-28,0.17,0.29,5.91
27,2025-10-28,0.32,0.32,9.22
28,2025-10-28,0.23,0.48,9.7
29,2025-10-28,0.24,0.27,8.36
30,2025-10-28,0.19,0.34,5.36
31,2025-10-28,0.32,0.3,12.64
32,2025-10-28,0.2,0.29,5.96
1,2025-11-04,0,0.1,1.76
2,2025-11-04,0,0.18,0.6
3,2025-11-04,0.57,0.27,1.6
4,2025-11-04,0.01,0.11,0
5,2025-11-04,0.06,0.12,1.11
6,2025-11-04,0.1,0.75,0.54
7,2025-11-04,1.61,1.24,2.9
8,2025-11-04,0.01,0.48,1.44
9,2025-11-04,0,0.05,10.85
10,2025-11-04,0,0.05,1.84
11,2025-11-04,0.11,0.03,8.92
12,2025-11-04,0,0.02,1.15
13,2025-11-04,0.17,0.47,19
14,2025-11-04,0,0.06,1.99
15,2025-11-04,0,0.03,3.34
16,2025-11-04,0.04,0,1.02
17,2025-11-04,0.7,0.24,4.92
18,2025-11-04,0.11,1.2,2.41
19,2025-11-04,NA,NA,NA
20,2025-11-04,0.01,0.46,0.17
21,2025-11-04,0,0.55,0.74
22,2025-11-04,0.12,0.46,0.76
23,2025-11-04,0,0.09,1.06
24,2025-11-04,NA,NA,NA
25,2025-11-04,0,0.02,6.76
26,2025-11-04,0,0.04,0.65
27,2025-11-04,0,0.09,2.89
28,2025-11-04,0,0.04,4.56
29,2025-11-04,0,0.02,1.01
30,2025-11-04,0,0.04,1.01
31,2025-11-04,0,0.05,2.78
32,2025-11-04,0,0,1.09
1,2025-11-11,0.11,0.17,4.41
2,2025-11-11,0.11,0.37,0.51
3,2025-11-11,0.89,0.28,3.74
4,2025-11-11,0.22,0.11,1.02
5,2025-11-11,NA,NA,NA
6,2025-11-11,0.15,0.39,1.26
7,2025-11-11,0.26,0.44,1.81
8,2025-11-11,0.94,2.42,5.12
9,2025-11-11,0.15,0.05,7.99
10,2025-11-11,0.12,0.15,3.71
11,2025-11-11,0.37,0.05,10.42
12,2025-11-11,NA,NA,NA
13,2025-11-11,0.16,0.63,12.11
14,2025-11-11,0.09,0.04,3.44
15,2025-11-11,0.34,0.02,7.15
16,2025-11-11,0.14,0.05,3.65
17,2025-11-11,0.89,0.01,4.55
18,2025-11-11,0.19,1.76,1.9
19,2025-11-11,0.14,1,1.72
20,2025-11-11,0.06,0.64,0.59
21,2025-11-11,0.05,0.89,1.36
22,2025-11-11,0.16,0.56,0.61
23,2025-11-11,0.06,0.2,2.24
24,2025-11-11,NA,NA,NA
25,2025-11-11,0.07,0,5.24
26,2025-11-11,0.05,0,2.08
27,2025-11-11,0.05,0,3.36
28,2025-11-11,0.3,0,4.65
29,2025-11-11,0.06,0,2.1
30,2025-11-11,0.05,0,1.53
31,2025-11-11,0.05,0,2.41
32,2025-11-11,0.05,0,2.29
1,2025-11-14,NA,NA,NA
2,2025-11-14,0.03,0.38,1.38
3,2025-11-14,0.65,0.18,2.28
4,2025-11-14,NA,NA,NA
5,2025-11-14,0.04,0.14,1.75
6,2025-11-14,0.03,0.3,0.93
7,2025-11-14,NA,NA,NA
8,2025-11-14,0.02,0.16,1
9,2025-11-14,0.11,0,2.4
10,2025-11-14,0.01,0.02,1.02
11,2025-11-14,0.39,0,7.22
12,2025-11-14,0.01,0.01,1.35
13,2025-11-14,0.1,0.19,5.5
14,2025-11-14,0.02,0.08,1.29
15,2025-11-14,0.14,0,3.96
16,2025-11-14,0.01,0.08,1.16
17,2025-11-14,0.62,0.02,1.98
18,2025-11-14,0.09,1.87,1.82
19,2025-11-14,0.24,0.14,0.86
20,2025-11-14,0.04,0.55,0.76
21,2025-11-14,0.1,0.39,0.97
22,2025-11-14,0.06,0.53,0.88
23,2025-11-14,0.01,0.08,1.21
24,2025-11-14,13.54,0.98,11.4
25,2025-11-14,0.01,0,3.06
26,2025-11-14,0.01,0,1.21
27,2025-11-14,0.01,0,2.39
28,2025-11-14,0.34,0,2.69
29,2025-11-14,0.02,0,1.92
30,2025-11-14,0.01,0,1.2
31,2025-11-14,0.01,0.11,2.07
32,2025-11-14,0.01,0,1.38
1,2025-11-18,0.01,0.15,1.8
2,2025-11-18,0.02,0.22,1.16
3,2025-11-18,0.81,0.08,1.51
4,2025-11-18,0.09,0.1,0.64
5,2025-11-18,0.12,0.05,0.89
6,2025-11-18,0.05,0.28,0.93
7,2025-11-18,0.03,1.65,4.13
8,2025-11-18,0.02,0.18,1.67
9,2025-11-18,0.02,0,2.64
10,2025-11-18,0.02,0,1.42
11,2025-11-18,0.6,0,4.57
12,2025-11-18,0.06,0,1.88
13,2025-11-18,0.12,0,5.66
14,2025-11-18,0.02,0,1.98
15,2025-11-18,0.34,0,3.37
16,2025-11-18,0.02,0,1.4
17,2025-11-18,1.95,0,3.98
18,2025-11-18,0.12,1.29,1.56
19,2025-11-18,NA,NA,NA
20,2025-11-18,0.02,0.33,1
21,2025-11-18,0.36,0.45,1.82
22,2025-11-18,0.07,0.4,1.58
23,2025-11-18,0.15,0,1.02
24,2025-11-18,NA,NA,NA
25,2025-11-18,0.13,0.06,3.2
26,2025-11-18,0.01,0,1.85
27,2025-11-18,0.43,0,2.69
28,2025-11-18,0.27,0,3.18
29,2025-11-18,0.12,0,1.95
30,2025-11-18,0.01,0,1.35
31,2025-11-18,0.01,0,2.47
32,2025-11-18,0.01,0,1.74
1,2025-11-19,0,0.02,0.55
2,2025-11-19,0,0.16,0.06
3,2025-11-19,7.09,3.15,0.99
4,2025-11-19,0.09,0.03,0.11
5,2025-11-19,NA,NA,NA
6,2025-11-19,0.01,0.75,0
7,2025-11-19,0.41,0.83,1.02
8,2025-11-19,NA,NA,NA
9,2025-11-19,0,0.06,0.31
10,2025-11-19,0,0.05,0.06
11,2025-11-19,0.69,0.04,1.18
12,2025-11-19,0,0.01,0.12
13,2025-11-19,0.14,0,2.08
14,2025-11-19,1.17,0.66,0.34
15,2025-11-19,0.31,0.31,0.59
16,2025-11-19,1.05,0.11,0.29
17,2025-11-19,0.85,0.09,2.24
18,2025-11-19,0.04,0.72,0.11
19,2025-11-19,NA,NA,NA
20,2025-11-19,0,0.3,0
21,2025-11-19,0.6,0.36,0.6
22,2025-11-19,0,0.19,1.43
23,2025-11-19,0,0.2,0.45
24,2025-11-19,NA,NA,NA
25,2025-11-19,0.57,0.03,1.13
26,2025-11-19,0,0.01,0.63
27,2025-11-19,0.53,0.05,0.86
28,2025-11-19,0.19,0.11,0.59
29,2025-11-19,0.11,0.03,0.16
30,2025-11-19,0.53,0.02,0.26
31,2025-11-19,0.01,0,0.89
32,2025-11-19,0,0.03,0.13
1,2025-11-21,0,0,0.95
2,2025-11-21,0.01,0.08,0.79
3,2025-11-21,24.49,3.02,1.87
4,2025-11-21,0.03,0,0.44
5,2025-11-21,0.37,0.06,0.59
6,2025-11-21,0.03,0.57,0.47
7,2025-11-21,1.33,0.74,1.47
8,2025-11-21,0.08,1.01,1.21
9,2025-11-21,0,0,1.11
10,2025-11-21,0,0.02,1.42
11,2025-11-21,1.19,0,1.82
12,2025-11-21,0,0.05,0.84
13,2025-11-21,0.17,0.27,2.16
14,2025-11-21,8.2,0.33,0.67
15,2025-11-21,0.82,0.01,1.46
16,2025-11-21,2.85,0.02,0.26
17,2025-11-21,7.84,0.17,0.69
18,2025-11-21,0.16,0.61,0.22
19,2025-11-21,1.64,0.39,2.32
20,2025-11-21,0.05,0.47,1.18
21,2025-11-21,0.71,0.25,1.61
22,2025-11-21,0.02,0.43,1.64
23,2025-11-21,0.26,0.14,1.6
24,2025-11-21,NA,NA,NA
25,2025-11-21,3.15,0.13,1.44
26,2025-11-21,0.07,0.15,1.27
27,2025-11-21,1,0.17,1.74
28,2025-11-21,0.1,0.17,1.4
29,2025-11-21,0.1,0.18,1.25
30,2025-11-21,1.64,0.19,2.12
31,2025-11-21,0.04,0.17,2.93
32,2025-11-21,0.02,0.19,1.95
1,2025-11-27,0.17,0.16,3.37
2,2025-11-27,0.02,0.45,2.2
3,2025-11-27,45.1,1.16,5
4,2025-11-27,2.76,0.27,2.48
5,2025-11-27,2.24,0.39,3.43
6,2025-11-27,0.2,0.54,3.6
7,2025-11-27,1.64,1.19,3.15
8,2025-11-27,0.31,0.41,2.19
9,2025-11-27,0.23,0.18,3.13
10,2025-11-27,0.35,0.18,2.59
11,2025-11-27,2.48,0.17,3.74
12,2025-11-27,0.05,0.14,2.23
13,2025-11-27,0.52,0.18,4.05
14,2025-11-27,NA,NA,NA
15,2025-11-27,1.05,0.15,3.04
16,2025-11-27,8.04,0.15,3.37
17,2025-11-27,4.17,0.2,3.06
18,2025-11-27,0.31,0.98,1.47
19,2025-11-27,6.7,0.42,2.58
20,2025-11-27,0.02,0.5,1.55
21,2025-11-27,0.73,0.16,1.83
22,2025-11-27,0.02,0.44,2.24
23,2025-11-27,0.34,0.23,6.64
24,2025-11-27,NA,NA,NA
25,2025-11-27,8.54,0.17,2.06
26,2025-11-27,0.12,0.14,1.77
27,2025-11-27,1.65,0.17,1.94
28,2025-11-27,0.71,0.17,1.81
29,2025-11-27,0.43,0.17,1.67
30,2025-11-27,5.89,0.19,2.18
31,2025-11-27,0.13,0.17,3.98
32,2025-11-27,0.83,0.19,1.69
1,2025-12-08,0.014,0,1.22
2,2025-12-08,0,0.092,0
3,2025-12-08,7.055,0.096,0.42
4,2025-12-08,4.403,0.019,0.05
5,2025-12-08,0.776,0.04,1.02
6,2025-12-08,0,0.05,0
7,2025-12-08,2.69,1.393,2.94
8,2025-12-08,0.324,0.116,0.71
9,2025-12-08,0.065,0,1.56
10,2025-12-08,0.345,0.006,0.96
11,2025-12-08,1.681,0,1.41
12,2025-12-08,0,0.054,0.23
13,2025-12-08,0.013,0.053,0.86
14,2025-12-08,7.633,0.022,1.9
15,2025-12-08,2.782,0,3
16,2025-12-08,13.34,0,0.79
17,2025-12-08,15.998,0,3.59
18,2025-12-08,0.267,0.747,0.98
19,2025-12-08,6.248,0.02,0.23
20,2025-12-08,0.097,0.366,0.08
21,2025-12-08,1.516,0.08,0.4
22,2025-12-08,0.013,0.265,0
23,2025-12-08,0.592,0.006,0.86
24,2025-12-08,4.879,1.1135,8.33
25,2025-12-08,8.53,0,3.69
26,2025-12-08,0.197,0.047,1.03
27,2025-12-08,1.123,0,2.43
28,2025-12-08,0.28,0.113,3.63
29,2025-12-08,0.735,0.033,1.37
30,2025-12-08,7.131,0.028,1.25
31,2025-12-08,0.705,0.016,3.03
32,2025-12-08,0.95,0.043,1.46
1,2025-12-23,0.01,0.117,0.88
2,2025-12-23,0,0.903,0.94
3,2025-12-23,38.045,0.885,0.5
4,2025-12-23,1.96,0.048,0
5,2025-12-23,0.803,0.109,1.68
6,2025-12-23,0.01,0.37,0.55
7,2025-12-23,0.949,1.52,4.51
8,2025-12-23,0.212,0.511,2.04
9,2025-12-23,0,0.008,4.74
10,2025-12-23,0.027,0.24,4.06
11,2025-12-23,2.242,0.009,8.18
12,2025-12-23,0.052,0.071,3.03
13,2025-12-23,0.16,0.226,11.5
14,2025-12-23,2.318,0.043,3.06
15,2025-12-23,1.137,0.015,5.78
16,2025-12-23,10.657,0.039,1.56
17,2025-12-23,29.155,0,9.4
18,2025-12-23,0.107,0.804,9.88
19,2025-12-23,7.679,0.113,0.49
20,2025-12-23,0.208,0.926,0.81
21,2025-12-23,0.664,0.401,1.58
22,2025-12-23,0.006,0.794,0.52
23,2025-12-23,0.078,0.107,1.01
24,2025-12-23,0.392,0.68,8.68
25,2025-12-23,4.584,0.098,6.19
26,2025-12-23,0.13,0.028,4.03
27,2025-12-23,0.954,0.035,7.03
28,2025-12-23,0.112,0.08,5.51
29,2025-12-23,0.347,0,1.86
30,2025-12-23,0.784,0,1.12
31,2025-12-23,0.094,0.041,2.84
32,2025-12-23,0.073,0.058,2.75
1,2026-01-20,NA,NA,NA
2,2026-01-20,NA,NA,NA
3,2026-01-20,NA,NA,NA
4,2026-01-20,NA,NA,NA
5,2026-01-20,NA,NA,NA
6,2026-01-20,0.023,0.747,1.76
7,2026-01-20,0.558,2.04,7.5
8,2026-01-20,0.298,1.306,4
9,2026-01-20,NA,NA,NA
10,2026-01-20,NA,NA,NA
11,2026-01-20,NA,NA,NA
12,2026-01-20,0.003,0.924,26.28
13,2026-01-20,NA,NA,NA
14,2026-01-20,2.175,1.296,16.98
15,2026-01-20,NA,NA,NA
16,2026-01-20,NA,NA,NA
17,2026-01-20,NA,NA,NA
18,2026-01-20,0,0.032,28.19
19,2026-01-20,NA,NA,NA
20,2026-01-20,NA,NA,NA
21,2026-01-20,NA,NA,NA
22,2026-01-20,0.252,0.066,1.24
23,2026-01-20,1.144,0.283,1.75
24,2026-01-20,NA,NA,NA
25,2026-01-20,3.32,0.088,20.48
26,2026-01-20,0.326,0.229,12.26
27,2026-01-20,NA,NA,NA
28,2026-01-20,2.035,0.234,11.83
29,2026-01-20,NA,NA,NA
30,2026-01-20,1.021,0.192,2.89
31,2026-01-20,NA,NA,NA
32,2026-01-20,NA,NA,NA
1,2026-01-27,NA,NA,NA
2,2026-01-27,0,0.567,0.88
3,2026-01-27,NA,NA,NA
4,2026-01-27,4.801,0.11,0.15
5,2026-01-27,3.072,0.109,1.22
6,2026-01-27,0.052,0.073,0
7,2026-01-27,0.504,1.087,4.68
8,2026-01-27,0.261,0.133,2.34
9,2026-01-27,NA,NA,NA
10,2026-01-27,0.061,0.072,0.18
11,2026-01-27,4.118,0.063,13.96
12,2026-01-27,NA,NA,NA
13,2026-01-27,2.686,0.434,14.35
14,2026-01-27,0.452,0.13,3.19
15,2026-01-27,5.539,0,6.51
16,2026-01-27,13.234,0.029,4.11
17,2026-01-27,14.241,0.019,5.51
18,2026-01-27,0.341,0.618,0.86
19,2026-01-27,10.088,0.153,0.26
20,2026-01-27,0.185,0.238,0.06
21,2026-01-27,2.758,0.065,0.33
22,2026-01-27,0.352,0.196,0.29
23,2026-01-27,2.117,0.113,2.48
24,2026-01-27,0.417,0.477,4.83
25,2026-01-27,4.451,0.103,30.44
26,2026-01-27,0.509,0.088,11.82
27,2026-01-27,8.681,0,9.13
28,2026-01-27,NA,NA,NA
29,2026-01-27,5.178,0,2.33
30,2026-01-27,1.988,0.011,1.22
31,2026-01-27,NA,NA,NA
32,2026-01-27,0.371,0,2.32
1,2026-02-03,0.046,0.153,1.42
2,2026-02-03,0,0.145,0.16
3,2026-02-03,35.825,0.234,3.7
4,2026-02-03,2.711,0.135,0
5,2026-02-03,2.731,0.086,0.85
6,2026-02-03,0.012,0.103,0
7,2026-02-03,0.393,0.563,1.6
8,2026-02-03,0.096,0.116,1.71
9,2026-02-03,1.461,0.009,5.23
10,2026-02-03,0.098,0.04,1.42
11,2026-02-03,8.586,0,4.81
12,2026-02-03,0.277,0.026,5.13
13,2026-02-03,2.576,0.101,4.92
14,2026-02-03,0.048,0.024,0.92
15,2026-02-03,5.664,0,2.79
16,2026-02-03,15.628,0.059,1.23
17,2026-02-03,33.745,0.035,4.9
18,2026-02-03,0.352,0.799,0.87
19,2026-02-03,30.725,0.179,0.4
20,2026-02-03,0.263,0.409,0.32
21,2026-02-03,5.101,0.056,0
22,2026-02-03,0.296,0.328,6.04
23,2026-02-03,2.236,0.042,5.26
24,2026-02-03,0.119,0.345,5.08
25,2026-02-03,10.979,0,15.12
26,2026-02-03,0,0,0.55
27,2026-02-03,3.216,0,1.62
28,2026-02-03,0.221,0.018,1.71
29,2026-02-03,3.406,0.057,0.99
30,2026-02-03,0.238,0.05,0.28
31,2026-02-03,0.371,0.017,2.32
32,2026-02-03,0.097,0,1.68
1,2026-02-17,0,0.051,0.01
2,2026-02-17,0,0.027,0
3,2026-02-17,NA,NA,NA
4,2026-02-17,0,0.082,0.1
5,2026-02-17,0.108,0.209,0.21
6,2026-02-17,0,0.053,0
7,2026-02-17,0,0.501,0.18
8,2026-02-17,0,0.054,0
9,2026-02-17,0.027,0.006,3.75
10,2026-02-17,0,0.054,0.14
11,2026-02-17,0.375,0,0.3
12,2026-02-17,0,0,0.19
13,2026-02-17,0,0,0.33
14,2026-02-17,0,0.016,0.18
15,2026-02-17,0.176,0,0.45
16,2026-02-17,0.708,0.044,0.27
17,2026-02-17,0.415,0,0.23
18,2026-02-17,0,0.181,0
19,2026-02-17,0.604,0.044,0
20,2026-02-17,0,0.048,0
21,2026-02-17,0,0.043,0
22,2026-02-17,0,0.033,0
23,2026-02-17,0,0.028,0
24,2026-02-17,0,0.233,0.25
25,2026-02-17,0.39,0,1.68
26,2026-02-17,0,0,0.77
27,2026-02-17,0.03,0,0.85
28,2026-02-17,0,0.001,0.47
29,2026-02-17,0,0.017,0.83
30,2026-02-17,0,0.012,3.98
31,2026-02-17,0.105,0,0.37
32,2026-02-17,0,0.047,0.36
1,2026-03-03,0,0.322,0
2,2026-03-03,0,0.87,0
3,2026-03-03,0.17,0.433,0.25
4,2026-03-03,0,0.165,0
5,2026-03-03,0,0.212,0
6,2026-03-03,0,0.389,0.11
7,2026-03-03,0,1.341,3.09
8,2026-03-03,0,0.226,0.02
9,2026-03-03,0,0.052,2.94
10,2026-03-03,0,0.131,2.26
11,2026-03-03,0,0.085,10.04
12,2026-03-03,0,0,3.7
13,2026-03-03,0,0.269,14.88
14,2026-03-03,0,0.046,2.5
15,2026-03-03,0,0.041,5.51
16,2026-03-03,0,0.075,1.01
17,2026-03-03,0,0,3.89
18,2026-03-03,0,1.854,0.65
19,2026-03-03,0,0.129,0
20,2026-03-03,0,0.913,0.51
21,2026-03-03,0,0.325,0.32
22,2026-03-03,0,0.384,0.05
23,2026-03-03,0,0.054,0.14
24,2026-03-03,0,0.335,0.37
25,2026-03-03,0,0.051,1.08
26,2026-03-03,0,0.055,0.5
27,2026-03-03,0,0.029,0.57
28,2026-03-03,0,0.153,0.57
29,2026-03-03,0,0.055,0.24
30,2026-03-03,0,0.039,0.17
31,2026-03-03,0,0.132,0.34
32,2026-03-03,0,0.122,0.13
1,2026-03-10,0,0.61,0.73
2,2026-03-10,NA,NA,NA
3,2026-03-10,0,0.048,24.25
4,2026-03-10,0,0.569,1.05
5,2026-03-10,0,0.546,19.36
6,2026-03-10,0,1.071,2.09
7,2026-03-10,0,1.688,91.12
8,2026-03-10,0,0.838,1.48
9,2026-03-10,0,0,21.42
10,2026-03-10,0,0,9.34
11,2026-03-10,0,0,27.3
12,2026-03-10,0,0.015,12.65
13,2026-03-10,0,3.05,425.5
14,2026-03-10,0,0,7.11
15,2026-03-10,0,0,25.9
16,2026-03-10,0,0.062,6.25
17,2026-03-10,0,0,46.55
18,2026-03-10,0,1.399,18.75
19,2026-03-10,0.021,0.709,0.53
20,2026-03-10,0,0.842,0.3
21,2026-03-10,0,0.143,20.65
22,2026-03-10,0.014,0.779,0.99
23,2026-03-10,0,0.109,1.06
24,2026-03-10,0,0.025,25.85
25,2026-03-10,0,0,18.79
26,2026-03-10,0,0,5.07
27,2026-03-10,0,0,18.6
28,2026-03-10,0,0,15.4
29,2026-03-10,0,0,9.75
30,2026-03-10,0,0,1.84
31,2026-03-10,0,0,9.31
32,2026-03-10,0,0.039,14.47
1,2026-03-16,0,8.32,96.16
2,2026-03-16,NA,NA,NA
3,2026-03-16,0.032,4.416,244.48
4,2026-03-16,0,0.111,4.96
5,2026-03-16,0,0.876,2.69
6,2026-03-16,0,0.199,18.59
7,2026-03-16,0.064,9.808,134.56
8,2026-03-16,0,0.388,0.66
9,2026-03-16,0,0,11.07
10,2026-03-16,0,0,3.11
11,2026-03-16,0,0.011,25.95
12,2026-03-16,0,0,5.31
13,2026-03-16,NA,NA,NA
14,2026-03-16,0,0,5.74
15,2026-03-16,0,0,13.11
16,2026-03-16,0,0,3.69
17,2026-03-16,0,0.033,62.27
18,2026-03-16,0.009,2.696,2.21
19,2026-03-16,0.127,0.698,1.73
20,2026-03-16,0,0.57,0.4
21,2026-03-16,0,0.328,0.98
22,2026-03-16,0,0.437,1.35
23,2026-03-16,0,0.075,2.09
24,2026-03-16,0,0.153,4.28
25,2026-03-16,0,0,25.35
26,2026-03-16,0,0,4.57
27,2026-03-16,0,0.028,21.28
28,2026-03-16,0,0,17.39
29,2026-03-16,0,0,4.76
30,2026-03-16,0,0.002,2.14
31,2026-03-16,0,0.073,21.23
32,2026-03-16,0,0.025,18.91
1,2026-03-18,0,1.464,28.08
2,2026-03-18,0,0.924,10.74
3,2026-03-18,NA,NA,NA
4,2026-03-18,0,0.381,0.47
5,2026-03-18,0,0.276,16.33
6,2026-03-18,0,0.629,2.54
7,2026-03-18,NA,NA,NA
8,2026-03-18,0,0.487,0.93
9,2026-03-18,0,0.07125,5.8425
10,2026-03-18,0,0,1.47
11,2026-03-18,0,0.2,39.52
12,2026-03-18,0,0.03,3.69
13,2026-03-18,NA,NA,NA
14,2026-03-18,0,0.006,3.34
15,2026-03-18,0,0,11.7
16,2026-03-18,0,0,2.09
17,2026-03-18,0,0.015,20.53
18,2026-03-18,0,2.575,7.84
19,2026-03-18,0.06,1.162,1.53
20,2026-03-18,0,0.78,0.2
21,2026-03-18,NA,NA,NA
22,2026-03-18,0,0.701,0.62
23,2026-03-18,0,0.163,14.22
24,2026-03-18,0,0.176,4.4
25,2026-03-18,0,0,8.53
26,2026-03-18,0,0,2.2
27,2026-03-18,0,0.02,19.22
28,2026-03-18,0,0,9.06
29,2026-03-18,0,0,3.44
30,2026-03-18,0,0,1.74
31,2026-03-18,0,0,31.61
32,2026-03-18,0,0,4.25
1,2026-03-20,NA,NA,NA
2,2026-03-20,0,0.446,0.78
3,2026-03-20,NA,NA,NA
4,2026-03-20,0,0.058,0.44
5,2026-03-20,0,0.789,0.75
6,2026-03-20,0,0.481,0.9
7,2026-03-20,NA,NA,NA
8,2026-03-20,0,0.083,0.76
9,2026-03-20,0,0,2.74
10,2026-03-20,0.026,0.011,1.98
11,2026-03-20,0.022,0,11.36
12,2026-03-20,0.011,0,2.39
13,2026-03-20,0.298,1.778,49.72
14,2026-03-20,0,0.028,2.62
15,2026-03-20,0,0,1.57
16,2026-03-20,0,0,1.91
17,2026-03-20,0.058,0.134,32.18
18,2026-03-20,0.011,1.934,2.26
19,2026-03-20,0.036,0.919,1.47
20,2026-03-20,0,0.277,1.32
21,2026-03-20,NA,NA,NA
22,2026-03-20,0.005,0.34,0.9
23,2026-03-20,0.021,0.151,1.47
24,2026-03-20,0.019,0.308,1.59
25,2026-03-20,0,0,3.08
26,2026-03-20,0,0,1.59
27,2026-03-20,0.004,0.018,4.61
28,2026-03-20,0,0.035,1.5
29,2026-03-20,0,0.012,1.38
30,2026-03-20,0,0,1.16
31,2026-03-20,0,0,1.61
32,2026-03-20,0,0.022,2.72
1,2026-03-25,NA,NA,NA
2,2026-03-25,NA,NA,NA
3,2026-03-25,0.36,3.525,27.15
4,2026-03-25,0.0525,2.155,11.275
5,2026-03-25,0.0425,2.7325,7.6
6,2026-03-25,0,1.18,82.2
7,2026-03-25,NA,NA,NA
8,2026-03-25,0,0.538,0.83
9,2026-03-25,0,0.246,15.32
10,2026-03-25,0,0.278,6.78
11,2026-03-25,0,0.65,26.7
12,2026-03-25,0,0.013,3.55
13,2026-03-25,NA,NA,NA
14,2026-03-25,0,0.021,3.37
15,2026-03-25,0,0.54,57.7
16,2026-03-25,0,0.003,2.09
17,2026-03-25,NA,NA,NA
18,2026-03-25,0.033,2.487,4.59
19,2026-03-25,NA,NA,NA
20,2026-03-25,0,0.654,1.93
21,2026-03-25,NA,NA,NA
22,2026-03-25,0.033,2.502,3.57
23,2026-03-25,NA,NA,NA
24,2026-03-25,0.036,0.486,6.93
25,2026-03-25,0,0.52,50.9
26,2026-03-25,0,0.018,3.59
27,2026-03-25,0,0.23,18.5
28,2026-03-25,0,0.101,14.43
29,2026-03-25,NA,NA,NA
30,2026-03-25,NA,NA,NA
31,2026-03-25,0,0,6.15
32,2026-03-25,0,0.028,10.55
1,2026-03-31,NA,NA,NA
2,2026-03-31,NA,NA,NA
3,2026-03-31,NA,NA,NA
4,2026-03-31,NA,NA,NA
5,2026-03-31,NA,NA,NA
6,2026-03-31,NA,NA,NA
7,2026-03-31,NA,NA,NA
8,2026-03-31,0,0.663,4.3
9,2026-03-31,NA,NA,NA
10,2026-03-31,0,0,4.33
11,2026-03-31,NA,NA,NA
12,2026-03-31,0,0,5.13
13,2026-03-31,NA,NA,NA
14,2026-03-31,0,0,4.64
15,2026-03-31,NA,NA,NA
16,2026-03-31,0,0,2.97
17,2026-03-31,NA,NA,NA
18,2026-03-31,0.042,1.54,26.14
19,2026-03-31,NA,NA,NA
20,2026-03-31,0.022,0.924,0.74
21,2026-03-31,NA,NA,NA
22,2026-03-31,0.051,0.72,14.75
23,2026-03-31,NA,NA,NA
24,2026-03-31,0,0.26,32.74
25,2026-03-31,NA,NA,NA
26,2026-03-31,0,0.014,3.16
27,2026-03-31,NA,NA,NA
28,2026-03-31,0,0,13.2
29,2026-03-31,NA,NA,NA
30,2026-03-31,0,0,16.99
31,2026-03-31,NA,NA,NA
32,2026-03-31,NA,NA,NA
