id_lysi,date,volume,method,NO3_N,NH4_N,SO4,NO2_N,Chlorid,Phosphat,Bromid,Lithium,Natrium,Kalium,Magnesium,Calcium,Fluorid
1,2024-09-10,16.44,IC,33.43,0,168.77,0.57,599.75,0,0.01,0.03,79.24,368.71,76.62,363.95,0.2
2,2024-09-10,11.31,IC,85.39,0,127.04,0.06,47.32,0,0.01,0.02,16.04,11.87,26.25,229.23,0.13
3,2024-09-10,17.47,IC,18.94,0,197.21,0.99,758.45,0,0.01,0.02,85.89,386.21,87.52,350.22,0.11
4,2024-09-10,12.13,IC,49.19,0,118.14,0.16,35.81,0,0,0.02,17.4,18.04,18.87,146.82,0.16
5,2024-09-10,14.51,IC,38.31,0,204.47,0.43,786.11,0,0.01,0.03,93.16,430.52,87.6,388.11,0.21
6,2024-09-10,12.88,IC,54.84,0,126.09,0.24,36.43,0,0.01,0.02,14.62,9.86,18.46,159.88,0.17
7,2024-09-10,16.25,IC,25.25,0,184.06,1.01,709.56,0,0.01,0.03,85.26,392.92,87.81,435.38,0.18
8,2024-09-10,16.85,IC,132.62,0,114.98,0.07,36.5,0,0,0.02,15.75,13.42,28.52,274.15,0.13
9,2024-09-10,16.63,IC,25.01,0,179.1,0.91,657.28,0,0,0.03,82.39,404.79,82.31,370.62,0.27
10,2024-09-10,10.83,IC,106.28,0,123.74,0.05,29.39,0,0,0,18.81,18.22,23.62,209.68,0.16
11,2024-09-10,16.58,IC,32.02,0,196.89,0.36,687.24,0,0,0.03,83.05,361.17,78.28,334.23,0.12
12,2024-09-10,15.47,IC,121.91,0,127.35,0.06,42.33,0,0,0.02,17.95,16.75,27.46,268.45,0.14
13,2024-09-10,18.66,IC,25.73,0,218.33,0.02,889.9,0,0.01,0.03,100.05,466.52,98.96,343.99,0.07
14,2024-09-10,9.6,IC,116.32,0,157.39,0.21,33.99,0,0.01,0.02,19.91,16.87,27.74,229.26,0.15
15,2024-09-10,15.42,IC,27.49,0,221.23,0.63,839.68,0,0.01,0.03,90.25,342.89,91.39,409.41,0.17
16,2024-09-10,9.91,IC,83.65,0,151.99,0.2,33.45,0,0.01,0.02,18.85,15.71,23.12,213.29,0.18
17,2024-09-10,14.41,IC,35.03,0,232.4,0,809.5,0,0.01,0.04,93.25,340.63,92.25,390.42,0.19
18,2024-09-10,12.03,IC,35.92,0,119,0.17,31.44,0,0,0.02,16.52,17.98,15.92,141.82,0.2
19,2024-09-10,16.84,IC,34.96,0,215.04,0.53,817.55,0,0.01,0,96.74,441.67,90.43,389.8,0.19
20,2024-09-10,13.3,IC,132.43,0,135.9,0.04,42.37,0,0,0.02,19.05,13.92,27.97,261.21,0.14
21,2024-09-10,14.48,IC,24.6,0,212.34,0.37,758.44,0,0.01,0.03,87.43,320.02,83.27,408.85,0.18
22,2024-09-10,12.24,IC,55.97,0,138.87,0.04,34.4,0,0.01,0.02,18.81,21.39,18.19,166.96,0.19
23,2024-09-10,16.8,IC,25.79,0,199.49,0.93,702.67,0,0.01,0.03,84.9,347.8,82.55,377.41,0.18
24,2024-09-10,12.13,IC,45.88,0,148.41,0.03,42.87,0,0,0.02,17.97,19.67,21.52,163.38,0.17
25,2024-09-10,15.97,IC,35.1,0,221.12,0.66,787.99,0,0,0.03,88.31,352.11,92.07,444.96,0.18
26,2024-09-10,3.51,IC,72.65,0,191.94,0.15,44.01,0,0.01,0.02,25.37,17.6,25.41,178.24,0.11
27,2024-09-10,14.75,IC,33.13,0,204.84,0.42,738.96,0,0.01,0.03,85.41,347.3,84.37,389.95,0.2
28,2024-09-10,6.93,IC,126.02,0,170.92,0.18,65.93,0,0.01,0.02,23.67,18.29,34.54,249.21,0.11
29,2024-09-10,0.86,IC,3.94,0,170.95,0,788.55,0,0.19,0.02,89.74,507.78,104.8,256.54,0.05
30,2024-09-10,16.66,IC,202.93,0,133.75,0.06,69,0,0,0.02,18.82,18.82,40.35,357.79,0.13
31,2024-09-10,17.69,IC,69.14,0,58.77,0.97,679.82,0,0.02,0.03,90.93,397.16,94.33,412.3,0.18
32,2024-09-10,15.12,IC,145.37,0,145.75,0.05,66.88,0,0.01,0.03,19.61,19.21,32.45,302.74,0.15
1,2024-09-24,7.93,IC,44.06,0,160.31,0.04,587.28,0,0,0.03,78.72,386.72,83.45,255.33,0.14
2,2024-09-24,7.71,IC,89.41,0,99.39,0.03,50.37,0,0,0,11.06,8.65,24.24,257.52,0.11
3,2024-09-24,8.66,IC,27.96,0,188.21,0.07,761.1,0,0,0.03,90.57,420.63,104.65,327.72,0.06
4,2024-09-24,8.14,IC,71.39,0,103.92,0.03,38.84,0,0,0.03,12.53,12.94,17.96,177.75,0.16
5,2024-09-24,8.46,IC,64.7,0,219.37,0.02,860.8,0,0.01,0,99.2,467.98,105.56,345.83,0.07
6,2024-09-24,7.4,IC,78.36,0,109.87,0.07,39.37,0,0,0.03,9.79,7.96,18.83,176.58,0.15
7,2024-09-24,8.39,IC,39.57,0,65.71,0.02,777.1,0,0,0.03,87.83,457.9,108.15,375.54,0.05
8,2024-09-24,8.31,IC,130.76,0,86.59,0.03,45.94,0,0,0.03,10.42,9.2,24.87,254.09,0.11
9,2024-09-24,8.6,IC,37.65,0,188.18,0.09,702.32,0,0.01,0.03,86.37,425.24,94.79,280.7,0.09
10,2024-09-24,8.07,IC,0,0,105.45,0.03,32.45,0,0,0.03,12.64,10.58,21.84,228.94,0.16
11,2024-09-24,8.02,IC,42.55,0,203.15,0.21,734.86,0,0,0,85.24,377.16,88.94,305.52,0.12
12,2024-09-24,8.29,IC,130.7,0,93.14,0.03,51.64,0,0,0.03,12.94,13.27,24.07,243.13,0.13
13,2024-09-24,9.09,IC,35.49,0,221.51,0.05,885.39,0,0.01,0.03,98.39,489.69,104.31,328.2,0.07
14,2024-09-24,8.35,IC,130.43,0,115.53,0.04,36.18,0,0,0.03,13.19,10.48,23.38,231.7,0.16
15,2024-09-24,9.27,IC,43.34,0,0,0.08,899.8,0,0.01,0,94.3,394.61,105.17,395.08,0.12
16,2024-09-24,10.06,IC,107.39,0,108.87,0.04,46.23,0,0,0.03,13.49,10.75,27.36,263.78,0.11
17,2024-09-24,7.29,IC,56.91,0,0,0.09,905.89,0,0.01,0,100.42,382.13,112.88,400.09,0.11
18,2024-09-24,8.32,IC,57.9,0.06,220.65,0.09,880.84,0,0.01,0.03,10.43,10.6,20.37,198.98,0.18
19,2024-09-24,8.55,IC,62.93,0,86.43,0.03,37.27,0,0,0,101.63,500.48,106.6,364.89,0.1
20,2024-09-24,8.29,IC,0,0,96.34,0.04,47.98,0,837.77,0.03,13.86,10.77,30.25,306.88,0.08
21,2024-09-24,8.74,IC,40.22,0,215.56,0.19,839.01,0,0.01,0.02,94.71,402.74,109.15,374.33,0.06
22,2024-09-24,6.97,IC,80.19,0.01,104.28,0.04,42.51,0,0,0.03,12.34,13.69,19.94,185.97,0.12
23,2024-09-24,8.75,IC,45.71,0,216.05,0.04,807.55,0,0.01,0.03,95.08,408.99,108.94,357.23,0.06
24,2024-09-24,7.81,IC,64.93,0,109.34,0.04,61.23,0,0,0.03,12.3,11.5,22.63,177.81,0.09
25,2024-09-24,8.73,IC,52.86,0,221.22,0.07,816.25,0,0.01,0.02,94.52,412.75,111.56,369.27,0.08
26,2024-09-24,7.41,IC,102.65,0,144.41,0.03,51.45,0,0,0.03,17.94,10.24,27.41,221.8,0.08
27,2024-09-24,7.31,IC,51.3,0,217.82,0.12,831.83,0,0,0.02,95.13,412.57,109.46,363.95,0.07
28,2024-09-24,7.41,IC,162.94,0,139.91,0.03,79.87,0,0,0.03,18.3,12.8,33.65,306.02,0.08
29,2024-09-24,0.36,IC,3.36,0,132.55,0.04,657.39,0.05,0.08,0.02,76.64,393.57,93.99,193.15,0.05
30,2024-09-24,8.44,IC,206.55,0,116.27,0.06,86.38,0,0,0.03,14.09,13.5,35.88,359.34,0.06
31,2024-09-24,8.75,IC,95.71,0,206.61,0.09,747.45,0,0.03,0.04,96.77,453.85,111,354.28,0.08
32,2024-09-24,7.07,IC,163.6,0,115.73,0.04,68.69,0,0,0.03,14.99,15.41,33.7,304.27,0.07
1,2024-10-11,18.58,IC,29.59,0,153.47,0.1,556.75,0,0,0.02,73.37,386.61,75.56,296.54,0.23
2,2024-10-11,18.92,IC,41.27,0,91.39,0.04,49.33,0.01,0,0.02,7.44,4.91,20.3,236.95,0.1
3,2024-10-11,18.53,IC,24.1,0,180.81,0.09,611.84,0.01,0,0.02,85.63,439.03,101.23,353.11,0.1
4,2024-10-11,20.37,IC,80.35,0,90.69,0.03,33.45,0,0,0.02,9.49,10.13,17.95,209.19,0.14
5,2024-10-11,16.21,IC,69.14,0,212.89,0.08,814.56,0,0,0.03,98.19,482.91,105.29,404.91,0.1
6,2024-10-11,17.75,IC,55.13,0,103.03,0.03,37.41,0,0,0,7.16,6.28,16.35,176.56,0.14
7,2024-10-11,17.58,IC,37.87,0,190,0.21,674.18,0,0,0.03,88.55,469.96,107.29,433.24,0.03
8,2024-10-11,20.1,IC,101.8,0,84.77,0.03,46.52,0,0,0.02,8.17,6.58,20.41,245.55,0.11
9,2024-10-11,18.72,IC,21.51,0,180.65,0.12,617.74,0,0,0.02,83.49,410.55,88.21,327.54,0.18
10,2024-10-11,20.06,IC,68.62,0,99.99,0,34.41,0,0,0,7.78,6.56,16.24,197.19,0.11
11,2024-10-11,16.92,IC,37.22,0,187.35,0.07,627.18,0,0,0.03,81.19,369.71,81.96,328.8,0.19
12,2024-10-11,19.84,IC,87.14,0,90.02,0.04,56.71,0,0,0.02,8.73,8.08,19.27,230.45,0.1
13,2024-10-11,18.14,IC,32.86,0,209.65,0.05,726.19,0,0,0.02,91.16,472.1,92.15,343.74,0.16
14,2024-10-11,19.89,IC,95.99,0,94.5,0.04,35.89,0,0,0.02,8.84,7.97,18.91,224.53,0.14
15,2024-10-11,17.56,IC,34.03,0,216.73,0.02,776.29,0,0,0.02,89.58,393.2,96.15,392.45,0.19
16,2024-10-11,19.89,IC,99.07,0,94.73,0.04,48.71,0,0,0.02,9.45,8.61,23.94,287.13,0.1
17,2024-10-11,16.12,IC,64.74,0,226.18,0.03,868.45,0,0,0.03,99.76,420.87,116.75,434.23,0
18,2024-10-11,20.79,IC,63.67,0,68.18,0.03,28.15,0,0,0,7.12,7.14,17.91,212.9,0.11
19,2024-10-11,18.12,IC,58.35,0,214.31,0.29,747.53,0,0,0.03,96.47,503.73,95.17,353.04,0
20,2024-10-11,19.74,IC,81.17,0,96.8,0.04,54.29,0,0,0.02,8.95,7.76,22.7,280.04,0.09
21,2024-10-11,18.22,IC,37.16,0,211.03,0.1,768.14,0,0,0.03,92.24,429.93,106.11,346.86,0
22,2024-10-11,15.71,IC,67.47,0,93.1,0.04,57.02,0,0,0.02,8.6,9.15,15.59,188.26,0.16
23,2024-10-11,18.02,IC,44.48,0,196.46,0.11,690.38,0,0,0.03,89.37,429.67,105.46,347,0
24,2024-10-11,19.06,IC,22.82,0,95.31,0.03,51.03,0,0,0.02,8.49,8.65,17.06,164.65,0.11
25,2024-10-11,18,IC,54.9,0,206.39,0.06,685.8,0,0,0.03,89.67,426.28,105.86,356.56,0
26,2024-10-11,18.22,IC,73.62,0,97.4,0.03,50.2,0,0,0.02,11.1,7.22,22.48,222.11,0.07
27,2024-10-11,15.5,IC,27.2,0,213.76,0.04,777.85,0,0,0.03,92.89,420.07,107.8,396.93,0.01
28,2024-10-11,18.02,IC,116.68,0,122.63,0,128.37,0,0,0.02,12.71,8.42,26.93,316.66,0.07
29,2024-10-11,9.16,IC,9.5,0,153.37,0.15,646.92,0,0,0.02,85.88,459.68,109.29,288.34,0.04
30,2024-10-11,20.54,IC,127.34,0,114.85,0.05,89.77,0,0,0.02,11.17,10.62,26.73,320.39,0.05
31,2024-10-11,19.64,IC,60.95,0,182.34,0.27,646.07,0,0,0.03,87.4,439.5,103.43,348.5,0.15
32,2024-10-11,18.25,IC,114.79,0,111.1,0.04,67.17,0,0,0.02,10.62,9.47,24.81,286.46,0.08
1,2024-10-25,9.2,IC,0.66,0.02,129.75,0.02,463.66,0.01,0,0.02,66.8,366.09,71.34,225.75,0.19
2,2024-10-25,9.58,IC,0.16,0,90.07,0.02,19.98,0,0,0,5.99,3.92,15.16,141.16,0.1
3,2024-10-25,9.4,IC,1.02,0,147.71,0.04,407.66,0.01,0,0.02,77.42,369.02,82.87,222.55,0.11
4,2024-10-25,9.86,IC,20.73,0,76.44,0.03,9.62,0,0,0.02,6.69,9.07,13.11,138.88,0.13
5,2024-10-25,8.54,IC,11.14,0,194.4,0.05,641.39,0,0,0.03,94.88,430.15,94.47,288.29,0.1
6,2024-10-25,9.47,IC,1.74,0,90.18,0,5.32,0,0,0,4.74,4.67,10.51,99.11,0.14
7,2024-10-25,9.2,IC,3.87,0,151.71,0.04,463.49,0,0,0.02,79.12,400.54,87.76,277,0.11
8,2024-10-25,9.77,IC,21.07,0,76.95,0.02,13.9,0,0,0,4.8,4.06,14.13,154.43,0.11
9,2024-10-25,9.68,IC,0.24,0,128.61,0.03,389.03,0.17,0,0.02,77.07,362,75.75,248.8,0.13
10,2024-10-25,10.21,IC,0.2,0,84.52,0.02,2.57,0,0,0.02,5.36,5.68,10.26,107.24,0.14
11,2024-10-25,9.13,IC,0.95,0,157.42,0.03,427.5,0,0,0.02,76.46,316.46,71.83,223.93,0.14
12,2024-10-25,10.05,IC,5.94,0,81.01,0.02,10.75,0,0,0.02,5.72,8.36,12.31,120.96,0.13
13,2024-10-25,9.23,IC,0.94,0,156.94,0.03,415.25,0.01,0,0.03,83.12,394.66,76.63,238.35,0.14
14,2024-10-25,10.08,IC,8.43,0,78.99,0.02,8.43,0,0,0.02,5.58,8.52,11.67,112.75,0.14
15,2024-10-25,9.34,IC,0.71,0.02,182.9,0.04,501.56,0,0,0.02,78.7,335.38,81.43,286.26,0
16,2024-10-25,9.68,IC,15.43,0,82.28,0.03,21.26,0,0,0.02,5.95,6.99,16.59,177.49,0.11
17,2024-10-25,9.22,IC,13.87,0,191.76,0.03,671.45,0,0,0.03,96.51,381.3,104.81,372,0.01
18,2024-10-25,9.94,IC,14.6,0.02,50.09,0.02,6.6,0,0,0.02,4.97,9.25,13.59,148.43,0.13
19,2024-10-25,9.43,IC,3.55,0,177.62,0.16,446.09,0,0,0.03,89.4,418.01,78.98,225.79,0.14
20,2024-10-25,8.93,IC,0.92,0,87.49,0.02,6.11,0,0,0.02,6.2,7.19,14.64,161.01,0.1
21,2024-10-25,9.11,IC,1.38,0,185.43,0.13,520.77,0,0,0.03,86.51,364.07,89.78,269.34,0.13
22,2024-10-25,9.78,IC,6.36,0.04,89.34,0.03,18.71,0,0,0.02,5.09,8.6,11.38,109.34,0.15
23,2024-10-25,9.36,IC,0.09,0,81.63,0.02,6.29,0,0,0.03,7.83,9.22,13.07,100.85,0.13
24,2024-10-25,9.57,IC,2.38,0.01,145.87,0.03,457.45,0.01,0,0.03,79.47,365.59,87.78,245.39,0.12
25,2024-10-25,8.82,IC,7.39,0,173.87,0.03,471.25,0,0,0.03,84.06,358.87,88.86,241.24,0.11
26,2024-10-25,9.9,IC,4.53,0,79.92,0.02,11.21,0,0,0.02,5.97,4.54,15.41,125.5,0.11
27,2024-10-25,8.89,IC,0.41,0,195.88,0.03,582.45,0,0,0.03,89.04,371.57,94.48,317.45,0.01
28,2024-10-25,9.27,IC,7.33,0.01,127.48,0.02,56.81,0,0,0.02,6.96,4.38,16.85,161.33,0.11
29,2024-10-25,5.18,IC,3.54,0,49.22,0.03,412.89,0,0,0.02,77.31,414.9,94.89,271.22,0.05
30,2024-10-25,9.96,IC,29.39,0,99.29,0.04,44.39,0,0,0.02,8.01,6.78,18.13,183.22,0.09
31,2024-10-25,10.02,IC,0.9,0.03,39.63,0.03,456.39,0.02,0,0.03,79.13,388.42,86.87,250.78,0.15
32,2024-10-25,8.3,IC,14.54,0,100.3,0.02,29.1,0,0,0.02,7.19,4.68,19.55,206.98,0.1
1,2024-11-05,2.03,IC,2.48,0.03,130.08,0.03,425.82,0,0,0.03,66.43,363,64.74,156.31,0.19
2,2024-11-05,1.77,IC,0.07,0,90.3,0.02,9.38,0,0,0,7.56,7.44,13.99,144.45,0.12
3,2024-11-05,1.86,IC,2.57,0,154.77,0.03,383.41,0,0,0.02,78.44,365.01,80.06,159.57,0.11
4,2024-11-05,1.5,IC,6.54,0.01,74.22,0.04,2.69,0,0,0.03,9.38,20.14,10.01,79.88,0.15
5,2024-11-05,2.38,IC,19.7,0,196.23,0.04,575.54,0,0,0.03,94.88,444.54,86.46,199.7,0.11
6,2024-11-05,1.77,IC,0.4,0,81.57,0,0.46,0,0,0,6.2,6.43,8.48,63.06,0.16
7,2024-11-05,1.7,IC,3.46,0.02,151.14,0.03,397.61,0,0,0.03,74.53,389.97,81.48,211.58,0.1
8,2024-11-05,1.61,IC,8.27,0,77.15,0.02,4.26,0,0,0,6.65,7.5,10.95,90.43,0.13
9,2024-11-05,2.39,IC,1.06,0,148.55,0.09,388.83,0,0,0.03,81.25,369.72,74.97,163.95,0.13
10,2024-11-05,1.71,IC,0,0,67.96,0.02,0.33,0,0,0.03,7.31,11.26,8.24,70.78,0.16
11,2024-11-05,2.25,IC,5.08,0.05,158.55,0.03,387.43,0,0,0.03,73.06,331.27,65.08,161.9,0.15
12,2024-11-05,1.78,IC,3.87,0,72.91,0,3.81,0,0,0.03,12.82,27.77,10.52,78.36,0.15
13,2024-11-05,2.22,IC,3.24,0,148.93,0.03,326.16,0,0,0.03,84.21,397.11,71.03,117.81,0.12
14,2024-11-05,1.61,IC,1.8,0,76.51,0.02,1.88,0,0,0.02,10.04,18.86,9.38,72.36,0.16
15,2024-11-05,2.17,IC,1.92,0,166.29,0.03,405.94,0,0,0.02,81.75,330.11,74.43,165.4,0.13
16,2024-11-05,1.69,IC,6.07,0,77.34,0.03,9.85,0,0,0.02,9.57,14.36,14.83,117.81,0.11
17,2024-11-05,2.38,IC,16.99,0,206.64,0.02,585.45,0,0,0.03,95.77,395.04,98.51,237.04,0.11
18,2024-11-05,NA,NA,NA,NA,NA,NA,NA,NA,NA,NA,NA,NA,NA,NA,NA
19,2024-11-05,2.19,IC,7.56,0,167.19,0.04,365.54,0,0,0.03,90.25,402.59,68.65,130.4,0.15
20,2024-11-05,1.61,IC,0.07,0,78.66,0.05,0.6,0,0,0.02,8.82,12.8,13.96,131.13,0.1
21,2024-11-05,2,IC,2.65,0,178.95,0.03,438.6,0.11,0,0.03,85.87,360,82.26,161.17,0.12
22,2024-11-05,1.52,IC,3.31,0,82.13,0.02,6.63,0,0,0.02,8.7,17.16,8.94,81.46,0.16
23,2024-11-05,2.07,IC,3.49,0,165.67,0.04,434.75,0,0,0.03,86.87,369.33,83.58,170.8,0.13
24,2024-11-05,1.75,IC,0,0,79.03,0,1.65,0,0,0.02,8.55,10.15,10.05,73.15,0.16
25,2024-11-05,2.16,IC,6.81,0.02,170.23,0.04,428.51,0,0,0.03,79.81,360,84,257.15,0.15
26,2024-11-05,1.29,IC,1.26,0,77.24,0.02,2.34,0,0,0.02,7.79,7.08,13.11,93.58,0.11
27,2024-11-05,1.94,IC,0.67,0,190.36,0.03,525.12,0.02,0,0.03,87.7,364.17,87.29,248.61,0.17
28,2024-11-05,1.46,IC,4.33,0,121.04,0.04,32.65,0,0,0.02,12.88,10.43,13.58,113.25,0.14
29,2024-11-05,0.9,IC,1.23,0,119.73,0.09,363.63,0,0,0.02,76.05,406.66,92.65,120.68,0.04
30,2024-11-05,1.7,IC,11.75,0,93.36,0.05,24.97,0,0,0.02,9.77,10.46,14.23,127.32,0.13
31,2024-11-05,1.69,IC,1.56,0,135.54,0.02,401.37,0,0,0.03,83.37,382.66,74.26,193.84,0.19
32,2024-11-05,1.4,IC,10.36,0,99.9,0.02,17.11,0,0,0.03,13.46,12.53,19.75,165.06,0.13
1,2024-11-20,1.2,IC,5.59,0,128.5,0.02,394.53,0,0,0.02,67.04,308.66,56.42,146.4,0.2
2,2024-11-20,0.65,IC,2.42,0,98.85,0,18.68,0,0,0.02,20.1,22.2,13.58,113.39,0.11
3,2024-11-20,0.18,IC,4.59,0,158.43,0,416.33,0,0,0.03,79.37,299.39,72.61,128.28,0.1
4,2024-11-20,0.35,IC,8.34,0,73.24,0,3.07,0,0,0.02,15.77,26.53,8.07,54.07,0.13
5,2024-11-20,1.13,IC,22.09,0,191.55,0,499.33,0,0,0.03,93.53,387.15,71.43,183.58,0.11
6,2024-11-20,0.56,IC,2.4,0,84.54,0,2.54,0,0,0.02,13.46,13.45,7.62,49.98,0.16
7,2024-11-20,0.42,IC,5.9,0,153.26,0.03,386.02,0,0,0.03,77.68,350.16,76.03,141.37,0.06
8,2024-11-20,0.27,IC,12.49,0,77.85,0,7.47,0,0,0,14.58,10.75,9.69,69.37,0.12
9,2024-11-20,1.4,IC,3.62,0,148.81,0.03,350.77,0.06,0,0.03,77.57,321.88,57.67,128.28,0.17
10,2024-11-20,0.47,IC,3.58,0,76.28,0.02,3.7,0,0,0.02,21.47,27.38,6.5,48.2,0.16
11,2024-11-20,1.33,IC,8.91,0,153.65,0.03,327.87,0.02,0,0.03,74.25,274.16,52.84,133.19,0.17
12,2024-11-20,0.61,IC,6.91,0,73.75,0.02,6.3,0,0,0.04,29.18,70.83,8.82,48.38,0.18
13,2024-11-20,1.13,IC,8.56,0,149.24,0.04,279.02,0,0,0.03,82.45,346.12,52.86,103.55,0.16
14,2024-11-20,0.47,IC,9.5,0,84.12,0.02,5.52,0,0,0.04,25.89,44.93,7.84,50.52,0.17
15,2024-11-20,1.1,IC,7.07,0,174.22,0.03,390.79,0,0,0.03,80.07,280.3,61.02,165.59,0.1
16,2024-11-20,0.54,IC,16.85,0,92.61,0.03,15.19,0,0,0.03,25.3,28,16.39,93.22,0.1
17,2024-11-20,1.15,IC,20.57,0,200.71,0.04,501.69,0,0,0.03,92.74,338.19,79.89,196.85,0.14
18,2024-11-20,2.53,IC,6.54,0,52.03,0.02,2.52,0,0,0.02,10.31,16.21,13.74,92.18,0.1
19,2024-11-20,1.2,IC,12.21,0,161.86,0.04,301.12,0,0,0.04,93.62,352.5,51.84,113.79,0.18
20,2024-11-20,0.5,IC,0.86,0,82.65,0.04,4.55,0,0,0.03,20.31,30.94,13.56,95.27,0.09
21,2024-11-20,1.09,IC,6.79,0,176.79,0.04,382.4,0,0,0.03,83.43,307.74,65.02,148.43,0.16
22,2024-11-20,0.51,IC,7.06,0.02,83.95,0.03,9.7,0,0,0.03,17.6,34.26,7.65,58.1,0.17
23,2024-11-20,1.04,IC,9.07,0.02,162.71,0.03,366.17,0,0,0.04,82.78,324.57,64.04,139.25,0.15
24,2024-11-20,0.64,IC,1.07,0,83.03,0.02,5.14,0,0,0.02,14.15,16.97,8.24,56.58,0.2
25,2024-11-20,0.99,IC,13.6,0,175.19,0.03,395.59,0,0,0.03,83.38,313.11,69.28,184.68,0.16
26,2024-11-20,0.48,IC,6.05,0,85.06,0.02,6.58,0,0,0.02,20.58,18.58,9.82,61.07,0.12
27,2024-11-20,0.92,IC,2.65,0,187.36,0.03,493.4,0,0,0.03,85.63,328.04,72.93,190.55,0.17
28,2024-11-20,0.7,IC,8.72,0,118.5,0.04,36.36,0,0,0.02,21.14,16.74,12.3,92.79,0.13
29,2024-11-20,0.68,IC,2.22,0,31.62,0.03,300.89,0.04,0,0,70.33,353.64,87.36,224.72,0.03
30,2024-11-20,0.78,IC,11.11,0,91.17,0.03,23.56,0,0,0.02,9.37,8.81,10.95,89.52,0.11
31,2024-11-20,1.74,IC,5.43,0,138.25,0.04,371.28,0.03,0,0.03,81.35,352.51,57.49,144.36,0.24
32,2024-11-20,0.43,IC,15.26,0,103.21,0.03,18.25,0,0,0.03,18.1,18.14,19.57,129.91,0.09
1,2024-12-04,12.61,IC,15.63,0,110.34,0.02,314.75,0.09,0,0,56.83,280.01,48.64,181.18,0.22
2,2024-12-04,14.36,IC,8.81,0,82.59,0.03,10.19,0,0,0,7.02,7.2,11.21,127.59,0.15
3,2024-12-04,11.465,IC,15.47,0,108.54,0.03,191.23,0.02,0,0,60.82,278.55,53.55,153.65,0.14
4,2024-12-04,15.33,IC,12.38,0,54.59,0.03,1.36,0,0,0,6.68,9.68,7.63,84,0.19
5,2024-12-04,14.31,IC,30.52,0,151.84,0,367.64,0.12,0,0.02,75.25,344.89,61.45,212.4,0.2
6,2024-12-04,16.035,IC,10.95,0,63.38,0.03,1.33,0,0,0,5.41,6.03,7.39,77.58,0.2
7,2024-12-04,12.86,IC,16.97,0,30.52,0.02,231.03,0,0,0.02,63.14,314.79,62.76,192.26,0.12
8,2024-12-04,14.835,IC,12.67,0,57.13,0.04,1.61,0,0,0,5.08,3.21,8.03,91.64,0.19
9,2024-12-04,16.125,IC,15.53,0,26.47,0.03,212.72,0.18,0,0,60.36,276.85,49.13,166.11,0.19
10,2024-12-04,16.495,IC,10.9,0,50.43,0.03,0.87,0,0,0,6.84,10.59,6.9,74.49,0.18
11,2024-12-04,15.62,IC,21.01,0,116.7,0,221.34,0.17,0,0.02,60.01,245.94,45.79,165.41,0.2
12,2024-12-04,17.04,IC,12.95,0,45.19,0.03,1.04,0,0,0,5.88,8.29,7.11,83.26,0.19
13,2024-12-04,15.14,IC,19.18,0,103.14,0.04,171.89,0.16,0,0,61.53,279.4,44.17,145.12,0.2
14,2024-12-04,16.36,IC,12.5,0,51.78,0.03,1.02,0,0,0,6.13,9.71,7.03,78.28,0.2
15,2024-12-04,15.14,IC,18.29,0,128.38,0.03,232.43,0.15,0,0,63.4,249.6,48.02,176.78,0.21
16,2024-12-04,16.095,IC,13.31,0,57.57,0.03,3.89,0,0,0,6.83,6.38,10.43,120.51,0.16
17,2024-12-04,15.3,IC,25.46,0,162.4,0.03,333.2,0.02,0,0.02,72.3,293.79,61.29,213.1,0.2
18,2024-12-04,17.375,IC,12.95,0,35.22,0.03,2.32,0,0,0,4.9,7.48,8.48,101,0.17
19,2024-12-04,15.71,IC,23.28,0,118.56,0.03,177.45,0.2,0,0.03,60.52,299.9,45.5,147.66,0.21
20,2024-12-04,16.88,IC,9.53,0,49.66,0.03,1.57,0,0,0,6.74,7.11,10.38,122.51,0.14
21,2024-12-04,15.605,IC,18.95,0,133.93,0.02,227.8,0,0,0.03,64.93,267.62,53.7,155.87,0.18
22,2024-12-04,15.73,IC,10.98,0,63.27,0,1.94,0,0,0.03,5.3,8.35,6.8,78.22,0.12
23,2024-12-04,15.15,IC,17.3,0,30.16,0,223.96,0,0,0.03,62.9,276.25,56.63,168.58,0.17
24,2024-12-04,15.075,IC,8.74,0,65.69,0.03,4.82,0,0,0,7.77,9.73,8.65,86.65,0.19
25,2024-12-04,14.065,IC,20.06,0,35.13,0,245.13,0,0,0.03,64.87,272.5,57.67,186.04,0.18
26,2024-12-04,15.01,IC,9.49,0,59.36,0,2.27,0,0,0,7.44,6.84,10.2,101.13,0.15
27,2024-12-04,13.815,IC,15.1,0,43.89,0.03,333.02,0,0,0.03,69.41,293.15,63.74,213.61,0.18
28,2024-12-04,14.9,IC,11.16,0,87.05,0.03,15.67,0,0,0,8.73,7.45,9.97,108.76,0.18
29,2024-12-04,13.41,IC,5.15,0,29.37,0,288.31,0,0.03,0,65.73,313.76,80.87,211.2,0.06
30,2024-12-04,14.63,IC,12.82,0,74.17,0.03,11.75,0,0,0,7.17,7.05,9.73,101.77,0.15
31,2024-12-04,14.17,IC,14.29,0,27.72,0.02,287.11,0.08,0,0.03,62.39,289.76,55.35,178.45,0.21
32,2024-12-04,13.99,IC,11.26,0,79.98,0.03,7.13,0,0,0,7.27,6.13,12.42,134.9,0.13
1,2024-12-16,9.37,IC,23.16,0,77.63,0.07,181.58,0.27,0,0,48.06,243.69,37.07,150.13,0.23
2,2024-12-16,9.3,IC,14.96,0,52.8,0.03,8.66,0,0,0,5.59,4.79,9.86,120.14,0.13
3,2024-12-16,9.03,IC,24.29,0,69.19,0.06,93.54,0.1,0,0,52.73,254.55,43.91,144.19,0.13
4,2024-12-16,10.55,IC,18.77,0,31.12,0.03,10.09,0,0,0,5.86,9.52,7.34,87.67,0.18
5,2024-12-16,10.98,IC,37.95,0,105.13,0.04,163.57,0.24,0,0.02,61.43,298.51,44.71,163.2,0.18
6,2024-12-16,11.19,IC,18.34,0,35.68,0.02,12.45,0,0,0,4.63,4.87,6.97,82.62,0.19
7,2024-12-16,9.35,IC,23.53,0,30.52,0.04,104.85,0.26,0,0,53.29,278.89,48.68,206.06,0.14
8,2024-12-16,9.88,IC,18.26,0,31.05,0.04,4.8,0,0,0,4.51,2.38,7.41,90.35,0.17
9,2024-12-16,12.08,IC,28.49,0,69.76,0.03,98.17,0.42,0,0,50.28,247.37,38.7,144.93,0.17
10,2024-12-16,11.71,IC,18.22,0,27.46,0.03,5.61,0,0,0,5.16,6.36,6.49,79.23,0.18
11,2024-12-16,12.42,IC,37.06,0,61.06,0.04,97.87,0.3,0,0,48.14,220.37,36.22,137.39,0.18
12,2024-12-16,12.19,IC,20.56,0,21.7,0.03,11,0,0,0,5.54,6.27,7.47,92.4,0.17
13,2024-12-16,10.64,IC,29.35,0,63.44,0.04,68.21,0.28,0,0,51.71,248.08,35.03,122.56,0.18
14,2024-12-16,11.72,IC,19.1,0,28.18,0.03,10.17,0,0,0,5.21,7.07,6.99,83.79,0.18
15,2024-12-16,11.45,IC,29.42,0,77.99,0.04,97.59,0.3,0,0,52.71,223.78,37.11,145.97,0.21
16,2024-12-16,11.5,IC,21.33,0,31.14,0.03,13.76,0,0,0,5.97,5.29,9.51,119.66,0.14
17,2024-12-16,11.5,IC,33.28,0,85.28,0.04,119.77,0.08,0,0.02,57.5,253.41,43.18,153.51,0.19
18,2024-12-16,13.1,IC,23.11,0,20.48,0.03,17.25,0,0,0,4.62,6.07,8.83,111.61,0.15
19,2024-12-16,12.11,IC,36.53,0,64.12,0.05,66.59,0.37,0,0.02,54.69,282,36.8,128.98,0.19
20,2024-12-16,12.63,IC,16.57,0,27,0.04,8.33,0,0,0,5.88,4.95,9.7,121.67,0.13
21,2024-12-16,13,IC,31.28,0,75.85,0.05,90.31,0.02,0,0.02,55.61,247.8,42.21,144.25,0.17
22,2024-12-16,10.88,IC,20.53,0,33.68,0.03,15.5,0,0,0,4.74,6.41,6.93,85.94,0.19
23,2024-12-16,11.22,IC,26.97,0,68.72,0.04,98.41,0,0,0.02,53.65,252.4,44.95,150.97,0.14
24,2024-12-16,10.89,IC,16.01,0,43.8,0.03,11.98,0,0,0,7.12,7.46,8.8,95.68,0.18
25,2024-12-16,11.14,IC,28.99,0,89.54,0.04,103.15,0,0,0,55.36,250.12,45.9,152.03,0.15
26,2024-12-16,10.62,IC,16.58,0,37.07,0.03,7.28,0,0,0.02,6.44,5.29,10.08,109.26,0.14
27,2024-12-16,10.88,IC,27.56,0,111.22,0.06,159.31,0.08,0,0.02,59.47,266.25,50.44,180.12,0.17
28,2024-12-16,10.53,IC,17.67,0,47.47,0.03,12.13,0,0,0,8.06,5.98,9.44,108.83,0.15
29,2024-12-16,10.55,IC,8.04,0,98.07,0.03,164.27,0.41,0,0,56.91,275.51,57.68,265.7,0.11
30,2024-12-16,10.21,IC,14.41,0,42.86,0.03,7.31,0,0,0,6.86,5.43,8.89,99.55,0.14
31,2024-12-16,12.78,IC,21.15,0,74.1,0.07,156.62,0.22,0,0.02,54.98,267.62,45.05,156.44,0.19
32,2024-12-16,11.35,IC,14.33,0,52.18,0.03,6.65,0,0,0,6.34,4.3,10.84,127.37,0.14
1,2024-12-31,8.62,IC,29.59,0,55.88,0.04,110.54,0.46,0,0,42.95,219.25,30.72,125.55,0.21
2,2024-12-31,9.09,IC,21.64,0,34.89,0.03,20.43,0,0,0,5.65,5.32,9.99,122.18,0.12
3,2024-12-31,7.88,IC,36.34,0,49.44,0.05,65.3,0.07,0,0,48.14,235.54,38.78,140.92,0.11
4,2024-12-31,10.18,IC,26.86,0,22.52,0.03,25.11,0,0,0,5.46,9.01,7.43,91.54,0.18
5,2024-12-31,11.03,IC,45.23,0,70.85,0.04,95.39,0.35,0,0.02,55.01,267.01,36.07,133.5,0.2
6,2024-12-31,10.88,IC,26.6,0,25.61,0.03,29.93,0,0,0,4.85,5.45,7.45,91.16,0.19
7,2024-12-31,9.88,IC,34.56,0,21.21,0.04,75.79,0.33,0,0,49.14,262.16,44.41,188.61,0.13
8,2024-12-31,10.75,IC,27.24,0,19.97,0.05,20.87,0,0,0,4.45,2.17,7.67,94.99,0.17
9,2024-12-31,11.7,IC,33.74,0,45.6,0.03,66.93,0.6,0,0,42.36,217.77,31.29,122.15,0.17
10,2024-12-31,11.45,IC,28.18,0,19.16,0.03,25.6,0,0,0,5.39,7,7.11,89.84,0.17
11,2024-12-31,13.59,IC,36.01,0,44.14,0.03,65.37,0.46,0,0,40.09,191.39,28.18,111.99,0.19
12,2024-12-31,11.51,IC,25.71,0,16.04,0.03,19.42,0,0,0,5.46,6.62,7.14,89.95,0.17
13,2024-12-31,11.27,IC,41.75,0,44.5,0.03,52.78,0.46,0,0,46.98,227.43,29.4,108.98,0.19
14,2024-12-31,13.29,IC,28.39,0,18.29,0.03,28.87,0,0,0.02,5.16,6.65,7.35,91.47,0.19
15,2024-12-31,13.64,IC,40.42,0,49.21,0.03,61.91,0.44,0,0,46.6,204.37,31.16,126.24,0.21
16,2024-12-31,12.05,IC,27.75,0,21.88,0.03,21.09,0,0,0,6.04,5.41,9.62,124.44,0.14
17,2024-12-31,13.17,IC,38.49,0,49.64,0.03,71.25,0.3,0,0.02,49.16,224.31,33.94,126.17,0.19
18,2024-12-31,13.43,IC,21.71,0,14.36,0.03,16.75,0,0,0,4.39,5.91,8.2,104.48,0.15
19,2024-12-31,11.17,IC,48.04,0,44.37,0.04,46.94,0.52,0,0.02,47.93,258.2,30.49,110.49,0.18
20,2024-12-31,12.01,IC,23.85,0,18.55,0.03,21.91,0,0,0,5.99,5.11,9.98,128.38,0.12
21,2024-12-31,12.67,IC,41.8,0,49.18,0.04,59,0.13,0,0,48.36,222.31,35.17,130.02,0.17
22,2024-12-31,10.47,IC,24.93,0,24.44,0.03,21.29,0,0,0,4.67,7.05,6.95,85.49,0.19
23,2024-12-31,11.17,IC,39.17,0,50.1,0.03,67.55,0.1,0,0.02,48.83,233.15,39.02,138.94,0.15
24,2024-12-31,10.5,IC,22.56,0,31.65,0.03,26.25,0,0,0,6.84,7.79,8.64,96.15,0.17
25,2024-12-31,10.58,IC,38.78,0,56.79,0.03,57.46,0.07,0,0,48.95,223.28,37.48,132.71,0.17
26,2024-12-31,10.06,IC,25.04,0,26.73,0.02,20.28,0,0,0,6.43,5.59,9.98,109.97,0.13
27,2024-12-31,10.41,IC,37.51,0,71.75,0.03,98.1,0.23,0,0,51.82,236.14,40.78,149.43,0.16
28,2024-12-31,10.46,IC,24.59,0,31.21,0.03,19.26,0,0,0,7.95,5.74,8.95,106.06,0.15
29,2024-12-31,10.48,IC,10.7,0,63.88,0.02,98.55,0.7,0.01,0,50.96,251.29,46.44,212.07,0.11
30,2024-12-31,10.93,IC,17.43,0,28.11,0.03,16,0,0,0,6.75,5.08,8.1,91.9,0.15
31,2024-12-31,12.36,IC,24.8,0,49.3,0.03,87.37,0.53,0,0.03,47.38,233.51,34.71,121.74,0.18
32,2024-12-31,10.84,IC,19.18,0,35.17,0.02,13.2,0,0,0,6.16,4.17,10.44,124.93,0.13
1,2025-01-07,16.1,IC,25.69,0,36.48,0.06,53.74,1.79,0,0,34.58,185.05,23,100.15,0.24
2,2025-01-07,19.01,IC,18.79,0,17.91,0.05,18.08,0,0,0,4.49,3.13,7.61,102.74,0.15
3,2025-01-07,14.93,IC,31.55,0,26.29,0.07,27.64,0,0,0,37.08,198.35,30.34,73.9,0.13
4,2025-01-07,22.12,IC,14.23,0,10.69,0.06,10.08,0,0,0,3.43,4.99,4.72,62.78,0.21
5,2025-01-07,18.53,IC,49.42,0,38.52,0.07,49.33,1.62,0,0.03,44.39,228.8,28.13,114.23,0.21
6,2025-01-07,17.45,IC,19.07,0,16.37,0,18.23,0,0,0,3.68,3.77,5.62,76.89,0.22
7,2025-01-07,12.58,IC,37.42,0,37.05,0.05,43.98,0,0,0,42.61,233.14,38.6,88.44,0.11
8,2025-01-07,14.02,IC,28.03,0,14.84,0.06,24.56,0,0,0,4.09,1.87,6.63,91.46,0.18
9,2025-01-07,15.77,IC,38.07,0,45.03,0.06,49.41,1.52,0,0,40.49,206.2,28.65,117.13,0.22
10,2025-01-07,15.23,IC,27.35,0,15.96,0.05,21.75,0,0,0,4.46,4.56,6.1,86.31,0.19
11,2025-01-07,19.73,IC,25.62,0,24.17,0.06,28.1,1.69,0,0,28.3,155.61,20.62,89.06,0.19
12,2025-01-07,20.21,IC,14.96,0,8.4,0.06,9.13,0,0,0,4.23,2.84,5.12,70.74,0.21
13,2025-01-07,18.7,IC,38.77,0,29.13,0.07,28.39,1.66,0,0,39.47,203.61,25.29,102.33,0.19
14,2025-01-07,22.6,IC,15.92,0,10.15,0.05,11.77,0,0,0,3.59,3.12,5.28,72.28,0.21
15,2025-01-07,22.16,IC,36.44,0,32.34,0.08,31.05,1.57,0,0,38.32,178.77,25.63,109.22,0.2
16,2025-01-07,19.61,IC,19.05,0,13.62,0.05,11.09,0,0,0,4.76,3.13,7.29,103.35,0.15
17,2025-01-07,17.87,IC,42.22,0,41.64,0.05,50.36,1.47,0,0,44.12,211.22,30.97,124.69,0.19
18,2025-01-07,17.52,IC,16.89,0,12.07,0.05,10.15,0,0,0,3.55,3.72,6.48,89.31,0.18
19,2025-01-07,16.32,IC,47.54,0,36.47,0.06,28.47,1.62,0,0.04,41.27,228.29,26.71,105.21,0.18
20,2025-01-07,15.27,IC,21.33,0,14.66,0.04,16.09,0,0,0,5.02,3.54,7.99,112.33,0.14
21,2025-01-07,22.58,IC,32.7,0,28.26,0.06,24.59,1.54,0,0,38.16,190.2,27.29,114.49,0.17
22,2025-01-07,17.55,IC,17.04,0,13.28,0.05,11.94,0,0,0,3.21,3.57,4.86,67.59,0.2
23,2025-01-07,19.49,IC,33.38,0,29.3,0.06,31.5,1.49,0,0,37.25,194.69,30.24,124.45,0.16
24,2025-01-07,19.05,IC,18.02,0,18.82,0.05,15.79,0,0,0,5.2,4.41,6.49,82.42,0.19
25,2025-01-07,17.77,IC,32.7,0,25.92,0.06,23.16,1.49,0,0,36.86,187.58,28.18,116.11,0.17
26,2025-01-07,17.41,IC,20.35,0,16.77,0.05,12.1,0,0,0,5.27,3.64,8.01,100.55,0.16
27,2025-01-07,16.37,IC,29.17,0,35.86,0.06,40.7,1.53,0,0,38.53,193.53,29.46,118.82,0.16
28,2025-01-07,16.37,IC,17.03,0,16.54,0.05,11.03,0,0,0,7.05,3.96,6.76,88.16,0.17
29,2025-01-07,18.81,IC,16.23,0,39.96,0.05,44.65,0,0,0,41.73,221.06,36.84,51.57,0.08
30,2025-01-07,17.68,IC,13.1,0,14.3,0.05,11.26,0,0,0,6.39,3.9,6.96,87.79,0.17
31,2025-01-07,20.52,IC,22.28,0,36.06,0.06,44.66,1.87,0,0,37.64,197.65,28.42,114.18,0.17
32,2025-01-07,19.26,IC,16.92,0,19.24,0.05,11.17,0,0,0,5.28,3.18,7.4,97.34,0.16
1,2025-01-14,5.03,IC,25.32,0,32.06,0.03,41.21,1.24,0,0,32.19,177.67,20.7,92.21,0.21
2,2025-01-14,8.08,IC,18.55,0,16.57,0.03,16.03,0,0,0,4.62,3.78,8.02,99.11,0.14
3,2025-01-14,4.84,IC,28.5,0,25.42,0.03,23.94,0.79,0,0,35.75,195.18,27.67,114.74,0.14
4,2025-01-14,6.3,IC,17.15,0,12.37,0.03,11.24,0,0,0,4.02,5.81,5.42,70.82,0.21
5,2025-01-14,6.28,IC,37.5,0,28.08,0.03,31.83,0.69,0,0,39.2,224.91,34.09,151.22,0.13
6,2025-01-14,6.6,IC,18.01,0,13.99,0.02,14.2,0,0,0,3.82,3.77,5.36,71.57,0.2
7,2025-01-14,4.61,IC,42.43,0,30.3,0.02,31.74,0.88,0,0,41.56,224.53,26.01,103.29,0.19
8,2025-01-14,6.03,IC,23.72,0,12.18,0.03,18.86,0,0,0,4.05,1.84,6.3,83,0.18
9,2025-01-14,6.02,IC,38.24,0,30.62,0.03,36.44,0.82,0,0,35.97,195.36,25.09,104.69,0.18
10,2025-01-14,6.46,IC,22.93,0,13.23,0.03,14.12,0,0,0,4.49,4.64,5.68,76.69,0.18
11,2025-01-14,6.42,IC,28.52,0,27.61,0.03,28.84,0.84,0,0,29.52,158.73,20.66,90.72,0.18
12,2025-01-14,5.98,IC,14.55,0,7.8,0.02,8.28,0,0,0,5,5.61,5.12,66.47,0.2
13,2025-01-14,6.32,IC,33.08,0,24.04,0.03,19.65,0.8,0,0,36.1,192.19,22.86,93.06,0.19
14,2025-01-14,6.56,IC,13.33,0,8.41,0.03,8.71,0,0,0,4.02,4.65,5.1,65.83,0.21
15,2025-01-14,6.07,IC,31.66,0,22.29,0.03,19.33,0.79,0,0,35.85,175.46,23.01,100.01,0.19
16,2025-01-14,6.75,IC,16.38,0,10.18,0.03,8.64,0,0,0,5.09,4.19,6.92,92.05,0.16
17,2025-01-14,6.81,IC,39.86,0,28.93,0.02,32.5,0.49,0,0,40.37,202.1,27.83,110.26,0.18
18,2025-01-14,7.83,IC,13.1,0,8.09,0.03,5.89,0,0,0,3.66,4.19,5.78,78.39,0.17
19,2025-01-14,6.78,IC,43.19,0,24.37,0.03,18.88,0.93,0,0.03,37.97,217.82,22.51,91.08,0.19
20,2025-01-14,7.41,IC,16.84,0,11.23,0.03,9.44,0,0,0,5.06,3.48,7.15,100.64,0.14
21,2025-01-14,6.35,IC,27.45,0,21.28,0.03,15.39,0.57,0,0,33.83,178.17,23.62,96.86,0.17
22,2025-01-14,6.45,IC,16.53,0,11.09,0.03,10.34,0,0,0.03,3.73,4.23,4.96,66.73,0.23
23,2025-01-14,6.5,IC,30.46,0,25.19,0.03,23.61,0.48,0,0,36.35,190.87,27.78,113,0.15
24,2025-01-14,6.42,IC,14.29,0,15.87,0.03,10.4,0,0,0,5.5,4.39,5.98,74.36,0.2
25,2025-01-14,6.5,IC,28.55,0,23.15,0.02,16.91,0.47,0,0,34.69,182.09,25.33,103.74,0.17
26,2025-01-14,6.67,IC,15.15,0,12.07,0.02,7.43,0,0,0,5.09,3.45,7.15,88.75,0.16
27,2025-01-14,6.22,IC,28.64,0,35.62,0.03,35.7,0.53,0,0,36.97,192.58,27.69,114.32,0.16
28,2025-01-14,6.05,IC,17.04,0,13.8,0.03,10.5,0,0,0,7.24,4.19,6.59,84.47,0.18
29,2025-01-14,5.78,IC,16.26,0,29.62,0.02,27.64,0.91,0,0,36.59,209.27,29.54,144.11,0.11
30,2025-01-14,5.8,IC,12.8,0,11.13,0.03,10.11,0,0,0,6.57,3.81,6.7,84.53,0.17
31,2025-01-14,6.24,IC,19.86,0,27.19,0.03,28.95,1.05,0,0,35.37,190.98,24.05,96.78,0.17
32,2025-01-14,5.64,IC,14.7,0,15.35,0.03,8.96,0,0,0,5.42,3.61,7.06,85.91,0.17
1,2025-01-28,10.98,IC,31.8,0,35.81,0.03,40.12,0.93,0,0,34.85,191.42,22.75,101.84,0.2
2,2025-01-28,10.67,IC,18.94,0,15.76,0.03,13.89,0,0,0,5.06,4.55,7.45,97.94,0.15
3,2025-01-28,9.12,IC,35.02,0,20.73,0.04,18.54,0.71,0,0,37.18,212.43,30.33,126.37,0.13
4,2025-01-28,11.1,IC,17.15,0,11.52,0.03,8.55,0,0,0,4.28,5.89,5.49,74.37,0.2
5,2025-01-28,12.22,IC,46.06,0,31.25,0.03,28.39,0.71,0,0.03,43.5,234.67,27.33,110.9,0.19
6,2025-01-28,10.78,IC,16.44,0,12.01,0.03,9.04,0,0,0,4.12,4.47,5.21,70.91,0.21
7,2025-01-28,9.38,IC,37.18,0.12,21.11,0.03,19.27,0.71,0,0,36.78,223.2,32.47,143.15,0.12
8,2025-01-28,10.46,IC,22.8,0,11.45,0.04,13.86,0,0,0,4.1,1.94,6.32,85.75,0.19
9,2025-01-28,11.87,IC,43.88,0,28.43,0.03,32.36,0.69,0,0,37.6,209.23,26.97,112.26,0.17
10,2025-01-28,11.03,IC,19.96,0,11.29,0.03,8.39,0,0,0,4.8,5.38,5.23,72.69,0.19
11,2025-01-28,10.95,IC,39.43,0,33.95,0.03,29.79,0.61,0,0,33.44,178.87,24.11,103.3,0.18
12,2025-01-28,10.92,IC,17.41,0,8.67,0,8.07,0,0,0,5.27,6.19,5.38,72.94,0.19
13,2025-01-28,11.86,IC,40.92,0,25.98,0.03,18.36,0.79,0,0,38.02,207.35,24.96,101.65,0.17
14,2025-01-28,11.36,IC,14.33,0.01,8.21,0.02,7.36,0,0,0,4.23,5.85,5.07,67.45,0.21
15,2025-01-28,10.93,IC,36.53,0,24.33,0.03,18.5,0.48,0,0,36.97,183.04,24.52,104.5,0.19
16,2025-01-28,11.34,IC,15.85,0,9.5,0.03,6.88,0,0,0,5.25,4.97,6.48,88.14,0.17
17,2025-01-28,11.18,IC,45.85,0,27.77,0.03,28.98,0.4,0,0,41.7,211.57,28.76,117.79,0.18
18,2025-01-28,12.37,IC,12.86,0,8.06,0.03,4.15,0,0,0,3.88,4.7,5.99,81.1,0.18
19,2025-01-28,12.07,IC,47.43,0,21.58,0.04,16.81,0.74,0,0,39.06,232.55,25.06,100.39,0.18
20,2025-01-28,12.08,IC,16.56,0,9.93,0.03,6.92,0,0,0,5.49,4.19,7.11,98.4,0.15
21,2025-01-28,12.01,IC,30.59,0,19.99,0.03,11.92,0.5,0,0,34.5,189.55,24.73,104.73,0.16
22,2025-01-28,10.68,IC,18.16,0,11.65,0.03,9.63,0,0,0,3.98,5.53,5.29,70.91,0.22
23,2025-01-28,11.84,IC,34.22,0,24.55,0.03,19.84,0.47,0,0,37.73,201.03,29.02,119.03,0.15
24,2025-01-28,11.24,IC,16.11,0,14.66,0.04,10.72,0,0,0,5.81,5.59,6.36,78.34,0.2
25,2025-01-28,11.55,IC,35.75,0,24.55,0.03,17.22,0.37,0,0,36.92,195.11,28.07,114.35,0.16
26,2025-01-28,10.73,IC,15.78,0,11.18,0.03,7.3,0,0,0,5.52,4.54,7.27,88.84,0.16
27,2025-01-28,10.63,IC,37.61,0,39.91,0.03,34.72,0.47,0,0,40.72,208.65,30.8,125.46,0.15
28,2025-01-28,10.85,IC,20.37,0,16.23,0.02,11.25,0,0,0,8.05,5.11,6.91,87.76,0.17
29,2025-01-28,11.32,IC,18.3,0,33.08,0.23,25.08,1.3,0,0,36.83,218.82,31.87,154.19,0.11
30,2025-01-28,11.21,IC,15.54,0,11.89,0.03,11.81,0,0,0,6.83,4.75,6.9,86.39,0.17
31,2025-01-28,12.38,IC,23.62,0,27.54,0.02,23.34,1.07,0,0,35.34,206.39,25.5,103.47,0.16
32,2025-01-28,10.89,IC,14.59,0,14.26,0.02,7.33,0.01,0,0,5.51,3.68,7.25,93.37,0.16
1,2025-02-11,2.92,IC,32.08,0,32.87,0.02,30.05,0.81,0,0,33.38,189.8,22.08,92.54,0.19
2,2025-02-11,4.57,IC,18.36,0,13.86,0.03,11.28,0,0,0,5.33,5.53,7.29,92.21,0.15
3,2025-02-11,1.54,IC,32.77,0,19.92,0.02,15.16,0.63,0,0,34.83,202.62,28.68,117.89,0.13
4,2025-02-11,4.26,IC,17.51,0,11.1,0.03,7.29,0,0,0,5.01,9.09,5.41,70.26,0.2
5,2025-02-11,3.86,IC,44.21,0,22.76,0.02,19.68,0.68,0,0.03,41.82,230.62,25.21,92.81,0.18
6,2025-02-11,4.05,IC,16.36,0,11.22,0.03,6.9,0,0,0,4.84,6.48,5.13,63.31,0.21
7,2025-02-11,1.42,IC,36.83,0.04,18.59,0.02,16.32,0.54,0,0,34.75,218.44,30.83,138.45,0.12
8,2025-02-11,4.69,IC,19.09,0,9.66,0.03,8.25,0,0,0,4.12,2.03,6.06,77.74,0.18
9,2025-02-11,4.05,IC,44.42,0,23.35,0.02,27.31,0.63,0,0,36.38,204.64,25.95,101.65,0.16
10,2025-02-11,5,IC,18.31,0,9.77,0.03,5.54,0,0,0,5.02,6.3,5.2,66.46,0.19
11,2025-02-11,3.97,IC,43.72,0,30.99,0.03,25.58,0.5,0,0,33.46,178.56,23.9,96.2,0.16
12,2025-02-11,4.89,IC,17.16,0,8.42,0.02,6.52,0,0,0.03,6.58,11.9,5.35,65.48,0.18
13,2025-02-11,4.08,IC,41.11,0,21.33,0.02,14.26,0.55,0,0,36.07,199.45,23.51,88.94,0.17
14,2025-02-11,4.75,IC,14.28,0,8.05,0.02,5.42,0,0,0,5.38,9.52,5.02,61.65,0.21
15,2025-02-11,4.1,IC,35.41,0,18.52,0.02,12.45,0.6,0,0,35.44,180.88,23.5,96.8,0.18
16,2025-02-11,4.63,IC,16.09,0,9.22,0.03,5.97,0,0,0,6.22,7.71,6.4,81.3,0.17
17,2025-02-11,4.35,IC,44.43,0,22.76,0.02,22.6,0.3,0,0,40.24,204.58,27.56,97.75,0.17
18,2025-02-11,3.91,IC,12.06,0,6.91,0.03,3.01,0,0,0.03,4.87,8.83,6.11,74.13,0.17
19,2025-02-11,3.98,IC,45.73,0,18.35,0.02,13.35,0.63,0,0.03,39.97,232,23.72,83.49,0.17
20,2025-02-11,5.11,IC,15.9,0,9.01,0.02,5.54,0,0,0,6.17,5.85,7.12,94.81,0.15
21,2025-02-11,3.98,IC,33.04,0,19.28,0.02,10.25,0.34,0,0,35.18,188.64,24.59,90.14,0.16
22,2025-02-11,4.22,IC,17.18,0,10.25,0.03,7.43,0,0,0,4.69,7.56,5.28,65.95,0.21
23,2025-02-11,4.13,IC,35.81,0,22.89,0.02,17.49,0,0,0.03,38.15,199.94,28.78,107.4,0.15
24,2025-02-11,4.82,IC,39.73,0,24.44,0.02,16.24,0.3,0,0,38.04,199.66,28.72,105.92,0.16
25,2025-02-11,4.28,IC,16.17,0,13.62,0.03,9.42,0,0,0,6.43,5.9,6.3,75.07,0.19
26,2025-02-11,4.77,IC,16.3,0,10.04,0.02,6.81,0,0,0,5.61,4.93,7.26,83.01,0.16
27,2025-02-11,4.07,IC,40.38,0,36.53,0.03,26.94,0.37,0,0,39.17,204.02,30.23,112.11,0.15
28,2025-02-11,4.56,IC,21.97,0,14.51,0.03,10.84,0,0,0,7.9,5.42,6.91,84.77,0.18
29,2025-02-11,3.38,IC,20.9,0,31.46,0.03,22.7,1.01,0,0,36.23,217.27,31.69,153.56,0.11
30,2025-02-11,4.25,IC,15.35,0,10.27,0.04,9.57,0,0,0,6.92,4.39,6.66,80.45,0.17
31,2025-02-11,3.36,IC,24.88,0,26.36,0.02,20.21,0.68,0,0.03,38.63,206.32,23.36,77.28,0.16
32,2025-02-11,3.55,IC,15.29,0,13.36,0.03,6.51,0,0,0,5.69,4.18,7.64,92.29,0.16
1,2025-02-25,5.56,IC,34.93,0,32.09,0.02,26.01,0.66,0,0,34.12,196.38,24.18,100.27,0.17
2,2025-02-25,5.91,IC,17.96,0,12.93,0.03,8.93,0.01,0,0,5.63,6.48,7.45,93.57,0.15
3,2025-02-25,3.31,IC,34.42,0,18.58,0.03,12.47,0.71,0,0,34.06,203.87,29.1,119.68,0.12
4,2025-02-25,5.94,IC,16.63,0,10.13,0.03,5.14,0,0,0,5.17,10.03,5.69,70.57,0.19
5,2025-02-25,5.7,IC,46.24,0,20.76,0.02,16.31,0.65,0,0.04,42.01,238.65,27.32,99.37,0.15
6,2025-02-25,5.31,IC,15.75,0,10.73,0.02,4.7,0,0,0,4.99,7.68,5.33,63.18,0.2
7,2025-02-25,3.02,IC,37.05,0,17.55,0.02,13.06,0.59,0,0,35.4,214.69,30.54,133.26,0.12
8,2025-02-25,5.66,IC,18.46,0,9.44,0.03,5.42,0.01,0,0,4.29,2.25,6.46,80.84,0.17
9,2025-02-25,5.99,IC,44.13,0,20.95,0.02,21.63,0.64,0,0,35.58,208.89,27.51,107.3,0.14
10,2025-02-25,6.02,IC,17.19,0,9.41,0.03,3.69,0,0,0,5.67,8.91,5.43,66.77,0.18
11,2025-02-25,5.38,IC,44.75,0,26.39,0.02,20.46,0.51,0,0,33.25,184.39,24.91,98.95,0.14
12,2025-02-25,6.02,IC,16.56,0,8.11,0.02,4.63,0,0,0.04,6.3,10.6,5.6,69.66,0.18
13,2025-02-25,5.87,IC,43.98,0,19.8,0.02,12.92,0.53,0,0,37.01,210.3,26.16,95.5,0.14
14,2025-02-25,5.97,IC,14.55,0,8.01,0.02,3.73,0,0,0,5.4,10.66,5.25,64.16,0.2
15,2025-02-25,5.93,IC,37.03,0,17.89,0.02,10.62,0.53,0,0,35.98,189.74,26.16,104.91,0.15
16,2025-02-25,5.97,IC,15.08,0,8.69,0.03,4.27,0,0,0,6.37,8.24,6.47,81.11,0.17
17,2025-02-25,5.53,IC,45.42,0,19.99,0.02,17.97,0.33,0,0.04,39.78,209.74,28.42,100.75,0.14
18,2025-02-25,6.14,IC,12.65,0,7.34,0.04,2.32,0,0,0,4.59,7.93,6.4,79.11,0.16
19,2025-02-25,5.93,IC,46.05,0,16.61,0.05,10.49,0.54,0,0.04,38.07,238.32,25.48,90.58,0.14
20,2025-02-25,6.12,IC,15.65,0,8.54,0.04,3.72,0,0,0,6.39,6.63,7.33,94.95,0.14
21,2025-02-25,6.05,IC,31.8,0,16.56,0.03,7.47,0.26,0,0,34.14,192.29,25.71,93.03,0.14
22,2025-02-25,5.41,IC,16.8,0,9.94,0.03,5.38,0,0,0,4.81,9.12,5.38,65.51,0.21
23,2025-02-25,6.01,IC,36.39,0,20.23,0.03,13.73,0.31,0,0.04,36.59,200.56,29.21,109.76,0.13
24,2025-02-25,5.98,IC,15.91,0,11.6,0.03,7.05,0,0,0,6.73,8.39,6.5,76.26,0.19
25,2025-02-25,5.87,IC,38.7,0,19.82,0.03,13.97,0.22,0,0,36.4,197.96,28.77,103.92,0.14
26,2025-02-25,5.94,IC,15.43,0,9.19,0.02,4.97,0,0,0,6.17,6.74,7.34,81.34,0.15
27,2025-02-25,5.17,IC,42.61,0,30.46,0.03,22.56,0.26,0,0,39.48,209.61,30.69,113.07,0.13
28,2025-02-25,5.88,IC,21.86,0,13.69,0.04,8.74,0,0,0,8.26,6.7,7.12,85.23,0.17
29,2025-02-25,5.56,IC,15.77,0,29.32,0.03,18.63,1.24,0,0,34.68,215.69,32.14,154.93,0.1
30,2025-02-25,5.93,IC,16.7,0,10.79,0.03,8.63,0,0,0,7.5,5.65,7.02,80.68,0.16
31,2025-02-25,5.99,IC,26.74,0,26.07,0.03,16.67,0.69,0,0.04,35.95,204.19,25.29,90.75,0.14
32,2025-02-25,5.46,IC,14.39,0,12.08,0.03,4.91,0.01,0,0,5.92,4.82,7.99,95.13,0.15
1,2025-03-11,1.14,IC,37.28,0,35.18,0.03,25.12,0.15,0,0,35.65,197.52,23,84.59,0.18
2,2025-03-11,0.87,IC,19.79,0,16.6,0.04,9.19,0,0,0.04,11.04,18.45,7.36,77.35,0.15
3,2025-03-11,0,NA,NA,NA,NA,NA,NA,NA,NA,NA,NA,NA,NA,NA,NA
4,2025-03-11,0.72,IC,17.51,0,11.89,0.05,5.05,0,0,0.04,10.21,24.94,5.77,57.03,0.18
5,2025-03-11,1.27,IC,50.16,0,25.34,0.04,17.11,0.16,0,0.05,49.3,248.59,24.83,74.72,0.17
6,2025-03-11,0.81,IC,16.35,0,12.51,0.03,4.38,0,0,0.04,10.65,16.53,5.18,46.11,0.2
7,2025-03-11,0,NA,NA,NA,NA,NA,NA,NA,NA,NA,NA,NA,NA,NA,NA
8,2025-03-11,0.67,IC,20.17,0,11.19,0.05,5.16,0,0,0,4.84,3.33,6.82,68.14,0.16
9,2025-03-11,1.42,IC,44.92,0,22.56,0.03,20.46,0.16,0,0.04,39.86,215.51,26.47,87.14,0.14
10,2025-03-11,0.93,IC,18.25,0,11,0.03,3.73,0,0,0.04,11.33,18.17,5.03,53.09,0.18
11,2025-03-11,1.39,IC,49.67,0,29.7,0.04,21.62,0.07,0,0.04,39.28,196.39,24.49,85.37,0.15
12,2025-03-11,0.91,IC,18.58,0,11.44,0.03,6.24,0,0,0.05,16.14,48.17,6.23,48.69,0.18
13,2025-03-11,1.33,IC,46.35,0,22,0.03,12.53,0.09,0,0.04,40.47,215.42,25.36,77.15,0.14
14,2025-03-11,0.85,IC,14.85,0,9.84,0.03,3.29,0,0,0.05,13.6,39.56,5.41,44.43,0.18
15,2025-03-11,1.31,IC,37.85,0,21.87,0.04,11.82,0.09,0,0.04,41.76,198.68,24.24,85.11,0.16
16,2025-03-11,0.88,IC,16.47,0,11.56,0.04,4.74,0,0,0.05,15.68,32.6,6.24,55.69,0.17
17,2025-03-11,1.39,IC,45.98,0,22.43,0.03,17.77,0.03,0,0.04,44.98,209.45,26.46,78.68,0.15
18,2025-03-11,0.87,IC,14.76,0,10.33,0.03,2.85,0,0,0.05,12.29,33.93,7.48,62.93,0.13
19,2025-03-11,1.29,IC,48.58,0,20.63,0.04,11.37,0.09,0,0.05,49.17,254.16,23.5,63.2,0.16
20,2025-03-11,0.84,IC,17.88,0,11.78,0.03,4.38,0,0,0.04,14.21,21.07,8.15,84.21,0.13
21,2025-03-11,1.32,IC,34.41,0,19.94,0.03,8.23,0.03,0,0.04,40.81,198.91,23.8,67,0.15
22,2025-03-11,0.8,IC,19.64,0,12.82,0.04,6.48,0,0,0.04,9.95,23.25,5.83,59.5,0.2
23,2025-03-11,1.32,IC,38.67,0,23.54,0.02,14.9,0.03,0,0.05,46.98,221.2,26.98,73.63,0.15
24,2025-03-11,1.02,IC,18.75,0,15.01,0.05,8.59,0,0,0.04,11,17.39,6.66,67.54,0.18
25,2025-03-11,1.3,IC,44.58,0,25.17,0.04,16.27,0.01,0,0.04,43.22,210.25,28.41,84.64,0.15
26,2025-03-11,0.73,IC,19.21,0,12.5,0.03,6.36,0,0,0.04,11.3,15.93,6.91,59.8,0.15
27,2025-03-11,1.27,IC,46.3,0,33.53,0.03,24.9,0,0,0.04,46.71,218.07,28.66,87.18,0.14
28,2025-03-11,0.88,IC,25.42,0,19.08,0.04,10.05,0,0,0.04,12.78,15.4,7.23,72.56,0.17
29,2025-03-11,1.15,IC,8.62,0,26.57,0,16.86,0.11,0,0,34.59,227.27,33.47,92.7,0.07
30,2025-03-11,1.03,IC,16.53,0,11.93,0.05,8.1,0,0,0.04,8.53,7.34,6.72,68.25,0.16
31,2025-03-11,1.19,IC,28.98,0,29.43,0.03,17.92,0.21,0,0.04,51.73,248.89,21.51,51.66,0.17
32,2025-03-11,0.73,IC,14.97,0,15.62,0.06,4.72,0,0,0,7.09,6.75,8.06,78.91,0.16
1,2025-03-25,0.82,IC,38.08,0,36.39,0.04,23.73,0.02,0,0,35.56,196.06,21.34,76.69,0.19
2,2025-03-25,0.0600000000000001,IC,13.98,0,16.67,0.06,9.02,0,0,0.04,14.91,22.71,7.56,62.34,0.14
3,2025-03-25,0.01,IC,1.1,0,13.11,0.03,7.81,0.18,0,0,7.75,4.7,10.8,76.47,0.11
4,2025-03-25,0.23,IC,15.4,0,12.79,0.07,4.67,0,0,0.04,15.05,32.31,5.94,52.07,0.17
5,2025-03-25,0.82,IC,48.84,0,26.3,0.04,15.66,0.06,0,0.05,53.99,255.87,22.41,63.51,0.19
6,2025-03-25,0.19,IC,15.14,0,14.02,0.05,4.8,0,0,0.04,15.6,21.84,5.22,40.84,0.18
7,2025-03-25,0.01,IC,1.51,5.2,31.82,0.04,9.77,9.56,0.01,0,7.66,6,8.72,74.26,0.15
8,2025-03-25,0.3,IC,18.97,0,11.91,0.06,4.62,0,0,0,5.51,4.35,6.94,65.52,0.15
9,2025-03-25,1.01,IC,45.15,0,23.51,0.03,18.87,0.02,0,0.04,42.01,218.56,24.49,76.1,0.15
10,2025-03-25,0.0600000000000001,IC,12.54,0,12.55,0.05,5.24,0,0,0.04,15.99,22.96,5.78,45.78,0.18
11,2025-03-25,1,IC,49.39,0,30.44,0.04,20.85,0,0,0.04,44.06,208.03,22.85,75.91,0.15
12,2025-03-25,0.63,IC,17.7,0,11.44,0.06,4.72,0,0,0.06,21.6,66.23,6.21,41.17,0.16
13,2025-03-25,0.78,IC,46.47,0,24.11,0.04,12.31,0,0,0.04,44.57,221.61,23.93,70.89,0.15
14,2025-03-25,0.37,IC,14.33,0,11.13,0.05,3.32,0,0,0.05,19.53,53.28,5.46,40.22,0.17
15,2025-03-25,0.76,IC,38.31,0,24.25,0.04,11.59,0,0,0.04,42.83,197.99,22.88,78.07,0.16
16,2025-03-25,0.38,IC,16.74,0,14.04,0.04,4.99,0,0,0.06,23.9,53.92,6.32,46.36,0.15
17,2025-03-25,0.9,IC,44.9,0,24.09,0.04,17.39,0,0,0.05,50.24,214.06,23.91,72.04,0.16
18,2025-03-25,0.13,IC,13.19,0,11.02,0.03,3.45,0,0,0.06,18,49.01,7.32,52.73,0.11
19,2025-03-25,0.78,IC,47.76,0,22.69,0.04,11.05,0,0,0.05,56.67,268.94,21.84,56.65,0.19
20,2025-03-25,0.0700000000000001,IC,13.87,0,14.27,0.4,5.21,0,0,0.05,22.79,32.81,8.31,70.2,0.12
21,2025-03-25,0.93,IC,34.05,0,20.9,0.04,7.7,0.01,0,0.04,43.8,204.45,21.81,57.83,0.16
22,2025-03-25,0.15,IC,17.09,0,14.38,0.04,6.58,0,0,0.05,17.1,32.12,6.12,53.43,0.18
23,2025-03-25,0.87,IC,38.12,0,24.35,0.04,13.41,0.01,0,0.05,50.47,232.86,25.39,65.19,0.16
24,2025-03-25,0.47,IC,18.74,0,16.48,0.05,8.33,0,0,0.04,15.71,26.18,6.41,58.4,0.18
25,2025-03-25,0.77,IC,43.69,0,25.27,0.05,15.43,0,0,0.04,45.44,210.57,25.87,74.82,0.16
26,2025-03-25,0.03,IC,9.35,0,13.49,0.03,7.14,0,0,0,11.5,11.65,7.37,54.2,0.12
27,2025-03-25,0.91,IC,46.92,0,0,0.04,24.58,0,0,0.05,53.12,223.48,25.76,74.51,0.15
28,2025-03-25,0.85,IC,25.17,0,19.16,0.04,8.81,0,0,0.04,14.49,19.53,6.98,68.07,0.17
29,2025-03-25,0.85,IC,4.03,0,18.67,0.02,15.98,0.16,0.02,0,34.85,235.89,36.16,31.83,0.07
30,2025-03-25,0.96,IC,17.07,0,13.4,0.05,7.66,0,0,0.04,11.71,9.93,6.51,63.35,0.16
31,2025-03-25,0.74,IC,29.32,0,30.99,0.04,17.52,0.18,0.02,0.05,60,268.14,18.36,40.98,0.19
32,2025-03-25,0.0600000000000001,IC,10.97,0,16.61,0.09,5.78,0,0,0,8.37,6.91,7.74,62.48,0.16
1,2025-04-08,1,IC,37.6,0,36.25,0.05,21.52,0,0,0,34.71,214.61,22.69,75.49,0.22
2,2025-04-08,0.05,IC,4.21,0.16,25.49,0.04,7.21,0,0,0.04,33.61,54.49,7.14,58.31,0.18
3,2025-04-08,0,NA,NA,NA,NA,NA,NA,NA,NA,NA,NA,NA,NA,NA,NA
4,2025-04-08,0.26,IC,7.83,0,12.51,0.06,3.42,0,0,0.04,18.25,38.21,5.41,46.67,0.21
5,2025-04-08,0.15,IC,32.49,0,25.58,0.08,13.8,0.82,0,0.05,58.36,272.65,21.25,58.36,0.23
6,2025-04-08,0.05,IC,12.81,0,15.67,0.09,4.97,0,0,0.03,21.19,22.86,5.22,40.15,0.21
7,2025-04-08,0,IC,0.97,2.29,12.56,0.09,7.82,10.99,0.02,0,6.25,6.75,6.72,50.3,0.24
8,2025-04-08,0.38,IC,13,0,11.83,0.06,3.45,0,0,0,5.21,4.68,6.23,61.83,0.21
9,2025-04-08,0.65,IC,41.05,0,23.54,0.04,17.04,0.76,0,0.03,45.6,229.98,24.31,68.83,0.18
10,2025-04-08,0.33,IC,10.52,0,12.55,0.06,3,0,0,0.04,26.84,41.69,3.82,37.45,0.25
11,2025-04-08,0.46,IC,35.35,0.05,30.03,0.04,18.83,0.81,0,0.04,44.55,213.76,21.73,66.04,0.18
12,2025-04-08,0.85,IC,10.74,0,10.79,0.06,3.08,0,0,0.04,15.32,48.48,5.53,43.57,0.22
13,2025-04-08,0.19,IC,36.48,0,26.18,0.05,12.21,0.73,0,0.03,53.44,231.57,22.52,67.49,0.19
14,2025-04-08,0.5,IC,10.33,0,11.48,0.04,2.48,0,0,0.04,18.3,49.71,5.35,39.42,0.21
15,2025-04-08,0.13,IC,28.96,0,27.09,0,12.68,0.73,0,0.04,46.57,196.21,22.09,76.16,0.19
16,2025-04-08,0.37,IC,8.85,0,14.26,0.05,3.37,0,0,0.05,27.15,64.05,7.66,52.68,0.15
17,2025-04-08,0.31,IC,33.24,0,24.34,0.04,17.06,0.69,0,0.05,58.69,227.95,23.44,70.9,0.19
18,2025-04-08,0.23,IC,13.49,0,11.71,0.04,3.34,0,0,0.06,25.91,67.8,8.38,62.01,0.14
19,2025-04-08,0.17,IC,41.17,0,22.97,0.05,10.45,0.7,0,0.05,60.17,285.6,22.03,59.84,0.23
20,2025-04-08,0.02,IC,7.47,0,15.81,0.09,6.08,0,0,0.04,26.32,32.69,8.81,69.19,0.12
21,2025-04-08,0.34,IC,32.27,0,21.88,0.04,7.49,0.72,0,0.04,44.54,211.42,21.27,55.71,0.2
22,2025-04-08,0.0900000000000001,IC,15.43,0,16.01,0.04,6.81,0,0.01,0.05,23.61,48.29,5.31,43.14,0.24
23,2025-04-08,NA,IC,34.66,0,24.11,0.04,12.42,0.69,0,0.05,57.64,253.1,25.11,60.66,0.19
24,2025-04-08,0.78,IC,18.82,0,16.78,0.05,7.08,0,0,0.03,16.25,33.2,6.12,54.83,0.21
25,2025-04-08,0.23,IC,31.56,0,25.33,0.12,14.66,0.7,0,0.03,46.49,211.5,24.57,70.1,0.19
26,2025-04-08,0,IC,1,0,12.73,0.04,8.07,0.71,0,0,7.73,2.15,6.81,49.27,0.09
27,2025-04-08,NA,IC,47.4,0,34.66,0.06,23.62,0,0,0.04,55.96,237.64,26.35,70.65,0.19
28,2025-04-08,1.45,IC,24.18,0,17.87,0.04,7.3,0,0,0.03,13.31,21.72,7.22,71.15,0.2
29,2025-04-08,0.71,IC,2.59,0,13.61,0.08,15.28,0.94,0.02,0,36.71,253.17,42.64,51.59,0.1
30,2025-04-08,NA,IC,17.6,0,13.53,0.05,6.45,0,0,0.03,11.43,12.05,6.64,66.78,0.2
31,2025-04-08,NA,IC,18.23,0,30.14,0.07,14.79,0.88,0.02,0.04,71.59,294.72,16.53,30.74,0.23
32,2025-04-08,0.01,IC,0.33,0,11.66,0.05,6.73,0,0,0,6.68,1.88,7.47,53.4,0.44
1,2025-04-22,0,NA,NA,NA,NA,NA,NA,NA,NA,NA,NA,NA,NA,NA,NA
2,2025-04-22,0,IC,0.35,0,6.96,0.04,3.33,0,0,0,4.5,1.7,3.79,31.35,0.21
3,2025-04-22,0,NA,NA,NA,NA,NA,NA,NA,NA,NA,NA,NA,NA,NA,NA
4,2025-04-22,0,IC,0.93,0,9.21,0.26,4.91,0,0.02,0,6.04,2.78,4.71,35.81,0.06
5,2025-04-22,0,NA,NA,NA,NA,NA,NA,NA,NA,NA,NA,NA,NA,NA,NA
6,2025-04-22,0,IC,1.24,0.62,20.53,0.11,10.18,2.61,0.02,0,10.22,3.48,6.7,44.22,0.12
7,2025-04-22,0.01,NA,NA,NA,NA,NA,NA,NA,NA,NA,NA,NA,NA,NA,NA
8,2025-04-22,0,NA,NA,NA,NA,NA,NA,NA,NA,NA,NA,NA,NA,NA,NA
9,2025-04-22,0,IC,9.47,0,25.5,0.04,13.67,0,0,0.03,21.65,49.99,11.75,66.69,0.35
10,2025-04-22,0,IC,1.73,0,16.71,0.05,12.34,0,0.02,0,12.8,4.18,6.37,44.47,0.1
11,2025-04-22,0.01,IC,1.54,1.11,14.77,0.15,8,0.96,0,0.03,10.34,15.66,9.17,62.32,0.1
12,2025-04-22,0,IC,0.93,1.88,10.43,0.43,5.12,1.24,0,0,5.4,3.89,2.93,21.99,0.06
13,2025-04-22,0,NA,NA,NA,NA,NA,NA,NA,NA,NA,NA,NA,NA,NA,NA
14,2025-04-22,0,NA,NA,NA,NA,NA,NA,NA,NA,NA,NA,NA,NA,NA,NA
15,2025-04-22,0,NA,NA,NA,NA,NA,NA,NA,NA,NA,NA,NA,NA,NA,NA
16,2025-04-22,0,IC,0.18,0,1.8,0,0.84,0,0,0,0.96,0.4,1.24,21.04,0.04
17,2025-04-22,0,NA,NA,NA,NA,NA,NA,NA,NA,NA,NA,NA,NA,NA,NA
18,2025-04-22,0.01,NA,NA,NA,NA,NA,NA,NA,NA,NA,NA,NA,NA,NA,NA
19,2025-04-22,0,NA,NA,NA,NA,NA,NA,NA,NA,NA,NA,NA,NA,NA,NA
20,2025-04-22,0.02,IC,2.99,0,16.8,0.08,5.14,0,0,0.04,29.75,39.4,8.53,63.28,0.15
21,2025-04-22,0,NA,NA,NA,NA,NA,NA,NA,NA,NA,NA,NA,NA,NA,NA
22,2025-04-22,0.01,IC,0.69,0,8.86,0.04,5.55,0,0,0,6.1,2.06,3.7,34.51,0.26
23,2025-04-22,0.01,IC,1.74,0,12.97,0.04,6.46,0,0,0.03,13.16,27.74,10.24,54.92,0.2
24,2025-04-22,0,NA,NA,NA,NA,NA,NA,NA,NA,NA,NA,NA,NA,NA,NA
25,2025-04-22,0,NA,NA,NA,NA,NA,NA,NA,NA,NA,NA,NA,NA,NA,NA
26,2025-04-22,0,IC,0.55,0,4.8,0.06,2.1,0,0,0,2.52,0.76,2.56,31.63,0.05
27,2025-04-22,0.01,IC,6.02,0.17,14.64,0.04,11.39,0.75,0,0.03,20.23,73.45,10.38,55.46,0.27
28,2025-04-22,0,IC,1.78,0,16.07,0.04,7.81,0,0,0,9.13,3.96,4.95,33.61,0.49
29,2025-04-22,0.01,IC,4.89,0,10.05,0.04,5.02,0.9,0,0,8.81,20.39,17.6,60.73,0.14
30,2025-04-22,0.02,IC,4.25,0.36,13.72,0.06,6.77,0,0,0,8.59,5.3,6.58,54.76,0.18
31,2025-04-22,0,NA,NA,NA,NA,NA,NA,NA,NA,NA,NA,NA,NA,NA,NA
32,2025-04-22,0,IC,0.7,0,7.63,0.05,4.19,0,0,0,5.01,1.36,3.78,33.37,0.05
1,2025-05-06,0,NA,NA,NA,NA,NA,NA,NA,NA,NA,NA,NA,NA,NA,NA
2,2025-05-06,0,NA,NA,NA,NA,NA,NA,NA,NA,NA,NA,NA,NA,NA,NA
3,2025-05-06,0,NA,NA,NA,NA,NA,NA,NA,NA,NA,NA,NA,NA,NA,NA
4,2025-05-06,0,NA,NA,NA,NA,NA,NA,NA,NA,NA,NA,NA,NA,NA,NA
5,2025-05-06,0,NA,NA,NA,NA,NA,NA,NA,NA,NA,NA,NA,NA,NA,NA
6,2025-05-06,0,NA,NA,NA,NA,NA,NA,NA,NA,NA,NA,NA,NA,NA,NA
7,2025-05-06,0,NA,NA,NA,NA,NA,NA,NA,NA,NA,NA,NA,NA,NA,NA
8,2025-05-06,0,NA,NA,NA,NA,NA,NA,NA,NA,NA,NA,NA,NA,NA,NA
9,2025-05-06,0,NA,NA,NA,NA,NA,NA,NA,NA,NA,NA,NA,NA,NA,NA
10,2025-05-06,0,NA,NA,NA,NA,NA,NA,NA,NA,NA,NA,NA,NA,NA,NA
11,2025-05-06,0,NA,NA,NA,NA,NA,NA,NA,NA,NA,NA,NA,NA,NA,NA
12,2025-05-06,0,NA,NA,NA,NA,NA,NA,NA,NA,NA,NA,NA,NA,NA,NA
13,2025-05-06,0,NA,NA,NA,NA,NA,NA,NA,NA,NA,NA,NA,NA,NA,NA
14,2025-05-06,0,NA,NA,NA,NA,NA,NA,NA,NA,NA,NA,NA,NA,NA,NA
15,2025-05-06,0,NA,NA,NA,NA,NA,NA,NA,NA,NA,NA,NA,NA,NA,NA
16,2025-05-06,0,NA,NA,NA,NA,NA,NA,NA,NA,NA,NA,NA,NA,NA,NA
17,2025-05-06,0,NA,NA,NA,NA,NA,NA,NA,NA,NA,NA,NA,NA,NA,NA
18,2025-05-06,0,NA,NA,NA,NA,NA,NA,NA,NA,NA,NA,NA,NA,NA,NA
19,2025-05-06,0,NA,NA,NA,NA,NA,NA,NA,NA,NA,NA,NA,NA,NA,NA
20,2025-05-06,0,NA,NA,NA,NA,NA,NA,NA,NA,NA,NA,NA,NA,NA,NA
21,2025-05-06,0,NA,NA,NA,NA,NA,NA,NA,NA,NA,NA,NA,NA,NA,NA
22,2025-05-06,0,NA,NA,NA,NA,NA,NA,NA,NA,NA,NA,NA,NA,NA,NA
23,2025-05-06,0,NA,NA,NA,NA,NA,NA,NA,NA,NA,NA,NA,NA,NA,NA
24,2025-05-06,0,NA,NA,NA,NA,NA,NA,NA,NA,NA,NA,NA,NA,NA,NA
25,2025-05-06,0,NA,NA,NA,NA,NA,NA,NA,NA,NA,NA,NA,NA,NA,NA
26,2025-05-06,0,NA,NA,NA,NA,NA,NA,NA,NA,NA,NA,NA,NA,NA,NA
27,2025-05-06,0,NA,NA,NA,NA,NA,NA,NA,NA,NA,NA,NA,NA,NA,NA
28,2025-05-06,0,NA,NA,NA,NA,NA,NA,NA,NA,NA,NA,NA,NA,NA,NA
29,2025-05-06,0,NA,NA,NA,NA,NA,NA,NA,NA,NA,NA,NA,NA,NA,NA
30,2025-05-06,0,NA,NA,NA,NA,NA,NA,NA,NA,NA,NA,NA,NA,NA,NA
31,2025-05-06,0,NA,NA,NA,NA,NA,NA,NA,NA,NA,NA,NA,NA,NA,NA
32,2025-05-06,0,NA,NA,NA,NA,NA,NA,NA,NA,NA,NA,NA,NA,NA,NA
1,2025-05-20,0,NA,NA,NA,NA,NA,NA,NA,NA,NA,NA,NA,NA,NA,NA
2,2025-05-20,0,NA,NA,NA,NA,NA,NA,NA,NA,NA,NA,NA,NA,NA,NA
3,2025-05-20,0,NA,NA,NA,NA,NA,NA,NA,NA,NA,NA,NA,NA,NA,NA
4,2025-05-20,0,NA,NA,NA,NA,NA,NA,NA,NA,NA,NA,NA,NA,NA,NA
5,2025-05-20,0,NA,NA,NA,NA,NA,NA,NA,NA,NA,NA,NA,NA,NA,NA
6,2025-05-20,0,NA,NA,NA,NA,NA,NA,NA,NA,NA,NA,NA,NA,NA,NA
7,2025-05-20,0,NA,NA,NA,NA,NA,NA,NA,NA,NA,NA,NA,NA,NA,NA
8,2025-05-20,0,NA,NA,NA,NA,NA,NA,NA,NA,NA,NA,NA,NA,NA,NA
9,2025-05-20,0,NA,NA,NA,NA,NA,NA,NA,NA,NA,NA,NA,NA,NA,NA
10,2025-05-20,0,NA,NA,NA,NA,NA,NA,NA,NA,NA,NA,NA,NA,NA,NA
11,2025-05-20,0,NA,NA,NA,NA,NA,NA,NA,NA,NA,NA,NA,NA,NA,NA
12,2025-05-20,0,NA,NA,NA,NA,NA,NA,NA,NA,NA,NA,NA,NA,NA,NA
13,2025-05-20,0,NA,NA,NA,NA,NA,NA,NA,NA,NA,NA,NA,NA,NA,NA
14,2025-05-20,0,NA,NA,NA,NA,NA,NA,NA,NA,NA,NA,NA,NA,NA,NA
15,2025-05-20,0,NA,NA,NA,NA,NA,NA,NA,NA,NA,NA,NA,NA,NA,NA
16,2025-05-20,0,NA,NA,NA,NA,NA,NA,NA,NA,NA,NA,NA,NA,NA,NA
17,2025-05-20,0,NA,NA,NA,NA,NA,NA,NA,NA,NA,NA,NA,NA,NA,NA
18,2025-05-20,0,NA,NA,NA,NA,NA,NA,NA,NA,NA,NA,NA,NA,NA,NA
19,2025-05-20,0,NA,NA,NA,NA,NA,NA,NA,NA,NA,NA,NA,NA,NA,NA
20,2025-05-20,0,NA,NA,NA,NA,NA,NA,NA,NA,NA,NA,NA,NA,NA,NA
21,2025-05-20,0,NA,NA,NA,NA,NA,NA,NA,NA,NA,NA,NA,NA,NA,NA
22,2025-05-20,0,NA,NA,NA,NA,NA,NA,NA,NA,NA,NA,NA,NA,NA,NA
23,2025-05-20,0,NA,NA,NA,NA,NA,NA,NA,NA,NA,NA,NA,NA,NA,NA
24,2025-05-20,0,NA,NA,NA,NA,NA,NA,NA,NA,NA,NA,NA,NA,NA,NA
25,2025-05-20,0,NA,NA,NA,NA,NA,NA,NA,NA,NA,NA,NA,NA,NA,NA
26,2025-05-20,0,NA,NA,NA,NA,NA,NA,NA,NA,NA,NA,NA,NA,NA,NA
27,2025-05-20,0,NA,NA,NA,NA,NA,NA,NA,NA,NA,NA,NA,NA,NA,NA
28,2025-05-20,0,NA,NA,NA,NA,NA,NA,NA,NA,NA,NA,NA,NA,NA,NA
29,2025-05-20,0,NA,NA,NA,NA,NA,NA,NA,NA,NA,NA,NA,NA,NA,NA
30,2025-05-20,0,NA,NA,NA,NA,NA,NA,NA,NA,NA,NA,NA,NA,NA,NA
31,2025-05-20,0,NA,NA,NA,NA,NA,NA,NA,NA,NA,NA,NA,NA,NA,NA
32,2025-05-20,0,NA,NA,NA,NA,NA,NA,NA,NA,NA,NA,NA,NA,NA,NA
1,2025-06-03,0,NA,NA,NA,NA,NA,NA,NA,NA,NA,NA,NA,NA,NA,NA
2,2025-06-03,0,NA,NA,NA,NA,NA,NA,NA,NA,NA,NA,NA,NA,NA,NA
3,2025-06-03,0,NA,NA,NA,NA,NA,NA,NA,NA,NA,NA,NA,NA,NA,NA
4,2025-06-03,0,NA,NA,NA,NA,NA,NA,NA,NA,NA,NA,NA,NA,NA,NA
5,2025-06-03,0,NA,NA,NA,NA,NA,NA,NA,NA,NA,NA,NA,NA,NA,NA
6,2025-06-03,0,NA,NA,NA,NA,NA,NA,NA,NA,NA,NA,NA,NA,NA,NA
7,2025-06-03,0,NA,NA,NA,NA,NA,NA,NA,NA,NA,NA,NA,NA,NA,NA
8,2025-06-03,0,NA,NA,NA,NA,NA,NA,NA,NA,NA,NA,NA,NA,NA,NA
9,2025-06-03,0,NA,NA,NA,NA,NA,NA,NA,NA,NA,NA,NA,NA,NA,NA
10,2025-06-03,0,NA,NA,NA,NA,NA,NA,NA,NA,NA,NA,NA,NA,NA,NA
11,2025-06-03,0,NA,NA,NA,NA,NA,NA,NA,NA,NA,NA,NA,NA,NA,NA
12,2025-06-03,0,NA,NA,NA,NA,NA,NA,NA,NA,NA,NA,NA,NA,NA,NA
13,2025-06-03,0,NA,NA,NA,NA,NA,NA,NA,NA,NA,NA,NA,NA,NA,NA
14,2025-06-03,0,NA,NA,NA,NA,NA,NA,NA,NA,NA,NA,NA,NA,NA,NA
15,2025-06-03,0,NA,NA,NA,NA,NA,NA,NA,NA,NA,NA,NA,NA,NA,NA
16,2025-06-03,0,NA,NA,NA,NA,NA,NA,NA,NA,NA,NA,NA,NA,NA,NA
17,2025-06-03,0,NA,NA,NA,NA,NA,NA,NA,NA,NA,NA,NA,NA,NA,NA
18,2025-06-03,0,NA,NA,NA,NA,NA,NA,NA,NA,NA,NA,NA,NA,NA,NA
19,2025-06-03,0,NA,NA,NA,NA,NA,NA,NA,NA,NA,NA,NA,NA,NA,NA
20,2025-06-03,0,NA,NA,NA,NA,NA,NA,NA,NA,NA,NA,NA,NA,NA,NA
21,2025-06-03,0,NA,NA,NA,NA,NA,NA,NA,NA,NA,NA,NA,NA,NA,NA
22,2025-06-03,0,NA,NA,NA,NA,NA,NA,NA,NA,NA,NA,NA,NA,NA,NA
23,2025-06-03,0,NA,NA,NA,NA,NA,NA,NA,NA,NA,NA,NA,NA,NA,NA
24,2025-06-03,0,NA,NA,NA,NA,NA,NA,NA,NA,NA,NA,NA,NA,NA,NA
25,2025-06-03,0,NA,NA,NA,NA,NA,NA,NA,NA,NA,NA,NA,NA,NA,NA
26,2025-06-03,0,NA,NA,NA,NA,NA,NA,NA,NA,NA,NA,NA,NA,NA,NA
27,2025-06-03,0,NA,NA,NA,NA,NA,NA,NA,NA,NA,NA,NA,NA,NA,NA
28,2025-06-03,0,NA,NA,NA,NA,NA,NA,NA,NA,NA,NA,NA,NA,NA,NA
29,2025-06-03,0,NA,NA,NA,NA,NA,NA,NA,NA,NA,NA,NA,NA,NA,NA
30,2025-06-03,0,NA,NA,NA,NA,NA,NA,NA,NA,NA,NA,NA,NA,NA,NA
31,2025-06-03,0,NA,NA,NA,NA,NA,NA,NA,NA,NA,NA,NA,NA,NA,NA
32,2025-06-03,0,NA,NA,NA,NA,NA,NA,NA,NA,NA,NA,NA,NA,NA,NA
1,2025-06-17,0,NA,NA,NA,NA,NA,NA,NA,NA,NA,NA,NA,NA,NA,NA
2,2025-06-17,0,NA,NA,NA,NA,NA,NA,NA,NA,NA,NA,NA,NA,NA,NA
3,2025-06-17,0,NA,NA,NA,NA,NA,NA,NA,NA,NA,NA,NA,NA,NA,NA
4,2025-06-17,0,NA,NA,NA,NA,NA,NA,NA,NA,NA,NA,NA,NA,NA,NA
5,2025-06-17,0,NA,NA,NA,NA,NA,NA,NA,NA,NA,NA,NA,NA,NA,NA
6,2025-06-17,0,NA,NA,NA,NA,NA,NA,NA,NA,NA,NA,NA,NA,NA,NA
7,2025-06-17,0,NA,NA,NA,NA,NA,NA,NA,NA,NA,NA,NA,NA,NA,NA
8,2025-06-17,0,NA,NA,NA,NA,NA,NA,NA,NA,NA,NA,NA,NA,NA,NA
9,2025-06-17,0,NA,NA,NA,NA,NA,NA,NA,NA,NA,NA,NA,NA,NA,NA
10,2025-06-17,0,NA,NA,NA,NA,NA,NA,NA,NA,NA,NA,NA,NA,NA,NA
11,2025-06-17,0,NA,NA,NA,NA,NA,NA,NA,NA,NA,NA,NA,NA,NA,NA
12,2025-06-17,0,NA,NA,NA,NA,NA,NA,NA,NA,NA,NA,NA,NA,NA,NA
13,2025-06-17,0,NA,NA,NA,NA,NA,NA,NA,NA,NA,NA,NA,NA,NA,NA
14,2025-06-17,0,NA,NA,NA,NA,NA,NA,NA,NA,NA,NA,NA,NA,NA,NA
15,2025-06-17,0,NA,NA,NA,NA,NA,NA,NA,NA,NA,NA,NA,NA,NA,NA
16,2025-06-17,0,NA,NA,NA,NA,NA,NA,NA,NA,NA,NA,NA,NA,NA,NA
17,2025-06-17,0,NA,NA,NA,NA,NA,NA,NA,NA,NA,NA,NA,NA,NA,NA
18,2025-06-17,0,NA,NA,NA,NA,NA,NA,NA,NA,NA,NA,NA,NA,NA,NA
19,2025-06-17,0,NA,NA,NA,NA,NA,NA,NA,NA,NA,NA,NA,NA,NA,NA
20,2025-06-17,0,NA,NA,NA,NA,NA,NA,NA,NA,NA,NA,NA,NA,NA,NA
21,2025-06-17,0,NA,NA,NA,NA,NA,NA,NA,NA,NA,NA,NA,NA,NA,NA
22,2025-06-17,0,NA,NA,NA,NA,NA,NA,NA,NA,NA,NA,NA,NA,NA,NA
23,2025-06-17,0,NA,NA,NA,NA,NA,NA,NA,NA,NA,NA,NA,NA,NA,NA
24,2025-06-17,0,NA,NA,NA,NA,NA,NA,NA,NA,NA,NA,NA,NA,NA,NA
25,2025-06-17,0,NA,NA,NA,NA,NA,NA,NA,NA,NA,NA,NA,NA,NA,NA
26,2025-06-17,0,NA,NA,NA,NA,NA,NA,NA,NA,NA,NA,NA,NA,NA,NA
27,2025-06-17,0,NA,NA,NA,NA,NA,NA,NA,NA,NA,NA,NA,NA,NA,NA
28,2025-06-17,0,NA,NA,NA,NA,NA,NA,NA,NA,NA,NA,NA,NA,NA,NA
29,2025-06-17,0,NA,NA,NA,NA,NA,NA,NA,NA,NA,NA,NA,NA,NA,NA
30,2025-06-17,0,NA,NA,NA,NA,NA,NA,NA,NA,NA,NA,NA,NA,NA,NA
31,2025-06-17,0,NA,NA,NA,NA,NA,NA,NA,NA,NA,NA,NA,NA,NA,NA
32,2025-06-17,0,NA,NA,NA,NA,NA,NA,NA,NA,NA,NA,NA,NA,NA,NA
1,2025-07-01,0,NA,NA,NA,NA,NA,NA,NA,NA,NA,NA,NA,NA,NA,NA
2,2025-07-01,0,NA,NA,NA,NA,NA,NA,NA,NA,NA,NA,NA,NA,NA,NA
3,2025-07-01,0,NA,NA,NA,NA,NA,NA,NA,NA,NA,NA,NA,NA,NA,NA
4,2025-07-01,0,NA,NA,NA,NA,NA,NA,NA,NA,NA,NA,NA,NA,NA,NA
5,2025-07-01,0,NA,NA,NA,NA,NA,NA,NA,NA,NA,NA,NA,NA,NA,NA
6,2025-07-01,0,NA,NA,NA,NA,NA,NA,NA,NA,NA,NA,NA,NA,NA,NA
7,2025-07-01,0,NA,NA,NA,NA,NA,NA,NA,NA,NA,NA,NA,NA,NA,NA
8,2025-07-01,0,NA,NA,NA,NA,NA,NA,NA,NA,NA,NA,NA,NA,NA,NA
9,2025-07-01,0,NA,NA,NA,NA,NA,NA,NA,NA,NA,NA,NA,NA,NA,NA
10,2025-07-01,0,NA,NA,NA,NA,NA,NA,NA,NA,NA,NA,NA,NA,NA,NA
11,2025-07-01,0,NA,NA,NA,NA,NA,NA,NA,NA,NA,NA,NA,NA,NA,NA
12,2025-07-01,0,NA,NA,NA,NA,NA,NA,NA,NA,NA,NA,NA,NA,NA,NA
13,2025-07-01,0,NA,NA,NA,NA,NA,NA,NA,NA,NA,NA,NA,NA,NA,NA
14,2025-07-01,0,NA,NA,NA,NA,NA,NA,NA,NA,NA,NA,NA,NA,NA,NA
15,2025-07-01,0,NA,NA,NA,NA,NA,NA,NA,NA,NA,NA,NA,NA,NA,NA
16,2025-07-01,0,NA,NA,NA,NA,NA,NA,NA,NA,NA,NA,NA,NA,NA,NA
17,2025-07-01,0,NA,NA,NA,NA,NA,NA,NA,NA,NA,NA,NA,NA,NA,NA
18,2025-07-01,0,NA,NA,NA,NA,NA,NA,NA,NA,NA,NA,NA,NA,NA,NA
19,2025-07-01,0,NA,NA,NA,NA,NA,NA,NA,NA,NA,NA,NA,NA,NA,NA
20,2025-07-01,0,NA,NA,NA,NA,NA,NA,NA,NA,NA,NA,NA,NA,NA,NA
21,2025-07-01,0,NA,NA,NA,NA,NA,NA,NA,NA,NA,NA,NA,NA,NA,NA
22,2025-07-01,0,NA,NA,NA,NA,NA,NA,NA,NA,NA,NA,NA,NA,NA,NA
23,2025-07-01,0,NA,NA,NA,NA,NA,NA,NA,NA,NA,NA,NA,NA,NA,NA
24,2025-07-01,0,NA,NA,NA,NA,NA,NA,NA,NA,NA,NA,NA,NA,NA,NA
25,2025-07-01,0,NA,NA,NA,NA,NA,NA,NA,NA,NA,NA,NA,NA,NA,NA
26,2025-07-01,0,NA,NA,NA,NA,NA,NA,NA,NA,NA,NA,NA,NA,NA,NA
27,2025-07-01,0,NA,NA,NA,NA,NA,NA,NA,NA,NA,NA,NA,NA,NA,NA
28,2025-07-01,0,NA,NA,NA,NA,NA,NA,NA,NA,NA,NA,NA,NA,NA,NA
29,2025-07-01,0,NA,NA,NA,NA,NA,NA,NA,NA,NA,NA,NA,NA,NA,NA
30,2025-07-01,0,NA,NA,NA,NA,NA,NA,NA,NA,NA,NA,NA,NA,NA,NA
31,2025-07-01,0,NA,NA,NA,NA,NA,NA,NA,NA,NA,NA,NA,NA,NA,NA
32,2025-07-01,0,NA,NA,NA,NA,NA,NA,NA,NA,NA,NA,NA,NA,NA,NA
1,2025-07-15,0,NA,NA,NA,NA,NA,NA,NA,NA,NA,NA,NA,NA,NA,NA
2,2025-07-15,0,NA,NA,NA,NA,NA,NA,NA,NA,NA,NA,NA,NA,NA,NA
3,2025-07-15,0,NA,NA,NA,NA,NA,NA,NA,NA,NA,NA,NA,NA,NA,NA
4,2025-07-15,0,NA,NA,NA,NA,NA,NA,NA,NA,NA,NA,NA,NA,NA,NA
5,2025-07-15,0,NA,NA,NA,NA,NA,NA,NA,NA,NA,NA,NA,NA,NA,NA
6,2025-07-15,0,NA,NA,NA,NA,NA,NA,NA,NA,NA,NA,NA,NA,NA,NA
7,2025-07-15,0,NA,NA,NA,NA,NA,NA,NA,NA,NA,NA,NA,NA,NA,NA
8,2025-07-15,0,NA,NA,NA,NA,NA,NA,NA,NA,NA,NA,NA,NA,NA,NA
9,2025-07-15,0,NA,NA,NA,NA,NA,NA,NA,NA,NA,NA,NA,NA,NA,NA
10,2025-07-15,0,NA,NA,NA,NA,NA,NA,NA,NA,NA,NA,NA,NA,NA,NA
11,2025-07-15,0,NA,NA,NA,NA,NA,NA,NA,NA,NA,NA,NA,NA,NA,NA
12,2025-07-15,0,NA,NA,NA,NA,NA,NA,NA,NA,NA,NA,NA,NA,NA,NA
13,2025-07-15,0,NA,NA,NA,NA,NA,NA,NA,NA,NA,NA,NA,NA,NA,NA
14,2025-07-15,0,NA,NA,NA,NA,NA,NA,NA,NA,NA,NA,NA,NA,NA,NA
15,2025-07-15,0,NA,NA,NA,NA,NA,NA,NA,NA,NA,NA,NA,NA,NA,NA
16,2025-07-15,0,NA,NA,NA,NA,NA,NA,NA,NA,NA,NA,NA,NA,NA,NA
17,2025-07-15,0,NA,NA,NA,NA,NA,NA,NA,NA,NA,NA,NA,NA,NA,NA
18,2025-07-15,0,NA,NA,NA,NA,NA,NA,NA,NA,NA,NA,NA,NA,NA,NA
19,2025-07-15,0,NA,NA,NA,NA,NA,NA,NA,NA,NA,NA,NA,NA,NA,NA
20,2025-07-15,0,NA,NA,NA,NA,NA,NA,NA,NA,NA,NA,NA,NA,NA,NA
21,2025-07-15,0,NA,NA,NA,NA,NA,NA,NA,NA,NA,NA,NA,NA,NA,NA
22,2025-07-15,0,NA,NA,NA,NA,NA,NA,NA,NA,NA,NA,NA,NA,NA,NA
23,2025-07-15,0,NA,NA,NA,NA,NA,NA,NA,NA,NA,NA,NA,NA,NA,NA
24,2025-07-15,0,NA,NA,NA,NA,NA,NA,NA,NA,NA,NA,NA,NA,NA,NA
25,2025-07-15,0,NA,NA,NA,NA,NA,NA,NA,NA,NA,NA,NA,NA,NA,NA
26,2025-07-15,0,NA,NA,NA,NA,NA,NA,NA,NA,NA,NA,NA,NA,NA,NA
27,2025-07-15,0,NA,NA,NA,NA,NA,NA,NA,NA,NA,NA,NA,NA,NA,NA
28,2025-07-15,0,NA,NA,NA,NA,NA,NA,NA,NA,NA,NA,NA,NA,NA,NA
29,2025-07-15,0,NA,NA,NA,NA,NA,NA,NA,NA,NA,NA,NA,NA,NA,NA
30,2025-07-15,0,NA,NA,NA,NA,NA,NA,NA,NA,NA,NA,NA,NA,NA,NA
31,2025-07-15,0,NA,NA,NA,NA,NA,NA,NA,NA,NA,NA,NA,NA,NA,NA
32,2025-07-15,0,NA,NA,NA,NA,NA,NA,NA,NA,NA,NA,NA,NA,NA,NA
1,2025-07-29,2.63,NA,NA,NA,NA,NA,NA,NA,NA,NA,NA,NA,NA,NA,NA
2,2025-07-29,4.19,NA,NA,NA,NA,NA,NA,NA,NA,NA,NA,NA,NA,NA,NA
3,2025-07-29,3.74,NA,NA,NA,NA,NA,NA,NA,NA,NA,NA,NA,NA,NA,NA
4,2025-07-29,0.75,NA,NA,NA,NA,NA,NA,NA,NA,NA,NA,NA,NA,NA,NA
5,2025-07-29,3.15,NA,NA,NA,NA,NA,NA,NA,NA,NA,NA,NA,NA,NA,NA
6,2025-07-29,1.39,NA,NA,NA,NA,NA,NA,NA,NA,NA,NA,NA,NA,NA,NA
7,2025-07-29,5.33,NA,NA,NA,NA,NA,NA,NA,NA,NA,NA,NA,NA,NA,NA
8,2025-07-29,2,NA,NA,NA,NA,NA,NA,NA,NA,NA,NA,NA,NA,NA,NA
9,2025-07-29,4.35,NA,NA,NA,NA,NA,NA,NA,NA,NA,NA,NA,NA,NA,NA
10,2025-07-29,1.63,NA,NA,NA,NA,NA,NA,NA,NA,NA,NA,NA,NA,NA,NA
11,2025-07-29,1.85,NA,NA,NA,NA,NA,NA,NA,NA,NA,NA,NA,NA,NA,NA
12,2025-07-29,0.71,NA,NA,NA,NA,NA,NA,NA,NA,NA,NA,NA,NA,NA,NA
13,2025-07-29,2.2,NA,NA,NA,NA,NA,NA,NA,NA,NA,NA,NA,NA,NA,NA
14,2025-07-29,0.27,NA,NA,NA,NA,NA,NA,NA,NA,NA,NA,NA,NA,NA,NA
15,2025-07-29,2.39,NA,NA,NA,NA,NA,NA,NA,NA,NA,NA,NA,NA,NA,NA
16,2025-07-29,0,NA,NA,NA,NA,NA,NA,NA,NA,NA,NA,NA,NA,NA,NA
17,2025-07-29,2.69,NA,NA,NA,NA,NA,NA,NA,NA,NA,NA,NA,NA,NA,NA
18,2025-07-29,7.41,NA,NA,NA,NA,NA,NA,NA,NA,NA,NA,NA,NA,NA,NA
19,2025-07-29,2.59,NA,NA,NA,NA,NA,NA,NA,NA,NA,NA,NA,NA,NA,NA
20,2025-07-29,0,NA,NA,NA,NA,NA,NA,NA,NA,NA,NA,NA,NA,NA,NA
21,2025-07-29,3.71,NA,NA,NA,NA,NA,NA,NA,NA,NA,NA,NA,NA,NA,NA
22,2025-07-29,0,NA,NA,NA,NA,NA,NA,NA,NA,NA,NA,NA,NA,NA,NA
23,2025-07-29,3.85,NA,NA,NA,NA,NA,NA,NA,NA,NA,NA,NA,NA,NA,NA
24,2025-07-29,0.56,NA,NA,NA,NA,NA,NA,NA,NA,NA,NA,NA,NA,NA,NA
25,2025-07-29,2.1,NA,NA,NA,NA,NA,NA,NA,NA,NA,NA,NA,NA,NA,NA
26,2025-07-29,0,NA,NA,NA,NA,NA,NA,NA,NA,NA,NA,NA,NA,NA,NA
27,2025-07-29,4,NA,NA,NA,NA,NA,NA,NA,NA,NA,NA,NA,NA,NA,NA
28,2025-07-29,0,NA,NA,NA,NA,NA,NA,NA,NA,NA,NA,NA,NA,NA,NA
29,2025-07-29,0,NA,NA,NA,NA,NA,NA,NA,NA,NA,NA,NA,NA,NA,NA
30,2025-07-29,0,NA,NA,NA,NA,NA,NA,NA,NA,NA,NA,NA,NA,NA,NA
31,2025-07-29,1.81,NA,NA,NA,NA,NA,NA,NA,NA,NA,NA,NA,NA,NA,NA
32,2025-07-29,0,NA,NA,NA,NA,NA,NA,NA,NA,NA,NA,NA,NA,NA,NA
1,2025-08-12,3.07,FIA,56.68,0.18,NA,NA,NA,NA,NA,NA,NA,NA,NA,NA,NA
2,2025-08-12,8.7,FIA,53.04,0.17,NA,NA,NA,NA,NA,NA,NA,NA,NA,NA,NA
3,2025-08-12,2.4,FIA,89.32,0.16,NA,NA,NA,NA,NA,NA,NA,NA,NA,NA,NA
4,2025-08-12,9.73,FIA,88.92,0.17,NA,NA,NA,NA,NA,NA,NA,NA,NA,NA,NA
5,2025-08-12,3.75,FIA,70.79,0.16,NA,NA,NA,NA,NA,NA,NA,NA,NA,NA,NA
6,2025-08-12,8.78,FIA,99.93,0.17,NA,NA,NA,NA,NA,NA,NA,NA,NA,NA,NA
7,2025-08-12,3.66,FIA,66.56,0.17,NA,NA,NA,NA,NA,NA,NA,NA,NA,NA,NA
8,2025-08-12,9.35,FIA,128.24,0.18,NA,NA,NA,NA,NA,NA,NA,NA,NA,NA,NA
9,2025-08-12,2.92,FIA,89.5,0.17,NA,NA,NA,NA,NA,NA,NA,NA,NA,NA,NA
10,2025-08-12,8.89,FIA,35.21,0.17,NA,NA,NA,NA,NA,NA,NA,NA,NA,NA,NA
11,2025-08-12,1.21,FIA,111.27,0.16,NA,NA,NA,NA,NA,NA,NA,NA,NA,NA,NA
12,2025-08-12,8.55,FIA,48.75,0.17,NA,NA,NA,NA,NA,NA,NA,NA,NA,NA,NA
13,2025-08-12,2.56,FIA,88.9,0.17,NA,NA,NA,NA,NA,NA,NA,NA,NA,NA,NA
14,2025-08-12,11.03,FIA,59.27,0.16,NA,NA,NA,NA,NA,NA,NA,NA,NA,NA,NA
15,2025-08-12,6.16,FIA,73.79,0.17,NA,NA,NA,NA,NA,NA,NA,NA,NA,NA,NA
16,2025-08-12,3.25,FIA,56.01,0.17,NA,NA,NA,NA,NA,NA,NA,NA,NA,NA,NA
17,2025-08-12,3.18,FIA,67.46,0.16,NA,NA,NA,NA,NA,NA,NA,NA,NA,NA,NA
18,2025-08-12,8.22,FIA,72.27,0.19,NA,NA,NA,NA,NA,NA,NA,NA,NA,NA,NA
19,2025-08-12,2.81,FIA,88.97,0.16,NA,NA,NA,NA,NA,NA,NA,NA,NA,NA,NA
20,2025-08-12,6.15,FIA,65.34,0.16,NA,NA,NA,NA,NA,NA,NA,NA,NA,NA,NA
21,2025-08-12,3.29,FIA,103.88,0.16,NA,NA,NA,NA,NA,NA,NA,NA,NA,NA,NA
22,2025-08-12,7.09,FIA,91.53,0.15,NA,NA,NA,NA,NA,NA,NA,NA,NA,NA,NA
23,2025-08-12,3.76,FIA,99.42,0.17,NA,NA,NA,NA,NA,NA,NA,NA,NA,NA,NA
24,2025-08-12,10.53,FIA,96.56,0.15,NA,NA,NA,NA,NA,NA,NA,NA,NA,NA,NA
25,2025-08-12,2.91,FIA,61.76,0.16,NA,NA,NA,NA,NA,NA,NA,NA,NA,NA,NA
26,2025-08-12,8.51,FIA,99.59,0.16,NA,NA,NA,NA,NA,NA,NA,NA,NA,NA,NA
27,2025-08-12,3.57,FIA,99.11,0.17,NA,NA,NA,NA,NA,NA,NA,NA,NA,NA,NA
28,2025-08-12,7.72,FIA,78.16,0.17,NA,NA,NA,NA,NA,NA,NA,NA,NA,NA,NA
29,2025-08-12,0.44,FIA,53.38,0.17,NA,NA,NA,NA,NA,NA,NA,NA,NA,NA,NA
30,2025-08-12,7.19,FIA,60.2,0.17,NA,NA,NA,NA,NA,NA,NA,NA,NA,NA,NA
31,2025-08-12,4.93,FIA,69.03,0.17,NA,NA,NA,NA,NA,NA,NA,NA,NA,NA,NA
32,2025-08-12,6.8,FIA,60.22,0.19,NA,NA,NA,NA,NA,NA,NA,NA,NA,NA,NA
1,2025-08-26,0.48,FIA,54.5,0.44,NA,NA,NA,NA,NA,NA,NA,NA,NA,NA,NA
2,2025-08-26,3.85,FIA,65.36,0.45,NA,NA,NA,NA,NA,NA,NA,NA,NA,NA,NA
3,2025-08-26,1.89,FIA,107.7,0.45,NA,NA,NA,NA,NA,NA,NA,NA,NA,NA,NA
4,2025-08-26,3.81,FIA,85.3,0.46,NA,NA,NA,NA,NA,NA,NA,NA,NA,NA,NA
5,2025-08-26,1.92,FIA,97.52,0.45,NA,NA,NA,NA,NA,NA,NA,NA,NA,NA,NA
6,2025-08-26,2.03,FIA,125.36,0.44,NA,NA,NA,NA,NA,NA,NA,NA,NA,NA,NA
7,2025-08-26,NA,FIA,90.57,0.45,NA,NA,NA,NA,NA,NA,NA,NA,NA,NA,NA
8,2025-08-26,3.35,FIA,127.76,0.44,NA,NA,NA,NA,NA,NA,NA,NA,NA,NA,NA
9,2025-08-26,1.94,FIA,109.17,0.45,NA,NA,NA,NA,NA,NA,NA,NA,NA,NA,NA
10,2025-08-26,3.64,FIA,48.56,0.46,NA,NA,NA,NA,NA,NA,NA,NA,NA,NA,NA
11,2025-08-26,3.25,FIA,138.35,0.47,NA,NA,NA,NA,NA,NA,NA,NA,NA,NA,NA
12,2025-08-26,0.13,FIA,61.84,0.44,NA,NA,NA,NA,NA,NA,NA,NA,NA,NA,NA
13,2025-08-26,1.68,FIA,106.65,0.47,NA,NA,NA,NA,NA,NA,NA,NA,NA,NA,NA
14,2025-08-26,3.39,FIA,73.44,0.48,NA,NA,NA,NA,NA,NA,NA,NA,NA,NA,NA
15,2025-08-26,2.58,FIA,91.86,0.44,NA,NA,NA,NA,NA,NA,NA,NA,NA,NA,NA
16,2025-08-26,3.62,FIA,74.49,0.44,NA,NA,NA,NA,NA,NA,NA,NA,NA,NA,NA
17,2025-08-26,0.89,FIA,84.4,0.43,NA,NA,NA,NA,NA,NA,NA,NA,NA,NA,NA
18,2025-08-26,3.62,FIA,104.68,0.44,NA,NA,NA,NA,NA,NA,NA,NA,NA,NA,NA
19,2025-08-26,1.6,FIA,104.92,0.43,NA,NA,NA,NA,NA,NA,NA,NA,NA,NA,NA
20,2025-08-26,2.92,FIA,108.29,0.45,NA,NA,NA,NA,NA,NA,NA,NA,NA,NA,NA
21,2025-08-26,1.77,FIA,49.27,0.44,NA,NA,NA,NA,NA,NA,NA,NA,NA,NA,NA
22,2025-08-26,1.81,NA,NA,NA,NA,NA,NA,NA,NA,NA,NA,NA,NA,NA,NA
23,2025-08-26,1.48,FIA,119.13,0.45,NA,NA,NA,NA,NA,NA,NA,NA,NA,NA,NA
24,2025-08-26,3.53,FIA,141.61,0.43,NA,NA,NA,NA,NA,NA,NA,NA,NA,NA,NA
25,2025-08-26,1.47,FIA,110.2,0.44,NA,NA,NA,NA,NA,NA,NA,NA,NA,NA,NA
26,2025-08-26,2.96,FIA,119.93,0.45,NA,NA,NA,NA,NA,NA,NA,NA,NA,NA,NA
27,2025-08-26,0.19,FIA,125.73,0.44,NA,NA,NA,NA,NA,NA,NA,NA,NA,NA,NA
28,2025-08-26,2.62,FIA,106.03,0.46,NA,NA,NA,NA,NA,NA,NA,NA,NA,NA,NA
29,2025-08-26,NA,FIA,64.48,0.45,NA,NA,NA,NA,NA,NA,NA,NA,NA,NA,NA
30,2025-08-26,3.38,FIA,79.49,0.45,NA,NA,NA,NA,NA,NA,NA,NA,NA,NA,NA
31,2025-08-26,2.66,FIA,79.83,0.43,NA,NA,NA,NA,NA,NA,NA,NA,NA,NA,NA
32,2025-08-26,2.4,FIA,77.38,0.44,NA,NA,NA,NA,NA,NA,NA,NA,NA,NA,NA
1,2025-09-09,4.23,FIA,69.37,0.21,NA,NA,NA,NA,NA,NA,NA,NA,NA,NA,NA
2,2025-09-09,8.64,FIA,87.49,0.15,NA,NA,NA,NA,NA,NA,NA,NA,NA,NA,NA
3,2025-09-09,7.96,FIA,127.88,0.01,NA,NA,NA,NA,NA,NA,NA,NA,NA,NA,NA
4,2025-09-09,9.95,FIA,117.28,0.21,NA,NA,NA,NA,NA,NA,NA,NA,NA,NA,NA
5,2025-09-09,7.42,FIA,131.94,0.23,NA,NA,NA,NA,NA,NA,NA,NA,NA,NA,NA
6,2025-09-09,7.15,FIA,127.5,0.16,NA,NA,NA,NA,NA,NA,NA,NA,NA,NA,NA
7,2025-09-09,7.74,FIA,125.58,0.12,NA,NA,NA,NA,NA,NA,NA,NA,NA,NA,NA
8,2025-09-09,10.29,FIA,130.86,0.05,NA,NA,NA,NA,NA,NA,NA,NA,NA,NA,NA
9,2025-09-09,6.9,FIA,158.94,0,NA,NA,NA,NA,NA,NA,NA,NA,NA,NA,NA
10,2025-09-09,9.37,FIA,63.23,0.03,NA,NA,NA,NA,NA,NA,NA,NA,NA,NA,NA
11,2025-09-09,4.41,FIA,177.36,0.01,NA,NA,NA,NA,NA,NA,NA,NA,NA,NA,NA
12,2025-09-09,7.31,FIA,79.62,0.21,NA,NA,NA,NA,NA,NA,NA,NA,NA,NA,NA
13,2025-09-09,6,FIA,124.09,0,NA,NA,NA,NA,NA,NA,NA,NA,NA,NA,NA
14,2025-09-09,9.01,FIA,107.42,0.02,NA,NA,NA,NA,NA,NA,NA,NA,NA,NA,NA
15,2025-09-09,8.67,FIA,105.04,0,NA,NA,NA,NA,NA,NA,NA,NA,NA,NA,NA
16,2025-09-09,2.61,FIA,120.12,0,NA,NA,NA,NA,NA,NA,NA,NA,NA,NA,NA
17,2025-09-09,6.09,FIA,96.45,0,NA,NA,NA,NA,NA,NA,NA,NA,NA,NA,NA
18,2025-09-09,8.59,FIA,165.49,0.09,NA,NA,NA,NA,NA,NA,NA,NA,NA,NA,NA
19,2025-09-09,6.1,FIA,122.8,0,NA,NA,NA,NA,NA,NA,NA,NA,NA,NA,NA
20,2025-09-09,7.7,FIA,108.31,0.08,NA,NA,NA,NA,NA,NA,NA,NA,NA,NA,NA
21,2025-09-09,7.85,FIA,130.49,0.08,NA,NA,NA,NA,NA,NA,NA,NA,NA,NA,NA
22,2025-09-09,7.1,FIA,35.06,0.89,NA,NA,NA,NA,NA,NA,NA,NA,NA,NA,NA
23,2025-09-09,7.48,FIA,146.16,0.14,NA,NA,NA,NA,NA,NA,NA,NA,NA,NA,NA
24,2025-09-09,10.29,FIA,121.08,0.05,NA,NA,NA,NA,NA,NA,NA,NA,NA,NA,NA
25,2025-09-09,6.74,FIA,113.13,0.33,NA,NA,NA,NA,NA,NA,NA,NA,NA,NA,NA
26,2025-09-09,9.07,FIA,132.4,0.14,NA,NA,NA,NA,NA,NA,NA,NA,NA,NA,NA
27,2025-09-09,4.52,FIA,146.86,0.06,NA,NA,NA,NA,NA,NA,NA,NA,NA,NA,NA
28,2025-09-09,6.99,FIA,146.45,0.25,NA,NA,NA,NA,NA,NA,NA,NA,NA,NA,NA
29,2025-09-09,6.28,FIA,90.18,0,NA,NA,NA,NA,NA,NA,NA,NA,NA,NA,NA
30,2025-09-09,8.65,FIA,107,0,NA,NA,NA,NA,NA,NA,NA,NA,NA,NA,NA
31,2025-09-09,7.55,FIA,104.78,0.17,NA,NA,NA,NA,NA,NA,NA,NA,NA,NA,NA
32,2025-09-09,7.47,FIA,99.48,0.03,NA,NA,NA,NA,NA,NA,NA,NA,NA,NA,NA
1,2025-09-23,0,NA,NA,NA,NA,NA,NA,NA,NA,NA,NA,NA,NA,NA,NA
2,2025-09-23,0,NA,NA,NA,NA,NA,NA,NA,NA,NA,NA,NA,NA,NA,NA
3,2025-09-23,0.24,FIA,190.39,0,NA,NA,NA,NA,NA,NA,NA,NA,NA,NA,NA
4,2025-09-23,0.9,NA,NA,NA,NA,NA,NA,NA,NA,NA,NA,NA,NA,NA,NA
5,2025-09-23,0.33,FIA,179.36,0,NA,NA,NA,NA,NA,NA,NA,NA,NA,NA,NA
6,2025-09-23,0.0700000000000001,FIA,151.79,0,NA,NA,NA,NA,NA,NA,NA,NA,NA,NA,NA
7,2025-09-23,0.28,FIA,190.72,0.01,NA,NA,NA,NA,NA,NA,NA,NA,NA,NA,NA
8,2025-09-23,1.14,NA,NA,NA,NA,NA,NA,NA,NA,NA,NA,NA,NA,NA,NA
9,2025-09-23,0.23,NA,NA,NA,NA,NA,NA,NA,NA,NA,NA,NA,NA,NA,NA
10,2025-09-23,0,FIA,172.52,0.15,NA,NA,NA,NA,NA,NA,NA,NA,NA,NA,NA
11,2025-09-23,0.21,FIA,233.49,0.01,NA,NA,NA,NA,NA,NA,NA,NA,NA,NA,NA
12,2025-09-23,0,NA,NA,NA,NA,NA,NA,NA,NA,NA,NA,NA,NA,NA,NA
13,2025-09-23,0.22,NA,NA,NA,NA,NA,NA,NA,NA,NA,NA,NA,NA,NA,NA
14,2025-09-23,0.26,FIA,178.39,0.1,NA,NA,NA,NA,NA,NA,NA,NA,NA,NA,NA
15,2025-09-23,0.41,FIA,171.68,0.13,NA,NA,NA,NA,NA,NA,NA,NA,NA,NA,NA
16,2025-09-23,2.22,FIA,197.37,0.19,NA,NA,NA,NA,NA,NA,NA,NA,NA,NA,NA
17,2025-09-23,0.27,FIA,136.23,0.11,NA,NA,NA,NA,NA,NA,NA,NA,NA,NA,NA
18,2025-09-23,0.0899999999999999,FIA,240.8,0.33,NA,NA,NA,NA,NA,NA,NA,NA,NA,NA,NA
19,2025-09-23,0.28,FIA,180.45,0.29,NA,NA,NA,NA,NA,NA,NA,NA,NA,NA,NA
20,2025-09-23,0,FIA,166.47,0.13,NA,NA,NA,NA,NA,NA,NA,NA,NA,NA,NA
21,2025-09-23,0.34,NA,NA,NA,NA,NA,NA,NA,NA,NA,NA,NA,NA,NA,NA
22,2025-09-23,0.05,FIA,47.63,0,NA,NA,NA,NA,NA,NA,NA,NA,NA,NA,NA
23,2025-09-23,0.38,FIA,200.22,0.12,NA,NA,NA,NA,NA,NA,NA,NA,NA,NA,NA
24,2025-09-23,1.22,FIA,158.79,0.35,NA,NA,NA,NA,NA,NA,NA,NA,NA,NA,NA
25,2025-09-23,0.32,FIA,144.52,0.07,NA,NA,NA,NA,NA,NA,NA,NA,NA,NA,NA
26,2025-09-23,0.32,NA,NA,NA,NA,NA,NA,NA,NA,NA,NA,NA,NA,NA,NA
27,2025-09-23,0.14,FIA,196.03,0.27,NA,NA,NA,NA,NA,NA,NA,NA,NA,NA,NA
28,2025-09-23,0,FIA,213.88,0,NA,NA,NA,NA,NA,NA,NA,NA,NA,NA,NA
29,2025-09-23,0.12,FIA,140.87,0.14,NA,NA,NA,NA,NA,NA,NA,NA,NA,NA,NA
30,2025-09-23,0.2,FIA,162.98,0.05,NA,NA,NA,NA,NA,NA,NA,NA,NA,NA,NA
31,2025-09-23,0.15,FIA,153.84,0.31,NA,NA,NA,NA,NA,NA,NA,NA,NA,NA,NA
32,2025-09-23,0,FIA,129.99,0.01,NA,NA,NA,NA,NA,NA,NA,NA,NA,NA,NA
1,2025-10-07,0,NA,NA,NA,NA,NA,NA,NA,NA,NA,NA,NA,NA,NA,NA
2,2025-10-07,0,FIA,98.37,0.18,NA,NA,NA,NA,NA,NA,NA,NA,NA,NA,NA
3,2025-10-07,0,NA,NA,NA,NA,NA,NA,NA,NA,NA,NA,NA,NA,NA,NA
4,2025-10-07,3.62,NA,NA,NA,NA,NA,NA,NA,NA,NA,NA,NA,NA,NA,NA
5,2025-10-07,0,NA,NA,NA,NA,NA,NA,NA,NA,NA,NA,NA,NA,NA,NA
6,2025-10-07,0,NA,NA,NA,NA,NA,NA,NA,NA,NA,NA,NA,NA,NA,NA
7,2025-10-07,0.27,NA,NA,NA,NA,NA,NA,NA,NA,NA,NA,NA,NA,NA,NA
8,2025-10-07,5.96,FIA,131.48,0.18,NA,NA,NA,NA,NA,NA,NA,NA,NA,NA,NA
9,2025-10-07,0,NA,NA,NA,NA,NA,NA,NA,NA,NA,NA,NA,NA,NA,NA
10,2025-10-07,0.89,NA,NA,NA,NA,NA,NA,NA,NA,NA,NA,NA,NA,NA,NA
11,2025-10-07,0,NA,NA,NA,NA,NA,NA,NA,NA,NA,NA,NA,NA,NA,NA
12,2025-10-07,0,NA,NA,NA,NA,NA,NA,NA,NA,NA,NA,NA,NA,NA,NA
13,2025-10-07,0,NA,NA,NA,NA,NA,NA,NA,NA,NA,NA,NA,NA,NA,NA
14,2025-10-07,0,NA,NA,NA,NA,NA,NA,NA,NA,NA,NA,NA,NA,NA,NA
15,2025-10-07,0,NA,NA,NA,NA,NA,NA,NA,NA,NA,NA,NA,NA,NA,NA
16,2025-10-07,0.18,NA,NA,NA,NA,NA,NA,NA,NA,NA,NA,NA,NA,NA,NA
17,2025-10-07,0,FIA,120.31,0.17,NA,NA,NA,NA,NA,NA,NA,NA,NA,NA,NA
18,2025-10-07,0,NA,NA,NA,NA,NA,NA,NA,NA,NA,NA,NA,NA,NA,NA
19,2025-10-07,0,FIA,132.48,0.17,NA,NA,NA,NA,NA,NA,NA,NA,NA,NA,NA
20,2025-10-07,0,NA,NA,NA,NA,NA,NA,NA,NA,NA,NA,NA,NA,NA,NA
21,2025-10-07,0,NA,NA,NA,NA,NA,NA,NA,NA,NA,NA,NA,NA,NA,NA
22,2025-10-07,0,NA,NA,NA,NA,NA,NA,NA,NA,NA,NA,NA,NA,NA,NA
23,2025-10-07,0,NA,NA,NA,NA,NA,NA,NA,NA,NA,NA,NA,NA,NA,NA
24,2025-10-07,6.74,NA,NA,NA,NA,NA,NA,NA,NA,NA,NA,NA,NA,NA,NA
25,2025-10-07,0,NA,NA,NA,NA,NA,NA,NA,NA,NA,NA,NA,NA,NA,NA
26,2025-10-07,1.58,NA,NA,NA,NA,NA,NA,NA,NA,NA,NA,NA,NA,NA,NA
27,2025-10-07,0,FIA,139.34,0.21,NA,NA,NA,NA,NA,NA,NA,NA,NA,NA,NA
28,2025-10-07,0,NA,NA,NA,NA,NA,NA,NA,NA,NA,NA,NA,NA,NA,NA
29,2025-10-07,0,NA,NA,NA,NA,NA,NA,NA,NA,NA,NA,NA,NA,NA,NA
30,2025-10-07,0,FIA,134.47,0.35,NA,NA,NA,NA,NA,NA,NA,NA,NA,NA,NA
31,2025-10-07,0,FIA,131.15,0.18,NA,NA,NA,NA,NA,NA,NA,NA,NA,NA,NA
32,2025-10-07,0,NA,NA,NA,NA,NA,NA,NA,NA,NA,NA,NA,NA,NA,NA
1,2025-10-21,0,NA,NA,NA,NA,NA,NA,NA,NA,NA,NA,NA,NA,NA,NA
2,2025-10-21,0,NA,NA,NA,NA,NA,NA,NA,NA,NA,NA,NA,NA,NA,NA
3,2025-10-21,0,NA,NA,NA,NA,NA,NA,NA,NA,NA,NA,NA,NA,NA,NA
4,2025-10-21,0.13,NA,NA,NA,NA,NA,NA,NA,NA,NA,NA,NA,NA,NA,NA
5,2025-10-21,0,NA,NA,NA,NA,NA,NA,NA,NA,NA,NA,NA,NA,NA,NA
6,2025-10-21,0,NA,NA,NA,NA,NA,NA,NA,NA,NA,NA,NA,NA,NA,NA
7,2025-10-21,0,NA,NA,NA,NA,NA,NA,NA,NA,NA,NA,NA,NA,NA,NA
8,2025-10-21,0,FIA,116.78,0.44,NA,NA,NA,NA,NA,NA,NA,NA,NA,NA,NA
9,2025-10-21,0,NA,NA,NA,NA,NA,NA,NA,NA,NA,NA,NA,NA,NA,NA
10,2025-10-21,0,NA,NA,NA,NA,NA,NA,NA,NA,NA,NA,NA,NA,NA,NA
11,2025-10-21,0,NA,NA,NA,NA,NA,NA,NA,NA,NA,NA,NA,NA,NA,NA
12,2025-10-21,0,NA,NA,NA,NA,NA,NA,NA,NA,NA,NA,NA,NA,NA,NA
13,2025-10-21,0,NA,NA,NA,NA,NA,NA,NA,NA,NA,NA,NA,NA,NA,NA
14,2025-10-21,0,NA,NA,NA,NA,NA,NA,NA,NA,NA,NA,NA,NA,NA,NA
15,2025-10-21,0,NA,NA,NA,NA,NA,NA,NA,NA,NA,NA,NA,NA,NA,NA
16,2025-10-21,0.13,NA,NA,NA,NA,NA,NA,NA,NA,NA,NA,NA,NA,NA,NA
17,2025-10-21,0,FIA,118.63,0.45,NA,NA,NA,NA,NA,NA,NA,NA,NA,NA,NA
18,2025-10-21,0,NA,NA,NA,NA,NA,NA,NA,NA,NA,NA,NA,NA,NA,NA
19,2025-10-21,0,NA,NA,NA,NA,NA,NA,NA,NA,NA,NA,NA,NA,NA,NA
20,2025-10-21,0,NA,NA,NA,NA,NA,NA,NA,NA,NA,NA,NA,NA,NA,NA
21,2025-10-21,0,NA,NA,NA,NA,NA,NA,NA,NA,NA,NA,NA,NA,NA,NA
22,2025-10-21,0,NA,NA,NA,NA,NA,NA,NA,NA,NA,NA,NA,NA,NA,NA
23,2025-10-21,0,NA,NA,NA,NA,NA,NA,NA,NA,NA,NA,NA,NA,NA,NA
24,2025-10-21,0.29,NA,NA,NA,NA,NA,NA,NA,NA,NA,NA,NA,NA,NA,NA
25,2025-10-21,0,NA,NA,NA,NA,NA,NA,NA,NA,NA,NA,NA,NA,NA,NA
26,2025-10-21,0,NA,NA,NA,NA,NA,NA,NA,NA,NA,NA,NA,NA,NA,NA
27,2025-10-21,0,FIA,127.83,0.8,NA,NA,NA,NA,NA,NA,NA,NA,NA,NA,NA
28,2025-10-21,0,NA,NA,NA,NA,NA,NA,NA,NA,NA,NA,NA,NA,NA,NA
29,2025-10-21,0,NA,NA,NA,NA,NA,NA,NA,NA,NA,NA,NA,NA,NA,NA
30,2025-10-21,0,NA,NA,NA,NA,NA,NA,NA,NA,NA,NA,NA,NA,NA,NA
31,2025-10-21,0,NA,NA,NA,NA,NA,NA,NA,NA,NA,NA,NA,NA,NA,NA
32,2025-10-21,0,NA,NA,NA,NA,NA,NA,NA,NA,NA,NA,NA,NA,NA,NA
1,2025-11-04,3.47,NA,NA,NA,NA,NA,NA,NA,NA,NA,NA,NA,NA,NA,NA
2,2025-11-04,15.57,NA,NA,NA,NA,NA,NA,NA,NA,NA,NA,NA,NA,NA,NA
3,2025-11-04,10.11,NA,NA,NA,NA,NA,NA,NA,NA,NA,NA,NA,NA,NA,NA
4,2025-11-04,17.09,NA,NA,NA,NA,NA,NA,NA,NA,NA,NA,NA,NA,NA,NA
5,2025-11-04,11.42,NA,NA,NA,NA,NA,NA,NA,NA,NA,NA,NA,NA,NA,NA
6,2025-11-04,10.34,NA,NA,NA,NA,NA,NA,NA,NA,NA,NA,NA,NA,NA,NA
7,2025-11-04,8.86,NA,NA,NA,NA,NA,NA,NA,NA,NA,NA,NA,NA,NA,NA
8,2025-11-04,17.16,NA,NA,NA,NA,NA,NA,NA,NA,NA,NA,NA,NA,NA,NA
9,2025-11-04,7.73,NA,NA,NA,NA,NA,NA,NA,NA,NA,NA,NA,NA,NA,NA
10,2025-11-04,17.53,NA,NA,NA,NA,NA,NA,NA,NA,NA,NA,NA,NA,NA,NA
11,2025-11-04,6.01,NA,NA,NA,NA,NA,NA,NA,NA,NA,NA,NA,NA,NA,NA
12,2025-11-04,12.74,NA,NA,NA,NA,NA,NA,NA,NA,NA,NA,NA,NA,NA,NA
13,2025-11-04,8.76,NA,NA,NA,NA,NA,NA,NA,NA,NA,NA,NA,NA,NA,NA
14,2025-11-04,16,NA,NA,NA,NA,NA,NA,NA,NA,NA,NA,NA,NA,NA,NA
15,2025-11-04,12.96,NA,NA,NA,NA,NA,NA,NA,NA,NA,NA,NA,NA,NA,NA
16,2025-11-04,12,NA,NA,NA,NA,NA,NA,NA,NA,NA,NA,NA,NA,NA,NA
17,2025-11-04,6.84,NA,NA,NA,NA,NA,NA,NA,NA,NA,NA,NA,NA,NA,NA
18,2025-11-04,17.16,NA,NA,NA,NA,NA,NA,NA,NA,NA,NA,NA,NA,NA,NA
19,2025-11-04,7.13,NA,NA,NA,NA,NA,NA,NA,NA,NA,NA,NA,NA,NA,NA
20,2025-11-04,11.27,NA,NA,NA,NA,NA,NA,NA,NA,NA,NA,NA,NA,NA,NA
21,2025-11-04,9.56,NA,NA,NA,NA,NA,NA,NA,NA,NA,NA,NA,NA,NA,NA
22,2025-11-04,13.42,NA,NA,NA,NA,NA,NA,NA,NA,NA,NA,NA,NA,NA,NA
23,2025-11-04,11.62,NA,NA,NA,NA,NA,NA,NA,NA,NA,NA,NA,NA,NA,NA
24,2025-11-04,19.35,NA,NA,NA,NA,NA,NA,NA,NA,NA,NA,NA,NA,NA,NA
25,2025-11-04,7.9,NA,NA,NA,NA,NA,NA,NA,NA,NA,NA,NA,NA,NA,NA
26,2025-11-04,18.01,NA,NA,NA,NA,NA,NA,NA,NA,NA,NA,NA,NA,NA,NA
27,2025-11-04,5.15,NA,NA,NA,NA,NA,NA,NA,NA,NA,NA,NA,NA,NA,NA
28,2025-11-04,12.71,NA,NA,NA,NA,NA,NA,NA,NA,NA,NA,NA,NA,NA,NA
29,2025-11-04,9.5,NA,NA,NA,NA,NA,NA,NA,NA,NA,NA,NA,NA,NA,NA
30,2025-11-04,15.09,NA,NA,NA,NA,NA,NA,NA,NA,NA,NA,NA,NA,NA,NA
31,2025-11-04,13.38,NA,NA,NA,NA,NA,NA,NA,NA,NA,NA,NA,NA,NA,NA
32,2025-11-04,12.23,NA,NA,NA,NA,NA,NA,NA,NA,NA,NA,NA,NA,NA,NA
1,2025-11-18,0.19,NA,NA,NA,NA,NA,NA,NA,NA,NA,NA,NA,NA,NA,NA
2,2025-11-18,1.23,NA,NA,NA,NA,NA,NA,NA,NA,NA,NA,NA,NA,NA,NA
3,2025-11-18,0.97,NA,NA,NA,NA,NA,NA,NA,NA,NA,NA,NA,NA,NA,NA
4,2025-11-18,1.23,NA,NA,NA,NA,NA,NA,NA,NA,NA,NA,NA,NA,NA,NA
5,2025-11-18,1.32,NA,NA,NA,NA,NA,NA,NA,NA,NA,NA,NA,NA,NA,NA
6,2025-11-18,0.94,NA,NA,NA,NA,NA,NA,NA,NA,NA,NA,NA,NA,NA,NA
7,2025-11-18,0.19,NA,NA,NA,NA,NA,NA,NA,NA,NA,NA,NA,NA,NA,NA
8,2025-11-18,0.66,NA,NA,NA,NA,NA,NA,NA,NA,NA,NA,NA,NA,NA,NA
9,2025-11-18,1,NA,NA,NA,NA,NA,NA,NA,NA,NA,NA,NA,NA,NA,NA
10,2025-11-18,1.35,NA,NA,NA,NA,NA,NA,NA,NA,NA,NA,NA,NA,NA,NA
11,2025-11-18,0.72,NA,NA,NA,NA,NA,NA,NA,NA,NA,NA,NA,NA,NA,NA
12,2025-11-18,0.99,NA,NA,NA,NA,NA,NA,NA,NA,NA,NA,NA,NA,NA,NA
13,2025-11-18,1.14,NA,NA,NA,NA,NA,NA,NA,NA,NA,NA,NA,NA,NA,NA
14,2025-11-18,1.17,NA,NA,NA,NA,NA,NA,NA,NA,NA,NA,NA,NA,NA,NA
15,2025-11-18,1.3,NA,NA,NA,NA,NA,NA,NA,NA,NA,NA,NA,NA,NA,NA
16,2025-11-18,4.2,NA,NA,NA,NA,NA,NA,NA,NA,NA,NA,NA,NA,NA,NA
17,2025-11-18,1,NA,NA,NA,NA,NA,NA,NA,NA,NA,NA,NA,NA,NA,NA
18,2025-11-18,1.28,NA,NA,NA,NA,NA,NA,NA,NA,NA,NA,NA,NA,NA,NA
19,2025-11-18,0.78,NA,NA,NA,NA,NA,NA,NA,NA,NA,NA,NA,NA,NA,NA
20,2025-11-18,1.02,NA,NA,NA,NA,NA,NA,NA,NA,NA,NA,NA,NA,NA,NA
21,2025-11-18,1.02,NA,NA,NA,NA,NA,NA,NA,NA,NA,NA,NA,NA,NA,NA
22,2025-11-18,1.08,NA,NA,NA,NA,NA,NA,NA,NA,NA,NA,NA,NA,NA,NA
23,2025-11-18,1.2,NA,NA,NA,NA,NA,NA,NA,NA,NA,NA,NA,NA,NA,NA
24,2025-11-18,1.64,NA,NA,NA,NA,NA,NA,NA,NA,NA,NA,NA,NA,NA,NA
25,2025-11-18,2.16,NA,NA,NA,NA,NA,NA,NA,NA,NA,NA,NA,NA,NA,NA
26,2025-11-18,1.36,NA,NA,NA,NA,NA,NA,NA,NA,NA,NA,NA,NA,NA,NA
27,2025-11-18,0.73,NA,NA,NA,NA,NA,NA,NA,NA,NA,NA,NA,NA,NA,NA
28,2025-11-18,0.84,NA,NA,NA,NA,NA,NA,NA,NA,NA,NA,NA,NA,NA,NA
29,2025-11-18,0.34,NA,NA,NA,NA,NA,NA,NA,NA,NA,NA,NA,NA,NA,NA
30,2025-11-18,1.07,NA,NA,NA,NA,NA,NA,NA,NA,NA,NA,NA,NA,NA,NA
31,2025-11-18,1,NA,NA,NA,NA,NA,NA,NA,NA,NA,NA,NA,NA,NA,NA
32,2025-11-18,0.54,NA,NA,NA,NA,NA,NA,NA,NA,NA,NA,NA,NA,NA,NA
1,2025-12-02,9.96,FIA,28.28,0.1,NA,NA,NA,NA,NA,NA,NA,NA,NA,NA,NA
2,2025-12-02,14.15,FIA,0.39,0.18,NA,NA,NA,NA,NA,NA,NA,NA,NA,NA,NA
3,2025-12-02,9.19,FIA,24.46,0.18,NA,NA,NA,NA,NA,NA,NA,NA,NA,NA,NA
4,2025-12-02,15.38,FIA,0.32,0.16,NA,NA,NA,NA,NA,NA,NA,NA,NA,NA,NA
5,2025-12-02,12.77,FIA,11.67,0.14,NA,NA,NA,NA,NA,NA,NA,NA,NA,NA,NA
6,2025-12-02,13.33,FIA,1.39,0.17,NA,NA,NA,NA,NA,NA,NA,NA,NA,NA,NA
7,2025-12-02,8.62,FIA,31.52,1.03,NA,NA,NA,NA,NA,NA,NA,NA,NA,NA,NA
8,2025-12-02,14.01,FIA,41.35,0.17,NA,NA,NA,NA,NA,NA,NA,NA,NA,NA,NA
9,2025-12-02,13.5,FIA,56.11,0.18,NA,NA,NA,NA,NA,NA,NA,NA,NA,NA,NA
10,2025-12-02,14.87,FIA,1.71,0.16,NA,NA,NA,NA,NA,NA,NA,NA,NA,NA,NA
11,2025-12-02,12.22,FIA,33.02,0.17,NA,NA,NA,NA,NA,NA,NA,NA,NA,NA,NA
12,2025-12-02,14.3,FIA,2.56,0.15,NA,NA,NA,NA,NA,NA,NA,NA,NA,NA,NA
13,2025-12-02,13.24,FIA,0.03,0.16,NA,NA,NA,NA,NA,NA,NA,NA,NA,NA,NA
14,2025-12-02,15.83,FIA,6.98,0.17,NA,NA,NA,NA,NA,NA,NA,NA,NA,NA,NA
15,2025-12-02,13.42,FIA,17.65,0.16,NA,NA,NA,NA,NA,NA,NA,NA,NA,NA,NA
16,2025-12-02,1.48,FIA,32.39,0.17,NA,NA,NA,NA,NA,NA,NA,NA,NA,NA,NA
17,2025-12-02,13.49,FIA,51.59,0.15,NA,NA,NA,NA,NA,NA,NA,NA,NA,NA,NA
18,2025-12-02,14.85,FIA,55.93,0.16,NA,NA,NA,NA,NA,NA,NA,NA,NA,NA,NA
19,2025-12-02,14.23,FIA,25.18,0.18,NA,NA,NA,NA,NA,NA,NA,NA,NA,NA,NA
20,2025-12-02,14.9,FIA,29.78,0.11,NA,NA,NA,NA,NA,NA,NA,NA,NA,NA,NA
21,2025-12-02,13.36,FIA,14.04,0.18,NA,NA,NA,NA,NA,NA,NA,NA,NA,NA,NA
22,2025-12-02,13.53,FIA,61.63,0.28,NA,NA,NA,NA,NA,NA,NA,NA,NA,NA,NA
23,2025-12-02,13.02,FIA,70.59,0.16,NA,NA,NA,NA,NA,NA,NA,NA,NA,NA,NA
24,2025-12-02,14.64,FIA,7.73,0.15,NA,NA,NA,NA,NA,NA,NA,NA,NA,NA,NA
25,2025-12-02,14.58,FIA,7.13,0.18,NA,NA,NA,NA,NA,NA,NA,NA,NA,NA,NA
26,2025-12-02,14.67,FIA,23.55,0.15,NA,NA,NA,NA,NA,NA,NA,NA,NA,NA,NA
27,2025-12-02,11.93,FIA,21.81,0.16,NA,NA,NA,NA,NA,NA,NA,NA,NA,NA,NA
28,2025-12-02,13.79,FIA,49.35,0.15,NA,NA,NA,NA,NA,NA,NA,NA,NA,NA,NA
29,2025-12-02,12.41,FIA,12.31,0.15,NA,NA,NA,NA,NA,NA,NA,NA,NA,NA,NA
30,2025-12-02,15.43,FIA,41.69,0.16,NA,NA,NA,NA,NA,NA,NA,NA,NA,NA,NA
31,2025-12-02,13.45,FIA,15.61,0.11,NA,NA,NA,NA,NA,NA,NA,NA,NA,NA,NA
32,2025-12-02,12.98,FIA,11.71,0.14,NA,NA,NA,NA,NA,NA,NA,NA,NA,NA,NA
1,2025-12-08,3.24,FIA,12.43,0.16,NA,NA,NA,NA,NA,NA,NA,NA,NA,NA,NA
2,2025-12-08,4.68,FIA,0.31,0.2,NA,NA,NA,NA,NA,NA,NA,NA,NA,NA,NA
3,2025-12-08,2.97,FIA,13.34,0.23,NA,NA,NA,NA,NA,NA,NA,NA,NA,NA,NA
4,2025-12-08,4.86,FIA,0.2,0.19,NA,NA,NA,NA,NA,NA,NA,NA,NA,NA,NA
5,2025-12-08,5.11,FIA,6.29,0.19,NA,NA,NA,NA,NA,NA,NA,NA,NA,NA,NA
6,2025-12-08,5.28,FIA,0.91,0.23,NA,NA,NA,NA,NA,NA,NA,NA,NA,NA,NA
7,2025-12-08,3.07,FIA,19.4,0.29,NA,NA,NA,NA,NA,NA,NA,NA,NA,NA,NA
8,2025-12-08,5.29,FIA,41.24,0.2,NA,NA,NA,NA,NA,NA,NA,NA,NA,NA,NA
9,2025-12-08,5.15,FIA,33.34,0.21,NA,NA,NA,NA,NA,NA,NA,NA,NA,NA,NA
10,2025-12-08,5.62,FIA,0.49,0.19,NA,NA,NA,NA,NA,NA,NA,NA,NA,NA,NA
11,2025-12-08,5.21,FIA,17.9,0.16,NA,NA,NA,NA,NA,NA,NA,NA,NA,NA,NA
12,2025-12-08,4.9,FIA,0.83,0.21,NA,NA,NA,NA,NA,NA,NA,NA,NA,NA,NA
13,2025-12-08,5.36,FIA,0.08,0.15,NA,NA,NA,NA,NA,NA,NA,NA,NA,NA,NA
14,2025-12-08,5.56,FIA,7.95,0.15,NA,NA,NA,NA,NA,NA,NA,NA,NA,NA,NA
15,2025-12-08,5.55,FIA,4.38,0.17,NA,NA,NA,NA,NA,NA,NA,NA,NA,NA,NA
16,2025-12-08,2.72,FIA,15.3,0.18,NA,NA,NA,NA,NA,NA,NA,NA,NA,NA,NA
17,2025-12-08,4.79,FIA,26.48,0.18,NA,NA,NA,NA,NA,NA,NA,NA,NA,NA,NA
18,2025-12-08,5.44,FIA,29.28,0.22,NA,NA,NA,NA,NA,NA,NA,NA,NA,NA,NA
19,2025-12-08,5.16,FIA,8.82,0.14,NA,NA,NA,NA,NA,NA,NA,NA,NA,NA,NA
20,2025-12-08,4.88,FIA,19.8,0.19,NA,NA,NA,NA,NA,NA,NA,NA,NA,NA,NA
21,2025-12-08,5.54,FIA,5.58,0.17,NA,NA,NA,NA,NA,NA,NA,NA,NA,NA,NA
22,2025-12-08,5.18,FIA,49.9,0.22,NA,NA,NA,NA,NA,NA,NA,NA,NA,NA,NA
23,2025-12-08,5.11,FIA,43.36,0.14,NA,NA,NA,NA,NA,NA,NA,NA,NA,NA,NA
24,2025-12-08,5.68,FIA,2.51,0.18,NA,NA,NA,NA,NA,NA,NA,NA,NA,NA,NA
25,2025-12-08,5.15,FIA,9.7,0.2,NA,NA,NA,NA,NA,NA,NA,NA,NA,NA,NA
26,2025-12-08,5.32,FIA,6.6,0.23,NA,NA,NA,NA,NA,NA,NA,NA,NA,NA,NA
27,2025-12-08,4.97,FIA,6.21,0.14,NA,NA,NA,NA,NA,NA,NA,NA,NA,NA,NA
28,2025-12-08,4.84,FIA,27.94,0.18,NA,NA,NA,NA,NA,NA,NA,NA,NA,NA,NA
29,2025-12-08,4.78,FIA,2.49,0.19,NA,NA,NA,NA,NA,NA,NA,NA,NA,NA,NA
30,2025-12-08,5.44,FIA,20.45,0.22,NA,NA,NA,NA,NA,NA,NA,NA,NA,NA,NA
31,2025-12-08,5.82,FIA,4.57,0.17,NA,NA,NA,NA,NA,NA,NA,NA,NA,NA,NA
32,2025-12-08,5.8,FIA,7.64,0.22,NA,NA,NA,NA,NA,NA,NA,NA,NA,NA,NA
1,2025-12-16,2.93,FIA,9.33,0.01,NA,NA,NA,NA,NA,NA,NA,NA,NA,NA,NA
2,2025-12-16,3.84,FIA,0.72,0.01,NA,NA,NA,NA,NA,NA,NA,NA,NA,NA,NA
3,2025-12-16,1.63,FIA,13.02,0.12,NA,NA,NA,NA,NA,NA,NA,NA,NA,NA,NA
4,2025-12-16,4.04,FIA,0.47,0.01,NA,NA,NA,NA,NA,NA,NA,NA,NA,NA,NA
5,2025-12-16,4.11,FIA,7.28,0,NA,NA,NA,NA,NA,NA,NA,NA,NA,NA,NA
6,2025-12-16,3.54,FIA,1.53,0,NA,NA,NA,NA,NA,NA,NA,NA,NA,NA,NA
7,2025-12-16,1.84,FIA,15.92,0.01,NA,NA,NA,NA,NA,NA,NA,NA,NA,NA,NA
8,2025-12-16,3.83,FIA,13.57,0.06,NA,NA,NA,NA,NA,NA,NA,NA,NA,NA,NA
9,2025-12-16,3.93,FIA,27.29,0,NA,NA,NA,NA,NA,NA,NA,NA,NA,NA,NA
10,2025-12-16,3.88,FIA,0.55,0.04,NA,NA,NA,NA,NA,NA,NA,NA,NA,NA,NA
11,2025-12-16,3.85,FIA,15.12,0,NA,NA,NA,NA,NA,NA,NA,NA,NA,NA,NA
12,2025-12-16,3.98,FIA,0.65,0.12,NA,NA,NA,NA,NA,NA,NA,NA,NA,NA,NA
13,2025-12-16,3.88,FIA,0.13,0,NA,NA,NA,NA,NA,NA,NA,NA,NA,NA,NA
14,2025-12-16,4.18,FIA,8.91,0,NA,NA,NA,NA,NA,NA,NA,NA,NA,NA,NA
15,2025-12-16,3.861,FIA,2.65,0.01,NA,NA,NA,NA,NA,NA,NA,NA,NA,NA,NA
16,2025-12-16,22.51,FIA,11.62,0,NA,NA,NA,NA,NA,NA,NA,NA,NA,NA,NA
17,2025-12-16,4.18,FIA,19.1,0,NA,NA,NA,NA,NA,NA,NA,NA,NA,NA,NA
18,2025-12-16,3.27,FIA,22.85,0,NA,NA,NA,NA,NA,NA,NA,NA,NA,NA,NA
19,2025-12-16,4.12,FIA,6.84,0,NA,NA,NA,NA,NA,NA,NA,NA,NA,NA,NA
20,2025-12-16,4.15,FIA,16.13,0.01,NA,NA,NA,NA,NA,NA,NA,NA,NA,NA,NA
21,2025-12-16,3.96,FIA,3.62,0,NA,NA,NA,NA,NA,NA,NA,NA,NA,NA,NA
22,2025-12-16,3.6,FIA,37.13,0.02,NA,NA,NA,NA,NA,NA,NA,NA,NA,NA,NA
23,2025-12-16,3.9,FIA,46.89,0.05,NA,NA,NA,NA,NA,NA,NA,NA,NA,NA,NA
24,2025-12-16,4.79,FIA,2.28,0.01,NA,NA,NA,NA,NA,NA,NA,NA,NA,NA,NA
25,2025-12-16,4.3,FIA,10.62,0,NA,NA,NA,NA,NA,NA,NA,NA,NA,NA,NA
26,2025-12-16,4.17,FIA,3.45,0,NA,NA,NA,NA,NA,NA,NA,NA,NA,NA,NA
27,2025-12-16,3.79,FIA,5,0.09,NA,NA,NA,NA,NA,NA,NA,NA,NA,NA,NA
28,2025-12-16,3.74,FIA,19.21,0.01,NA,NA,NA,NA,NA,NA,NA,NA,NA,NA,NA
29,2025-12-16,3.17,FIA,1.25,0.14,NA,NA,NA,NA,NA,NA,NA,NA,NA,NA,NA
30,2025-12-16,3.93,FIA,21.01,0.02,NA,NA,NA,NA,NA,NA,NA,NA,NA,NA,NA
31,2025-12-16,3.75,FIA,3.36,0,NA,NA,NA,NA,NA,NA,NA,NA,NA,NA,NA
32,2025-12-16,3.4,FIA,7.07,0,NA,NA,NA,NA,NA,NA,NA,NA,NA,NA,NA
1,2025-12-23,0.16,FIA,6.13,0.47,NA,NA,NA,NA,NA,NA,NA,NA,NA,NA,NA
2,2025-12-23,0.42,FIA,0.02,0.44,NA,NA,NA,NA,NA,NA,NA,NA,NA,NA,NA
3,2025-12-23,0.04,FIA,9.21,0.44,NA,NA,NA,NA,NA,NA,NA,NA,NA,NA,NA
4,2025-12-23,0.46,FIA,0.15,0.43,NA,NA,NA,NA,NA,NA,NA,NA,NA,NA,NA
5,2025-12-23,0.64,FIA,4.89,0.46,NA,NA,NA,NA,NA,NA,NA,NA,NA,NA,NA
6,2025-12-23,0.46,FIA,0.83,0.41,NA,NA,NA,NA,NA,NA,NA,NA,NA,NA,NA
7,2025-12-23,0,FIA,11.94,0.45,NA,NA,NA,NA,NA,NA,NA,NA,NA,NA,NA
8,2025-12-23,0.28,FIA,6.12,0.41,NA,NA,NA,NA,NA,NA,NA,NA,NA,NA,NA
9,2025-12-23,0.58,FIA,23.32,0.44,NA,NA,NA,NA,NA,NA,NA,NA,NA,NA,NA
10,2025-12-23,0.41,NA,NA,NA,NA,NA,NA,NA,NA,NA,NA,NA,NA,NA,NA
11,2025-12-23,0.51,FIA,11.67,0.43,NA,NA,NA,NA,NA,NA,NA,NA,NA,NA,NA
12,2025-12-23,0.39,FIA,0.25,0.43,NA,NA,NA,NA,NA,NA,NA,NA,NA,NA,NA
13,2025-12-23,0.56,FIA,0.02,0.44,NA,NA,NA,NA,NA,NA,NA,NA,NA,NA,NA
14,2025-12-23,0.46,FIA,6.43,0.45,NA,NA,NA,NA,NA,NA,NA,NA,NA,NA,NA
15,2025-12-23,0.62,FIA,0.37,0.43,NA,NA,NA,NA,NA,NA,NA,NA,NA,NA,NA
16,2025-12-23,0.68,FIA,9.3,0.44,NA,NA,NA,NA,NA,NA,NA,NA,NA,NA,NA
17,2025-12-23,0.62,FIA,16.63,0.44,NA,NA,NA,NA,NA,NA,NA,NA,NA,NA,NA
18,2025-12-23,0.42,FIA,23.86,0.45,NA,NA,NA,NA,NA,NA,NA,NA,NA,NA,NA
19,2025-12-23,0.56,FIA,5.05,0.44,NA,NA,NA,NA,NA,NA,NA,NA,NA,NA,NA
20,2025-12-23,0.38,FIA,13.06,0.44,NA,NA,NA,NA,NA,NA,NA,NA,NA,NA,NA
21,2025-12-23,0.6,FIA,1.14,0.44,NA,NA,NA,NA,NA,NA,NA,NA,NA,NA,NA
22,2025-12-23,0.43,FIA,18.37,0.49,NA,NA,NA,NA,NA,NA,NA,NA,NA,NA,NA
23,2025-12-23,0.6,FIA,43.77,0.48,NA,NA,NA,NA,NA,NA,NA,NA,NA,NA,NA
24,2025-12-23,0.59,FIA,2.61,0.41,NA,NA,NA,NA,NA,NA,NA,NA,NA,NA,NA
25,2025-12-23,0.62,FIA,9.65,0.44,NA,NA,NA,NA,NA,NA,NA,NA,NA,NA,NA
26,2025-12-23,0.43,FIA,1.34,0.43,NA,NA,NA,NA,NA,NA,NA,NA,NA,NA,NA
27,2025-12-23,0.52,FIA,4.33,0.42,NA,NA,NA,NA,NA,NA,NA,NA,NA,NA,NA
28,2025-12-23,0.41,FIA,15.77,0.43,NA,NA,NA,NA,NA,NA,NA,NA,NA,NA,NA
29,2025-12-23,0.34,FIA,0.2,0.42,NA,NA,NA,NA,NA,NA,NA,NA,NA,NA,NA
30,2025-12-23,0.51,NA,NA,NA,NA,NA,NA,NA,NA,NA,NA,NA,NA,NA,NA
31,2025-12-23,0.55,FIA,1.64,0.42,NA,NA,NA,NA,NA,NA,NA,NA,NA,NA,NA
32,2025-12-23,0.38,FIA,3.58,0.67,NA,NA,NA,NA,NA,NA,NA,NA,NA,NA,NA
1,2026-01-05,0.03,FIA,3.37,0.62,NA,NA,NA,NA,NA,NA,NA,NA,NA,NA,NA
2,2026-01-05,0.13,FIA,0.05,0.24,NA,NA,NA,NA,NA,NA,NA,NA,NA,NA,NA
3,2026-01-05,0,FIA,8.27,0.17,NA,NA,NA,NA,NA,NA,NA,NA,NA,NA,NA
4,2026-01-05,0.12,FIA,0.16,0.2,NA,NA,NA,NA,NA,NA,NA,NA,NA,NA,NA
5,2026-01-05,0.49,FIA,3.64,0.16,NA,NA,NA,NA,NA,NA,NA,NA,NA,NA,NA
6,2026-01-05,0.18,FIA,0.46,0.41,NA,NA,NA,NA,NA,NA,NA,NA,NA,NA,NA
7,2026-01-05,0,FIA,9.3,0.17,NA,NA,NA,NA,NA,NA,NA,NA,NA,NA,NA
8,2026-01-05,0.04,FIA,7.83,0.17,NA,NA,NA,NA,NA,NA,NA,NA,NA,NA,NA
9,2026-01-05,0.39,FIA,30.2,0.16,NA,NA,NA,NA,NA,NA,NA,NA,NA,NA,NA
10,2026-01-05,0.13,FIA,0.06,0.16,NA,NA,NA,NA,NA,NA,NA,NA,NA,NA,NA
11,2026-01-05,0.35,FIA,9.71,0.17,NA,NA,NA,NA,NA,NA,NA,NA,NA,NA,NA
12,2026-01-05,0.13,FIA,0.17,0.19,NA,NA,NA,NA,NA,NA,NA,NA,NA,NA,NA
13,2026-01-05,0.39,NA,NA,NA,NA,NA,NA,NA,NA,NA,NA,NA,NA,NA,NA
14,2026-01-05,0.13,FIA,5.14,0.17,NA,NA,NA,NA,NA,NA,NA,NA,NA,NA,NA
15,2026-01-05,0.43,FIA,0.18,0.21,NA,NA,NA,NA,NA,NA,NA,NA,NA,NA,NA
16,2026-01-05,0.28,FIA,6.96,0.15,NA,NA,NA,NA,NA,NA,NA,NA,NA,NA,NA
17,2026-01-05,0.38,FIA,15.3,0.2,NA,NA,NA,NA,NA,NA,NA,NA,NA,NA,NA
18,2026-01-05,0.23,FIA,26.27,0.18,NA,NA,NA,NA,NA,NA,NA,NA,NA,NA,NA
19,2026-01-05,0.37,FIA,4.59,0.26,NA,NA,NA,NA,NA,NA,NA,NA,NA,NA,NA
20,2026-01-05,0,FIA,18.98,0.19,NA,NA,NA,NA,NA,NA,NA,NA,NA,NA,NA
21,2026-01-05,0.4,FIA,0.21,0.18,NA,NA,NA,NA,NA,NA,NA,NA,NA,NA,NA
22,2026-01-05,0.21,NA,NA,NA,NA,NA,NA,NA,NA,NA,NA,NA,NA,NA,NA
23,2026-01-05,0.36,NA,NA,NA,NA,NA,NA,NA,NA,NA,NA,NA,NA,NA,NA
24,2026-01-05,0.21,FIA,2.31,0.28,NA,NA,NA,NA,NA,NA,NA,NA,NA,NA,NA
25,2026-01-05,0.43,FIA,8.41,0.16,NA,NA,NA,NA,NA,NA,NA,NA,NA,NA,NA
26,2026-01-05,0.13,NA,NA,NA,NA,NA,NA,NA,NA,NA,NA,NA,NA,NA,NA
27,2026-01-05,0.25,FIA,3.57,0.22,NA,NA,NA,NA,NA,NA,NA,NA,NA,NA,NA
28,2026-01-05,0.11,FIA,12,0.16,NA,NA,NA,NA,NA,NA,NA,NA,NA,NA,NA
29,2026-01-05,0,FIA,0.08,0.2,NA,NA,NA,NA,NA,NA,NA,NA,NA,NA,NA
30,2026-01-05,0.0900000000000001,NA,NA,NA,NA,NA,NA,NA,NA,NA,NA,NA,NA,NA,NA
31,2026-01-05,0.5,FIA,1.31,0.19,NA,NA,NA,NA,NA,NA,NA,NA,NA,NA,NA
32,2026-01-05,0,FIA,1.25,0.15,NA,NA,NA,NA,NA,NA,NA,NA,NA,NA,NA
1,2026-01-20,1.33,NA,NA,NA,NA,NA,NA,NA,NA,NA,NA,NA,NA,NA,NA
2,2026-01-20,1.79,NA,NA,NA,NA,NA,NA,NA,NA,NA,NA,NA,NA,NA,NA
3,2026-01-20,0,NA,NA,NA,NA,NA,NA,NA,NA,NA,NA,NA,NA,NA,NA
4,2026-01-20,0.01,NA,NA,NA,NA,NA,NA,NA,NA,NA,NA,NA,NA,NA,NA
5,2026-01-20,1.14,NA,NA,NA,NA,NA,NA,NA,NA,NA,NA,NA,NA,NA,NA
6,2026-01-20,1.33,NA,NA,NA,NA,NA,NA,NA,NA,NA,NA,NA,NA,NA,NA
7,2026-01-20,0,NA,NA,NA,NA,NA,NA,NA,NA,NA,NA,NA,NA,NA,NA
8,2026-01-20,1.03,NA,NA,NA,NA,NA,NA,NA,NA,NA,NA,NA,NA,NA,NA
9,2026-01-20,1.97,NA,NA,NA,NA,NA,NA,NA,NA,NA,NA,NA,NA,NA,NA
10,2026-01-20,2.19,NA,NA,NA,NA,NA,NA,NA,NA,NA,NA,NA,NA,NA,NA
11,2026-01-20,1.59,NA,NA,NA,NA,NA,NA,NA,NA,NA,NA,NA,NA,NA,NA
12,2026-01-20,1.4,NA,NA,NA,NA,NA,NA,NA,NA,NA,NA,NA,NA,NA,NA
13,2026-01-20,2.11,NA,NA,NA,NA,NA,NA,NA,NA,NA,NA,NA,NA,NA,NA
14,2026-01-20,1.91,NA,NA,NA,NA,NA,NA,NA,NA,NA,NA,NA,NA,NA,NA
15,2026-01-20,1.7,NA,NA,NA,NA,NA,NA,NA,NA,NA,NA,NA,NA,NA,NA
16,2026-01-20,1.85,NA,NA,NA,NA,NA,NA,NA,NA,NA,NA,NA,NA,NA,NA
17,2026-01-20,2.11,NA,NA,NA,NA,NA,NA,NA,NA,NA,NA,NA,NA,NA,NA
18,2026-01-20,1.03,NA,NA,NA,NA,NA,NA,NA,NA,NA,NA,NA,NA,NA,NA
19,2026-01-20,1.5,NA,NA,NA,NA,NA,NA,NA,NA,NA,NA,NA,NA,NA,NA
20,2026-01-20,0.3,NA,NA,NA,NA,NA,NA,NA,NA,NA,NA,NA,NA,NA,NA
21,2026-01-20,0.72,NA,NA,NA,NA,NA,NA,NA,NA,NA,NA,NA,NA,NA,NA
22,2026-01-20,1.19,NA,NA,NA,NA,NA,NA,NA,NA,NA,NA,NA,NA,NA,NA
23,2026-01-20,0.86,NA,NA,NA,NA,NA,NA,NA,NA,NA,NA,NA,NA,NA,NA
24,2026-01-20,0.71,NA,NA,NA,NA,NA,NA,NA,NA,NA,NA,NA,NA,NA,NA
25,2026-01-20,0.67,NA,NA,NA,NA,NA,NA,NA,NA,NA,NA,NA,NA,NA,NA
26,2026-01-20,0.17,NA,NA,NA,NA,NA,NA,NA,NA,NA,NA,NA,NA,NA,NA
27,2026-01-20,1.81,NA,NA,NA,NA,NA,NA,NA,NA,NA,NA,NA,NA,NA,NA
28,2026-01-20,1.81,NA,NA,NA,NA,NA,NA,NA,NA,NA,NA,NA,NA,NA,NA
29,2026-01-20,0.9,NA,NA,NA,NA,NA,NA,NA,NA,NA,NA,NA,NA,NA,NA
30,2026-01-20,1.17,NA,NA,NA,NA,NA,NA,NA,NA,NA,NA,NA,NA,NA,NA
31,2026-01-20,2.42,NA,NA,NA,NA,NA,NA,NA,NA,NA,NA,NA,NA,NA,NA
32,2026-01-20,3.15,NA,NA,NA,NA,NA,NA,NA,NA,NA,NA,NA,NA,NA,NA
1,2026-01-27,0.0900000000000001,NA,NA,NA,NA,NA,NA,NA,NA,NA,NA,NA,NA,NA,NA
2,2026-01-27,2.13,NA,NA,NA,NA,NA,NA,NA,NA,NA,NA,NA,NA,NA,NA
3,2026-01-27,0,NA,NA,NA,NA,NA,NA,NA,NA,NA,NA,NA,NA,NA,NA
4,2026-01-27,1.59,NA,NA,NA,NA,NA,NA,NA,NA,NA,NA,NA,NA,NA,NA
5,2026-01-27,0.68,NA,NA,NA,NA,NA,NA,NA,NA,NA,NA,NA,NA,NA,NA
6,2026-01-27,1.14,NA,NA,NA,NA,NA,NA,NA,NA,NA,NA,NA,NA,NA,NA
7,2026-01-27,0,NA,NA,NA,NA,NA,NA,NA,NA,NA,NA,NA,NA,NA,NA
8,2026-01-27,1.24,NA,NA,NA,NA,NA,NA,NA,NA,NA,NA,NA,NA,NA,NA
9,2026-01-27,0.47,NA,NA,NA,NA,NA,NA,NA,NA,NA,NA,NA,NA,NA,NA
10,2026-01-27,1.16,NA,NA,NA,NA,NA,NA,NA,NA,NA,NA,NA,NA,NA,NA
11,2026-01-27,0.53,NA,NA,NA,NA,NA,NA,NA,NA,NA,NA,NA,NA,NA,NA
12,2026-01-27,0.97,NA,NA,NA,NA,NA,NA,NA,NA,NA,NA,NA,NA,NA,NA
13,2026-01-27,0.43,NA,NA,NA,NA,NA,NA,NA,NA,NA,NA,NA,NA,NA,NA
14,2026-01-27,0.87,NA,NA,NA,NA,NA,NA,NA,NA,NA,NA,NA,NA,NA,NA
15,2026-01-27,0.76,NA,NA,NA,NA,NA,NA,NA,NA,NA,NA,NA,NA,NA,NA
16,2026-01-27,1.39,NA,NA,NA,NA,NA,NA,NA,NA,NA,NA,NA,NA,NA,NA
17,2026-01-27,0.3,NA,NA,NA,NA,NA,NA,NA,NA,NA,NA,NA,NA,NA,NA
18,2026-01-27,1.98,NA,NA,NA,NA,NA,NA,NA,NA,NA,NA,NA,NA,NA,NA
19,2026-01-27,0.41,NA,NA,NA,NA,NA,NA,NA,NA,NA,NA,NA,NA,NA,NA
20,2026-01-27,1.35,NA,NA,NA,NA,NA,NA,NA,NA,NA,NA,NA,NA,NA,NA
21,2026-01-27,0.6,NA,NA,NA,NA,NA,NA,NA,NA,NA,NA,NA,NA,NA,NA
22,2026-01-27,0.95,NA,NA,NA,NA,NA,NA,NA,NA,NA,NA,NA,NA,NA,NA
23,2026-01-27,0.44,NA,NA,NA,NA,NA,NA,NA,NA,NA,NA,NA,NA,NA,NA
24,2026-01-27,1.68,NA,NA,NA,NA,NA,NA,NA,NA,NA,NA,NA,NA,NA,NA
25,2026-01-27,0.28,NA,NA,NA,NA,NA,NA,NA,NA,NA,NA,NA,NA,NA,NA
26,2026-01-27,1.07,NA,NA,NA,NA,NA,NA,NA,NA,NA,NA,NA,NA,NA,NA
27,2026-01-27,0.51,NA,NA,NA,NA,NA,NA,NA,NA,NA,NA,NA,NA,NA,NA
28,2026-01-27,0.81,NA,NA,NA,NA,NA,NA,NA,NA,NA,NA,NA,NA,NA,NA
29,2026-01-27,0.43,NA,NA,NA,NA,NA,NA,NA,NA,NA,NA,NA,NA,NA,NA
30,2026-01-27,0.77,NA,NA,NA,NA,NA,NA,NA,NA,NA,NA,NA,NA,NA,NA
31,2026-01-27,0.68,NA,NA,NA,NA,NA,NA,NA,NA,NA,NA,NA,NA,NA,NA
32,2026-01-27,1.69,NA,NA,NA,NA,NA,NA,NA,NA,NA,NA,NA,NA,NA,NA
1,2026-02-03,4.29,NA,NA,NA,NA,NA,NA,NA,NA,NA,NA,NA,NA,NA,NA
2,2026-02-03,6.66,NA,NA,NA,NA,NA,NA,NA,NA,NA,NA,NA,NA,NA,NA
3,2026-02-03,3.63,NA,NA,NA,NA,NA,NA,NA,NA,NA,NA,NA,NA,NA,NA
4,2026-02-03,7.36,NA,NA,NA,NA,NA,NA,NA,NA,NA,NA,NA,NA,NA,NA
5,2026-02-03,6.08,NA,NA,NA,NA,NA,NA,NA,NA,NA,NA,NA,NA,NA,NA
6,2026-02-03,6.3,NA,NA,NA,NA,NA,NA,NA,NA,NA,NA,NA,NA,NA,NA
7,2026-02-03,1.03,NA,NA,NA,NA,NA,NA,NA,NA,NA,NA,NA,NA,NA,NA
8,2026-02-03,7.26,NA,NA,NA,NA,NA,NA,NA,NA,NA,NA,NA,NA,NA,NA
9,2026-02-03,5.2,NA,NA,NA,NA,NA,NA,NA,NA,NA,NA,NA,NA,NA,NA
10,2026-02-03,7.31,NA,NA,NA,NA,NA,NA,NA,NA,NA,NA,NA,NA,NA,NA
11,2026-02-03,5.2,NA,NA,NA,NA,NA,NA,NA,NA,NA,NA,NA,NA,NA,NA
12,2026-02-03,7.25,NA,NA,NA,NA,NA,NA,NA,NA,NA,NA,NA,NA,NA,NA
13,2026-02-03,5.1,NA,NA,NA,NA,NA,NA,NA,NA,NA,NA,NA,NA,NA,NA
14,2026-02-03,7.2,NA,NA,NA,NA,NA,NA,NA,NA,NA,NA,NA,NA,NA,NA
15,2026-02-03,5.97,NA,NA,NA,NA,NA,NA,NA,NA,NA,NA,NA,NA,NA,NA
16,2026-02-03,7.43,NA,NA,NA,NA,NA,NA,NA,NA,NA,NA,NA,NA,NA,NA
17,2026-02-03,4.82,NA,NA,NA,NA,NA,NA,NA,NA,NA,NA,NA,NA,NA,NA
18,2026-02-03,6.87,NA,NA,NA,NA,NA,NA,NA,NA,NA,NA,NA,NA,NA,NA
19,2026-02-03,4.33,NA,NA,NA,NA,NA,NA,NA,NA,NA,NA,NA,NA,NA,NA
20,2026-02-03,7.29,NA,NA,NA,NA,NA,NA,NA,NA,NA,NA,NA,NA,NA,NA
21,2026-02-03,5.95,NA,NA,NA,NA,NA,NA,NA,NA,NA,NA,NA,NA,NA,NA
22,2026-02-03,6.84,NA,NA,NA,NA,NA,NA,NA,NA,NA,NA,NA,NA,NA,NA
23,2026-02-03,5.58,NA,NA,NA,NA,NA,NA,NA,NA,NA,NA,NA,NA,NA,NA
24,2026-02-03,7.55,NA,NA,NA,NA,NA,NA,NA,NA,NA,NA,NA,NA,NA,NA
25,2026-02-03,5.23,NA,NA,NA,NA,NA,NA,NA,NA,NA,NA,NA,NA,NA,NA
26,2026-02-03,8.04,NA,NA,NA,NA,NA,NA,NA,NA,NA,NA,NA,NA,NA,NA
27,2026-02-03,5.36,NA,NA,NA,NA,NA,NA,NA,NA,NA,NA,NA,NA,NA,NA
28,2026-02-03,7.2,NA,NA,NA,NA,NA,NA,NA,NA,NA,NA,NA,NA,NA,NA
29,2026-02-03,6.21,NA,NA,NA,NA,NA,NA,NA,NA,NA,NA,NA,NA,NA,NA
30,2026-02-03,7.53,NA,NA,NA,NA,NA,NA,NA,NA,NA,NA,NA,NA,NA,NA
31,2026-02-03,6.33,NA,NA,NA,NA,NA,NA,NA,NA,NA,NA,NA,NA,NA,NA
32,2026-02-03,4.71,NA,NA,NA,NA,NA,NA,NA,NA,NA,NA,NA,NA,NA,NA
1,2026-02-10,0.78,NA,NA,NA,NA,NA,NA,NA,NA,NA,NA,NA,NA,NA,NA
2,2026-02-10,1.21,NA,NA,NA,NA,NA,NA,NA,NA,NA,NA,NA,NA,NA,NA
3,2026-02-10,0.31,NA,NA,NA,NA,NA,NA,NA,NA,NA,NA,NA,NA,NA,NA
4,2026-02-10,1.48,NA,NA,NA,NA,NA,NA,NA,NA,NA,NA,NA,NA,NA,NA
5,2026-02-10,1.65,NA,NA,NA,NA,NA,NA,NA,NA,NA,NA,NA,NA,NA,NA
6,2026-02-10,1.16,NA,NA,NA,NA,NA,NA,NA,NA,NA,NA,NA,NA,NA,NA
7,2026-02-10,0,NA,NA,NA,NA,NA,NA,NA,NA,NA,NA,NA,NA,NA,NA
8,2026-02-10,1.58,NA,NA,NA,NA,NA,NA,NA,NA,NA,NA,NA,NA,NA,NA
9,2026-02-10,1.68,NA,NA,NA,NA,NA,NA,NA,NA,NA,NA,NA,NA,NA,NA
10,2026-02-10,1.77,NA,NA,NA,NA,NA,NA,NA,NA,NA,NA,NA,NA,NA,NA
11,2026-02-10,1.47,NA,NA,NA,NA,NA,NA,NA,NA,NA,NA,NA,NA,NA,NA
12,2026-02-10,1.58,NA,NA,NA,NA,NA,NA,NA,NA,NA,NA,NA,NA,NA,NA
13,2026-02-10,1.85,NA,NA,NA,NA,NA,NA,NA,NA,NA,NA,NA,NA,NA,NA
14,2026-02-10,1.67,NA,NA,NA,NA,NA,NA,NA,NA,NA,NA,NA,NA,NA,NA
15,2026-02-10,2,NA,NA,NA,NA,NA,NA,NA,NA,NA,NA,NA,NA,NA,NA
16,2026-02-10,1.48,NA,NA,NA,NA,NA,NA,NA,NA,NA,NA,NA,NA,NA,NA
17,2026-02-10,1.81,NA,NA,NA,NA,NA,NA,NA,NA,NA,NA,NA,NA,NA,NA
18,2026-02-10,1.53,NA,NA,NA,NA,NA,NA,NA,NA,NA,NA,NA,NA,NA,NA
19,2026-02-10,1.59,NA,NA,NA,NA,NA,NA,NA,NA,NA,NA,NA,NA,NA,NA
20,2026-02-10,1.88,NA,NA,NA,NA,NA,NA,NA,NA,NA,NA,NA,NA,NA,NA
21,2026-02-10,1.82,NA,NA,NA,NA,NA,NA,NA,NA,NA,NA,NA,NA,NA,NA
22,2026-02-10,1.32,NA,NA,NA,NA,NA,NA,NA,NA,NA,NA,NA,NA,NA,NA
23,2026-02-10,1.97,NA,NA,NA,NA,NA,NA,NA,NA,NA,NA,NA,NA,NA,NA
24,2026-02-10,1.66,NA,NA,NA,NA,NA,NA,NA,NA,NA,NA,NA,NA,NA,NA
25,2026-02-10,1.93,NA,NA,NA,NA,NA,NA,NA,NA,NA,NA,NA,NA,NA,NA
26,2026-02-10,1.91,NA,NA,NA,NA,NA,NA,NA,NA,NA,NA,NA,NA,NA,NA
27,2026-02-10,1.5,NA,NA,NA,NA,NA,NA,NA,NA,NA,NA,NA,NA,NA,NA
28,2026-02-10,1.53,NA,NA,NA,NA,NA,NA,NA,NA,NA,NA,NA,NA,NA,NA
29,2026-02-10,1.65,NA,NA,NA,NA,NA,NA,NA,NA,NA,NA,NA,NA,NA,NA
30,2026-02-10,1.67,NA,NA,NA,NA,NA,NA,NA,NA,NA,NA,NA,NA,NA,NA
31,2026-02-10,1.46,NA,NA,NA,NA,NA,NA,NA,NA,NA,NA,NA,NA,NA,NA
32,2026-02-10,0.91,NA,NA,NA,NA,NA,NA,NA,NA,NA,NA,NA,NA,NA,NA
1,2026-02-17,8.48,NA,NA,NA,NA,NA,NA,NA,NA,NA,NA,NA,NA,NA,NA
2,2026-02-17,11.29,NA,NA,NA,NA,NA,NA,NA,NA,NA,NA,NA,NA,NA,NA
3,2026-02-17,8.42,NA,NA,NA,NA,NA,NA,NA,NA,NA,NA,NA,NA,NA,NA
4,2026-02-17,11.09,NA,NA,NA,NA,NA,NA,NA,NA,NA,NA,NA,NA,NA,NA
5,2026-02-17,10.94,NA,NA,NA,NA,NA,NA,NA,NA,NA,NA,NA,NA,NA,NA
6,2026-02-17,10.76,NA,NA,NA,NA,NA,NA,NA,NA,NA,NA,NA,NA,NA,NA
7,2026-02-17,7.05,NA,NA,NA,NA,NA,NA,NA,NA,NA,NA,NA,NA,NA,NA
8,2026-02-17,11.8,NA,NA,NA,NA,NA,NA,NA,NA,NA,NA,NA,NA,NA,NA
9,2026-02-17,11.22,NA,NA,NA,NA,NA,NA,NA,NA,NA,NA,NA,NA,NA,NA
10,2026-02-17,11.98,NA,NA,NA,NA,NA,NA,NA,NA,NA,NA,NA,NA,NA,NA
11,2026-02-17,11.5,NA,NA,NA,NA,NA,NA,NA,NA,NA,NA,NA,NA,NA,NA
12,2026-02-17,11.12,NA,NA,NA,NA,NA,NA,NA,NA,NA,NA,NA,NA,NA,NA
13,2026-02-17,11.68,NA,NA,NA,NA,NA,NA,NA,NA,NA,NA,NA,NA,NA,NA
14,2026-02-17,11.46,NA,NA,NA,NA,NA,NA,NA,NA,NA,NA,NA,NA,NA,NA
15,2026-02-17,11.16,NA,NA,NA,NA,NA,NA,NA,NA,NA,NA,NA,NA,NA,NA
16,2026-02-17,11.52,NA,NA,NA,NA,NA,NA,NA,NA,NA,NA,NA,NA,NA,NA
17,2026-02-17,10.09,NA,NA,NA,NA,NA,NA,NA,NA,NA,NA,NA,NA,NA,NA
18,2026-02-17,12.81,NA,NA,NA,NA,NA,NA,NA,NA,NA,NA,NA,NA,NA,NA
19,2026-02-17,11.54,NA,NA,NA,NA,NA,NA,NA,NA,NA,NA,NA,NA,NA,NA
20,2026-02-17,11.51,NA,NA,NA,NA,NA,NA,NA,NA,NA,NA,NA,NA,NA,NA
21,2026-02-17,11.92,NA,NA,NA,NA,NA,NA,NA,NA,NA,NA,NA,NA,NA,NA
22,2026-02-17,10.96,NA,NA,NA,NA,NA,NA,NA,NA,NA,NA,NA,NA,NA,NA
23,2026-02-17,11.49,NA,NA,NA,NA,NA,NA,NA,NA,NA,NA,NA,NA,NA,NA
24,2026-02-17,11.8,NA,NA,NA,NA,NA,NA,NA,NA,NA,NA,NA,NA,NA,NA
25,2026-02-17,10.63,NA,NA,NA,NA,NA,NA,NA,NA,NA,NA,NA,NA,NA,NA
26,2026-02-17,11.65,NA,NA,NA,NA,NA,NA,NA,NA,NA,NA,NA,NA,NA,NA
27,2026-02-17,10.54,NA,NA,NA,NA,NA,NA,NA,NA,NA,NA,NA,NA,NA,NA
28,2026-02-17,11.41,NA,NA,NA,NA,NA,NA,NA,NA,NA,NA,NA,NA,NA,NA
29,2026-02-17,11.31,NA,NA,NA,NA,NA,NA,NA,NA,NA,NA,NA,NA,NA,NA
30,2026-02-17,11.49,NA,NA,NA,NA,NA,NA,NA,NA,NA,NA,NA,NA,NA,NA
31,2026-02-17,12.21,NA,NA,NA,NA,NA,NA,NA,NA,NA,NA,NA,NA,NA,NA
32,2026-02-17,11.4,NA,NA,NA,NA,NA,NA,NA,NA,NA,NA,NA,NA,NA,NA
